ISO-10303-21;
HEADER;
FILE_DESCRIPTION(('KiCad electronic assembly'),'2;1');
FILE_NAME('sideLine_V3.step','2025-11-28T17:07:40',('Pcbnew'),('Kicad'),
  'Open CASCADE STEP processor 7.7','KiCad to STEP converter','Unknown'
  );
FILE_SCHEMA(('AUTOMOTIVE_DESIGN { 1 0 10303 214 1 1 1 1 }'));
ENDSEC;
DATA;
#1 = APPLICATION_PROTOCOL_DEFINITION('international standard',
  'automotive_design',2000,#2);
#2 = APPLICATION_CONTEXT(
  'core data for automotive mechanical design processes');
#3 = SHAPE_DEFINITION_REPRESENTATION(#4,#10);
#4 = PRODUCT_DEFINITION_SHAPE('','',#5);
#5 = PRODUCT_DEFINITION('design','',#6,#9);
#6 = PRODUCT_DEFINITION_FORMATION('','',#7);
#7 = PRODUCT('sideLine_V3 1','sideLine_V3 1','',(#8));
#8 = PRODUCT_CONTEXT('',#2,'mechanical');
#9 = PRODUCT_DEFINITION_CONTEXT('part definition',#2,'design');
#10 = SHAPE_REPRESENTATION('',(#11,#15,#19,#23,#27,#31,#35,#39,#43,#47,
    #51,#55,#59,#63,#67,#71,#75,#79,#83,#87,#91,#95,#99,#103,#107,#111,
    #115,#119,#123,#127,#131,#135,#139,#143,#147,#151,#155,#159,#163,
    #167,#171,#175,#179,#183,#187,#191,#195,#199,#203,#207,#211,#215,
    #219,#223,#227,#231,#235,#239,#243,#247,#251,#255,#259,#263,#267,
    #271,#275,#279),#283);
#11 = AXIS2_PLACEMENT_3D('',#12,#13,#14);
#12 = CARTESIAN_POINT('',(0.,0.,0.));
#13 = DIRECTION('',(0.,0.,1.));
#14 = DIRECTION('',(1.,0.,-0.));
#15 = AXIS2_PLACEMENT_3D('',#16,#17,#18);
#16 = CARTESIAN_POINT('',(258.033524,-136.902518,1.65));
#17 = DIRECTION('',(-0.,0.,1.));
#18 = DIRECTION('',(0.953716950748,-0.300705799504,0.));
#19 = AXIS2_PLACEMENT_3D('',#20,#21,#22);
#20 = CARTESIAN_POINT('',(239.446708,-103.8506,1.65));
#21 = DIRECTION('',(0.,0.,1.));
#22 = DIRECTION('',(1.,0.,0.));
#23 = AXIS2_PLACEMENT_3D('',#24,#25,#26);
#24 = CARTESIAN_POINT('',(235.021708,-97.8306,1.65));
#25 = DIRECTION('',(0.,0.,1.));
#26 = DIRECTION('',(-1.,1.224646799147E-16,0.));
#27 = AXIS2_PLACEMENT_3D('',#28,#29,#30);
#28 = CARTESIAN_POINT('',(260.414242,-79.76386,1.65));
#29 = DIRECTION('',(0.,0.,1.));
#30 = DIRECTION('',(-0.984807753012,-0.173648177667,0.));
#31 = AXIS2_PLACEMENT_3D('',#32,#33,#34);
#32 = CARTESIAN_POINT('',(262.144847,-107.198697,1.65));
#33 = DIRECTION('',(0.,-0.,1.));
#34 = DIRECTION('',(8.715574274766E-02,0.996194698092,0.));
#35 = AXIS2_PLACEMENT_3D('',#36,#37,#38);
#36 = CARTESIAN_POINT('',(262.01,-93.52,1.65));
#37 = DIRECTION('',(-0.,0.,1.));
#38 = DIRECTION('',(8.715574274766E-02,-0.996194698092,0.));
#39 = AXIS2_PLACEMENT_3D('',#40,#41,#42);
#40 = CARTESIAN_POINT('',(265.272498,-92.640672,1.65));
#41 = DIRECTION('',(0.,0.,1.));
#42 = DIRECTION('',(1.,0.,0.));
#43 = AXIS2_PLACEMENT_3D('',#44,#45,#46);
#44 = CARTESIAN_POINT('',(254.450967,-128.772003,1.65));
#45 = DIRECTION('',(0.,-0.,1.));
#46 = DIRECTION('',(0.300705799504,0.953716950748,0.));
#47 = AXIS2_PLACEMENT_3D('',#48,#49,#50);
#48 = CARTESIAN_POINT('',(257.536988,-68.686491,1.65));
#49 = DIRECTION('',(-0.,0.,1.));
#50 = DIRECTION('',(0.300705799504,-0.953716950748,0.));
#51 = AXIS2_PLACEMENT_3D('',#52,#53,#54);
#52 = CARTESIAN_POINT('',(253.436708,-131.9606,1.65));
#53 = DIRECTION('',(0.,-0.,1.));
#54 = DIRECTION('',(0.300705799504,0.953716950748,0.));
#55 = AXIS2_PLACEMENT_3D('',#56,#57,#58);
#56 = CARTESIAN_POINT('',(235.151708,-101.0006,1.65));
#57 = DIRECTION('',(0.,-0.,1.));
#58 = DIRECTION('',(1.110223024625E-16,1.,0.));
#59 = AXIS2_PLACEMENT_3D('',#60,#61,#62);
#60 = CARTESIAN_POINT('',(259.426708,-75.1606,1.65));
#61 = DIRECTION('',(0.,0.,1.));
#62 = DIRECTION('',(-0.953716950748,-0.300705799504,0.));
#63 = AXIS2_PLACEMENT_3D('',#64,#65,#66);
#64 = CARTESIAN_POINT('',(261.498418,-113.96585,1.65));
#65 = DIRECTION('',(0.,0.,1.));
#66 = DIRECTION('',(-0.13052619222,-0.991444861374,0.));
#67 = AXIS2_PLACEMENT_3D('',#68,#69,#70);
#68 = CARTESIAN_POINT('',(256.286708,-138.6106,1.65));
#69 = DIRECTION('',(0.,0.,1.));
#70 = DIRECTION('',(-0.939692620786,0.342020143326,0.));
#71 = AXIS2_PLACEMENT_3D('',#72,#73,#74);
#72 = CARTESIAN_POINT('',(260.693524,-128.032518,1.65));
#73 = DIRECTION('',(0.,0.,1.));
#74 = DIRECTION('',(-0.953716950748,0.300705799504,0.));
#75 = AXIS2_PLACEMENT_3D('',#76,#77,#78);
#76 = CARTESIAN_POINT('',(257.966708,-100.2606,1.65));
#77 = DIRECTION('',(0.,-0.,1.));
#78 = DIRECTION('',(1.110223024625E-16,1.,0.));
#79 = AXIS2_PLACEMENT_3D('',#80,#81,#82);
#80 = CARTESIAN_POINT('',(255.496708,-124.8806,1.65));
#81 = DIRECTION('',(0.,0.,1.));
#82 = DIRECTION('',(-0.258819045103,-0.965925826289,0.));
#83 = AXIS2_PLACEMENT_3D('',#84,#85,#86);
#84 = CARTESIAN_POINT('',(253.33819,-67.953406,1.65));
#85 = DIRECTION('',(0.,0.,1.));
#86 = DIRECTION('',(-0.300705799504,0.953716950748,0.));
#87 = AXIS2_PLACEMENT_3D('',#88,#89,#90);
#88 = CARTESIAN_POINT('',(261.498418,-86.55535,1.65));
#89 = DIRECTION('',(-0.,0.,1.));
#90 = DIRECTION('',(0.13052619222,-0.991444861374,0.));
#91 = AXIS2_PLACEMENT_3D('',#92,#93,#94);
#92 = CARTESIAN_POINT('',(264.969024,-116.078542,1.65));
#93 = DIRECTION('',(0.,-0.,1.));
#94 = DIRECTION('',(0.13052619222,0.991444861374,0.));
#95 = AXIS2_PLACEMENT_3D('',#96,#97,#98);
#96 = CARTESIAN_POINT('',(251.961708,-96.7706,1.65));
#97 = DIRECTION('',(0.,0.,1.));
#98 = DIRECTION('',(-1.,1.224646799147E-16,0.));
#99 = AXIS2_PLACEMENT_3D('',#100,#101,#102);
#100 = CARTESIAN_POINT('',(257.563761,-85.301617,1.65));
#101 = DIRECTION('',(0.,0.,1.));
#102 = DIRECTION('',(-0.13052619222,0.991444861374,0.));
#103 = AXIS2_PLACEMENT_3D('',#104,#105,#106);
#104 = CARTESIAN_POINT('',(258.694173,-107.383665,1.65));
#105 = DIRECTION('',(0.,0.,1.));
#106 = DIRECTION('',(-8.715574274766E-02,-0.996194698092,0.));
#107 = AXIS2_PLACEMENT_3D('',#108,#109,#110);
#108 = CARTESIAN_POINT('',(255.396708,-103.3656,1.65));
#109 = DIRECTION('',(-0.,0.,1.));
#110 = DIRECTION('',(1.110223024625E-16,-1.,0.));
#111 = AXIS2_PLACEMENT_3D('',#112,#113,#114);
#112 = CARTESIAN_POINT('',(255.588185,-75.667933,1.65));
#113 = DIRECTION('',(0.,0.,1.));
#114 = DIRECTION('',(-0.258819045103,0.965925826289,0.));
#115 = AXIS2_PLACEMENT_3D('',#116,#117,#118);
#116 = CARTESIAN_POINT('',(250.396708,-100.2606,1.65));
#117 = DIRECTION('',(0.,0.,1.));
#118 = DIRECTION('',(1.,0.,0.));
#119 = AXIS2_PLACEMENT_3D('',#120,#121,#122);
#120 = CARTESIAN_POINT('',(248.671708,-96.7506,1.65));
#121 = DIRECTION('',(0.,0.,1.));
#122 = DIRECTION('',(1.,0.,0.));
#123 = AXIS2_PLACEMENT_3D('',#124,#125,#126);
#124 = CARTESIAN_POINT('',(265.431708,-87.9206,1.65));
#125 = DIRECTION('',(0.,0.,1.));
#126 = DIRECTION('',(-0.13052619222,0.991444861374,0.));
#127 = AXIS2_PLACEMENT_3D('',#128,#129,#130);
#128 = CARTESIAN_POINT('',(256.329819,-62.104126,1.65));
#129 = DIRECTION('',(0.,0.,1.));
#130 = DIRECTION('',(-0.965925826289,-0.258819045103,0.));
#131 = AXIS2_PLACEMENT_3D('',#132,#133,#134);
#132 = CARTESIAN_POINT('',(265.359024,-112.818542,1.65));
#133 = DIRECTION('',(0.,0.,1.));
#134 = DIRECTION('',(-0.13052619222,-0.991444861374,0.));
#135 = AXIS2_PLACEMENT_3D('',#136,#137,#138);
#136 = CARTESIAN_POINT('',(257.996708,-88.6206,1.65));
#137 = DIRECTION('',(-0.,0.,1.));
#138 = DIRECTION('',(0.13052619222,-0.991444861374,0.));
#139 = AXIS2_PLACEMENT_3D('',#140,#141,#142);
#140 = CARTESIAN_POINT('',(262.06479,-72.817416,1.65));
#141 = DIRECTION('',(-0.,0.,1.));
#142 = DIRECTION('',(0.300705799504,-0.953716950748,0.));
#143 = AXIS2_PLACEMENT_3D('',#144,#145,#146);
#144 = CARTESIAN_POINT('',(257.536988,-131.834709,1.65));
#145 = DIRECTION('',(0.,0.,1.));
#146 = DIRECTION('',(-0.300705799504,-0.953716950748,0.));
#147 = AXIS2_PLACEMENT_3D('',#148,#149,#150);
#148 = CARTESIAN_POINT('',(240.396708,-100.2606,1.65));
#149 = DIRECTION('',(0.,0.,1.));
#150 = DIRECTION('',(-1.,1.224646799147E-16,0.));
#151 = AXIS2_PLACEMENT_3D('',#152,#153,#154);
#152 = CARTESIAN_POINT('',(258.596708,-93.0606,1.65));
#153 = DIRECTION('',(0.,0.,1.));
#154 = DIRECTION('',(-8.715574274766E-02,0.996194698092,0.));
#155 = AXIS2_PLACEMENT_3D('',#156,#157,#158);
#156 = CARTESIAN_POINT('',(258.029655,-111.901617,1.65));
#157 = DIRECTION('',(0.,-0.,1.));
#158 = DIRECTION('',(0.13052619222,0.991444861374,0.));
#159 = AXIS2_PLACEMENT_3D('',#160,#161,#162);
#160 = CARTESIAN_POINT('',(254.386708,-71.1906,1.65));
#161 = DIRECTION('',(-0.,0.,1.));
#162 = DIRECTION('',(0.300705799504,-0.953716950748,0.));
#163 = AXIS2_PLACEMENT_3D('',#164,#165,#166);
#164 = CARTESIAN_POINT('',(259.369819,-125.277074,1.65));
#165 = DIRECTION('',(0.,0.,1.));
#166 = DIRECTION('',(-0.965925826289,0.258819045103,0.));
#167 = AXIS2_PLACEMENT_3D('',#168,#169,#170);
#168 = CARTESIAN_POINT('',(264.959024,-84.432658,1.65));
#169 = DIRECTION('',(-0.,0.,1.));
#170 = DIRECTION('',(0.13052619222,-0.991444861374,0.));
#171 = AXIS2_PLACEMENT_3D('',#172,#173,#174);
#172 = CARTESIAN_POINT('',(258.243524,-63.722518,1.65));
#173 = DIRECTION('',(0.,0.,1.));
#174 = DIRECTION('',(-0.953716950748,-0.300705799504,0.));
#175 = AXIS2_PLACEMENT_3D('',#176,#177,#178);
#176 = CARTESIAN_POINT('',(257.543761,-115.279583,1.65));
#177 = DIRECTION('',(0.,0.,1.));
#178 = DIRECTION('',(-0.13052619222,-0.991444861374,0.));
#179 = AXIS2_PLACEMENT_3D('',#180,#181,#182);
#180 = CARTESIAN_POINT('',(260.434242,-120.64734,1.65));
#181 = DIRECTION('',(0.,0.,1.));
#182 = DIRECTION('',(-0.984807753012,0.173648177667,0.));
#183 = AXIS2_PLACEMENT_3D('',#184,#185,#186);
#184 = CARTESIAN_POINT('',(245.406708,-97.2656,1.65));
#185 = DIRECTION('',(0.,-0.,1.));
#186 = DIRECTION('',(1.110223024625E-16,1.,0.));
#187 = AXIS2_PLACEMENT_3D('',#188,#189,#190);
#188 = CARTESIAN_POINT('',(232.419208,-100.2606,-5.E-02));
#189 = DIRECTION('',(1.224646799147E-16,-1.359631073447E-32,-1.));
#190 = DIRECTION('',(1.110223024625E-16,1.,0.));
#191 = AXIS2_PLACEMENT_3D('',#192,#193,#194);
#192 = CARTESIAN_POINT('',(261.498418,-86.55535,-5.E-02));
#193 = DIRECTION('',(-1.598484835072E-17,1.214169776013E-16,-1.));
#194 = DIRECTION('',(-0.991444861374,-0.13052619222,0.));
#195 = AXIS2_PLACEMENT_3D('',#196,#197,#198);
#196 = CARTESIAN_POINT('',(247.396708,-100.2606,-5.E-02));
#197 = DIRECTION('',(-1.224646799147E-16,-1.359631073447E-32,-1.));
#198 = DIRECTION('',(1.110223024625E-16,-1.,0.));
#199 = AXIS2_PLACEMENT_3D('',#200,#201,#202);
#200 = CARTESIAN_POINT('',(242.419208,-100.2606,-5.E-02));
#201 = DIRECTION('',(1.224646799147E-16,-1.359631073447E-32,-1.));
#202 = DIRECTION('',(1.110223024625E-16,1.,0.));
#203 = AXIS2_PLACEMENT_3D('',#204,#205,#206);
#204 = CARTESIAN_POINT('',(259.907789,-77.534441,-5.E-02));
#205 = DIRECTION('',(-2.65062080418E-17,1.19561778014E-16,-1.));
#206 = DIRECTION('',(-0.97629600712,-0.216439613938,0.));
#207 = AXIS2_PLACEMENT_3D('',#208,#209,#210);
#208 = CARTESIAN_POINT('',(261.997151,-109.411953,-5.E-02));
#209 = DIRECTION('',(1.067350013832E-17,1.219986648346E-16,-1.));
#210 = DIRECTION('',(-0.996194698092,8.715574274766E-02,0.));
#211 = AXIS2_PLACEMENT_3D('',#212,#213,#214);
#212 = CARTESIAN_POINT('',(262.396708,-100.2606,-5.E-02));
#213 = DIRECTION('',(1.224646799147E-16,-1.359631073447E-32,-1.));
#214 = DIRECTION('',(1.110223024625E-16,1.,0.));
#215 = AXIS2_PLACEMENT_3D('',#216,#217,#218);
#216 = CARTESIAN_POINT('',(261.997151,-91.109247,-5.E-02));
#217 = DIRECTION('',(-1.067350013832E-17,1.219986648346E-16,-1.));
#218 = DIRECTION('',(-0.996194698092,-8.715574274766E-02,0.));
#219 = AXIS2_PLACEMENT_3D('',#220,#221,#222);
#220 = CARTESIAN_POINT('',(261.498418,-113.96585,-5.E-02));
#221 = DIRECTION('',(1.598484835072E-17,1.214169776013E-16,-1.));
#222 = DIRECTION('',(-0.991444861374,0.13052619222,0.));
#223 = AXIS2_PLACEMENT_3D('',#224,#225,#226);
#224 = CARTESIAN_POINT('',(258.81892,-127.4366,-5.E-02));
#225 = DIRECTION('',(3.169619151432E-17,1.182917971379E-16,-1.));
#226 = DIRECTION('',(-0.965925826289,0.258819045103,0.));
#227 = AXIS2_PLACEMENT_3D('',#228,#229,#230);
#228 = CARTESIAN_POINT('',(257.536988,-131.834709,-5.E-02));
#229 = DIRECTION('',(3.68258394848E-17,1.167966411026E-16,-1.));
#230 = DIRECTION('',(-0.953716950748,0.300705799504,0.));
#231 = AXIS2_PLACEMENT_3D('',#232,#233,#234);
#232 = CARTESIAN_POINT('',(256.064433,-64.348485,-5.E-02));
#233 = DIRECTION('',(-3.169619151432E-17,1.182917971379E-16,-1.));
#234 = DIRECTION('',(-0.965925826289,-0.258819045103,0.));
#235 = AXIS2_PLACEMENT_3D('',#236,#237,#238);
#236 = CARTESIAN_POINT('',(259.907789,-122.986759,-5.E-02));
#237 = DIRECTION('',(2.65062080418E-17,1.19561778014E-16,-1.));
#238 = DIRECTION('',(-0.97629600712,0.216439613938,0.));
#239 = AXIS2_PLACEMENT_3D('',#240,#241,#242);
#240 = CARTESIAN_POINT('',(262.296771,-95.680564,-5.E-02));
#241 = DIRECTION('',(-5.341834311773E-18,1.223481206754E-16,-1.));
#242 = DIRECTION('',(-0.999048221582,-4.361938736534E-02,0.));
#243 = AXIS2_PLACEMENT_3D('',#244,#245,#246);
#244 = CARTESIAN_POINT('',(260.801522,-118.493659,-5.E-02));
#245 = DIRECTION('',(2.126576849576E-17,1.206041662502E-16,-1.));
#246 = DIRECTION('',(-0.984807753012,0.173648177667,0.));
#247 = AXIS2_PLACEMENT_3D('',#248,#249,#250);
#248 = CARTESIAN_POINT('',(256.064433,-136.172715,-5.E-02));
#249 = DIRECTION('',(4.188538737677E-17,1.150791560228E-16,-1.));
#250 = DIRECTION('',(-0.939692620786,0.342020143326,0.));
#251 = AXIS2_PLACEMENT_3D('',#252,#253,#254);
#252 = CARTESIAN_POINT('',(252.419208,-100.2606,-5.E-02));
#253 = DIRECTION('',(1.224646799147E-16,-1.359631073447E-32,-1.));
#254 = DIRECTION('',(1.110223024625E-16,1.,0.));
#255 = AXIS2_PLACEMENT_3D('',#256,#257,#258);
#256 = CARTESIAN_POINT('',(262.296771,-104.840636,-5.E-02));
#257 = DIRECTION('',(5.341834311773E-18,1.223481206754E-16,-1.));
#258 = DIRECTION('',(-0.999048221582,4.361938736534E-02,0.));
#259 = AXIS2_PLACEMENT_3D('',#260,#261,#262);
#260 = CARTESIAN_POINT('',(258.81892,-73.0846,-5.E-02));
#261 = DIRECTION('',(-3.169619151432E-17,1.182917971379E-16,-1.));
#262 = DIRECTION('',(-0.965925826289,-0.258819045103,0.));
#263 = AXIS2_PLACEMENT_3D('',#264,#265,#266);
#264 = CARTESIAN_POINT('',(260.801522,-82.027541,-5.E-02));
#265 = DIRECTION('',(-2.126576849576E-17,1.206041662502E-16,-1.));
#266 = DIRECTION('',(-0.984807753012,-0.173648177667,0.));
#267 = AXIS2_PLACEMENT_3D('',#268,#269,#270);
#268 = CARTESIAN_POINT('',(257.536988,-68.686491,-5.E-02));
#269 = DIRECTION('',(-3.68258394848E-17,1.167966411026E-16,-1.));
#270 = DIRECTION('',(-0.953716950748,-0.300705799504,0.));
#271 = AXIS2_PLACEMENT_3D('',#272,#273,#274);
#272 = CARTESIAN_POINT('',(237.396708,-100.2606,-5.E-02));
#273 = DIRECTION('',(-1.224646799147E-16,-1.359631073447E-32,-1.));
#274 = DIRECTION('',(1.110223024625E-16,-1.,0.));
#275 = AXIS2_PLACEMENT_3D('',#276,#277,#278);
#276 = CARTESIAN_POINT('',(257.396708,-100.2606,-5.E-02));
#277 = DIRECTION('',(1.224646799147E-16,-1.359631073447E-32,-1.));
#278 = DIRECTION('',(1.110223024625E-16,1.,0.));
#279 = AXIS2_PLACEMENT_3D('',#280,#281,#282);
#280 = CARTESIAN_POINT('',(0.,0.,0.));
#281 = DIRECTION('',(0.,0.,1.));
#282 = DIRECTION('',(1.,0.,-0.));
#283 = ( GEOMETRIC_REPRESENTATION_CONTEXT(3) 
GLOBAL_UNCERTAINTY_ASSIGNED_CONTEXT((#287)) GLOBAL_UNIT_ASSIGNED_CONTEXT
((#284,#285,#286)) REPRESENTATION_CONTEXT('Context #1',
  '3D Context with UNIT and UNCERTAINTY') );
#284 = ( LENGTH_UNIT() NAMED_UNIT(*) SI_UNIT(.MILLI.,.METRE.) );
#285 = ( NAMED_UNIT(*) PLANE_ANGLE_UNIT() SI_UNIT($,.RADIAN.) );
#286 = ( NAMED_UNIT(*) SI_UNIT($,.STERADIAN.) SOLID_ANGLE_UNIT() );
#287 = UNCERTAINTY_MEASURE_WITH_UNIT(LENGTH_MEASURE(1.E-06),#284,
  'distance_accuracy_value','confusion accuracy');
#288 = PRODUCT_RELATED_PRODUCT_CATEGORY('part',$,(#7));
#289 = SHAPE_DEFINITION_REPRESENTATION(#290,#296);
#290 = PRODUCT_DEFINITION_SHAPE('','',#291);
#291 = PRODUCT_DEFINITION('design','',#292,#295);
#292 = PRODUCT_DEFINITION_FORMATION('','',#293);
#293 = PRODUCT('R_0603_1608Metric','R_0603_1608Metric','',(#294));
#294 = PRODUCT_CONTEXT('',#2,'mechanical');
#295 = PRODUCT_DEFINITION_CONTEXT('part definition',#2,'design');
#296 = SHAPE_REPRESENTATION('',(#11,#297),#301);
#297 = AXIS2_PLACEMENT_3D('',#298,#299,#300);
#298 = CARTESIAN_POINT('',(0.,0.,0.));
#299 = DIRECTION('',(0.,0.,1.));
#300 = DIRECTION('',(1.,0.,-0.));
#301 = ( GEOMETRIC_REPRESENTATION_CONTEXT(3) 
GLOBAL_UNCERTAINTY_ASSIGNED_CONTEXT((#305)) GLOBAL_UNIT_ASSIGNED_CONTEXT
((#302,#303,#304)) REPRESENTATION_CONTEXT('Context #1',
  '3D Context with UNIT and UNCERTAINTY') );
#302 = ( LENGTH_UNIT() NAMED_UNIT(*) SI_UNIT(.MILLI.,.METRE.) );
#303 = ( NAMED_UNIT(*) PLANE_ANGLE_UNIT() SI_UNIT($,.RADIAN.) );
#304 = ( NAMED_UNIT(*) SI_UNIT($,.STERADIAN.) SOLID_ANGLE_UNIT() );
#305 = UNCERTAINTY_MEASURE_WITH_UNIT(LENGTH_MEASURE(1.E-07),#302,
  'distance_accuracy_value','confusion accuracy');
#306 = CONTEXT_DEPENDENT_SHAPE_REPRESENTATION(#307,#309);
#307 = ( REPRESENTATION_RELATIONSHIP('','',#296,#10) 
REPRESENTATION_RELATIONSHIP_WITH_TRANSFORMATION(#308) 
SHAPE_REPRESENTATION_RELATIONSHIP() );
#308 = ITEM_DEFINED_TRANSFORMATION('','',#11,#15);
#309 = PRODUCT_DEFINITION_SHAPE('Placement','Placement of an item',#310
  );
#310 = NEXT_ASSEMBLY_USAGE_OCCURRENCE('2','R28','',#5,#291,$);
#311 = PRODUCT_RELATED_PRODUCT_CATEGORY('part',$,(#293));
#312 = SHAPE_DEFINITION_REPRESENTATION(#313,#319);
#313 = PRODUCT_DEFINITION_SHAPE('','',#314);
#314 = PRODUCT_DEFINITION('design','',#315,#318);
#315 = PRODUCT_DEFINITION_FORMATION('','',#316);
#316 = PRODUCT('R_0603_1608Metric','R_0603_1608Metric','',(#317));
#317 = PRODUCT_CONTEXT('',#2,'mechanical');
#318 = PRODUCT_DEFINITION_CONTEXT('part definition',#2,'design');
#319 = ADVANCED_BREP_SHAPE_REPRESENTATION('',(#11,#320),#1110);
#320 = MANIFOLD_SOLID_BREP('',#321);
#321 = CLOSED_SHELL('',(#322,#362,#445,#470,#495,#562,#579,#596,#645,
    #662,#679,#728,#745,#814,#845,#869,#938,#962,#979,#996,#1013,#1030,
    #1047,#1064,#1081,#1098));
#322 = ADVANCED_FACE('',(#323),#357,.F.);
#323 = FACE_BOUND('',#324,.F.);
#324 = EDGE_LOOP('',(#325,#335,#343,#351));
#325 = ORIENTED_EDGE('',*,*,#326,.F.);
#326 = EDGE_CURVE('',#327,#329,#331,.T.);
#327 = VERTEX_POINT('',#328);
#328 = CARTESIAN_POINT('',(-0.8,-0.4,4.5E-02));
#329 = VERTEX_POINT('',#330);
#330 = CARTESIAN_POINT('',(-0.8,-0.4,0.405));
#331 = LINE('',#332,#333);
#332 = CARTESIAN_POINT('',(-0.8,-0.4,0.));
#333 = VECTOR('',#334,1.);
#334 = DIRECTION('',(0.,0.,1.));
#335 = ORIENTED_EDGE('',*,*,#336,.T.);
#336 = EDGE_CURVE('',#327,#337,#339,.T.);
#337 = VERTEX_POINT('',#338);
#338 = CARTESIAN_POINT('',(-0.8,0.4,4.5E-02));
#339 = LINE('',#340,#341);
#340 = CARTESIAN_POINT('',(-0.8,-0.4,4.5E-02));
#341 = VECTOR('',#342,1.);
#342 = DIRECTION('',(0.,1.,0.));
#343 = ORIENTED_EDGE('',*,*,#344,.T.);
#344 = EDGE_CURVE('',#337,#345,#347,.T.);
#345 = VERTEX_POINT('',#346);
#346 = CARTESIAN_POINT('',(-0.8,0.4,0.405));
#347 = LINE('',#348,#349);
#348 = CARTESIAN_POINT('',(-0.8,0.4,0.));
#349 = VECTOR('',#350,1.);
#350 = DIRECTION('',(0.,0.,1.));
#351 = ORIENTED_EDGE('',*,*,#352,.F.);
#352 = EDGE_CURVE('',#329,#345,#353,.T.);
#353 = LINE('',#354,#355);
#354 = CARTESIAN_POINT('',(-0.8,-0.4,0.405));
#355 = VECTOR('',#356,1.);
#356 = DIRECTION('',(0.,1.,0.));
#357 = PLANE('',#358);
#358 = AXIS2_PLACEMENT_3D('',#359,#360,#361);
#359 = CARTESIAN_POINT('',(-0.8,-0.4,0.));
#360 = DIRECTION('',(1.,0.,0.));
#361 = DIRECTION('',(0.,0.,1.));
#362 = ADVANCED_FACE('',(#363),#440,.F.);
#363 = FACE_BOUND('',#364,.F.);
#364 = EDGE_LOOP('',(#365,#375,#382,#383,#392,#400,#409,#417,#425,#433)
  );
#365 = ORIENTED_EDGE('',*,*,#366,.F.);
#366 = EDGE_CURVE('',#367,#369,#371,.T.);
#367 = VERTEX_POINT('',#368);
#368 = CARTESIAN_POINT('',(-0.755,-0.4,-2.775557561563E-17));
#369 = VERTEX_POINT('',#370);
#370 = CARTESIAN_POINT('',(-0.545,-0.4,-2.775557561563E-17));
#371 = LINE('',#372,#373);
#372 = CARTESIAN_POINT('',(-0.8,-0.4,0.));
#373 = VECTOR('',#374,1.);
#374 = DIRECTION('',(1.,0.,0.));
#375 = ORIENTED_EDGE('',*,*,#376,.F.);
#376 = EDGE_CURVE('',#327,#367,#377,.T.);
#377 = CIRCLE('',#378,4.5E-02);
#378 = AXIS2_PLACEMENT_3D('',#379,#380,#381);
#379 = CARTESIAN_POINT('',(-0.755,-0.4,4.5E-02));
#380 = DIRECTION('',(0.,-1.,0.));
#381 = DIRECTION('',(0.,0.,1.));
#382 = ORIENTED_EDGE('',*,*,#326,.T.);
#383 = ORIENTED_EDGE('',*,*,#384,.T.);
#384 = EDGE_CURVE('',#329,#385,#387,.T.);
#385 = VERTEX_POINT('',#386);
#386 = CARTESIAN_POINT('',(-0.755,-0.4,0.45));
#387 = CIRCLE('',#388,4.5E-02);
#388 = AXIS2_PLACEMENT_3D('',#389,#390,#391);
#389 = CARTESIAN_POINT('',(-0.755,-0.4,0.405));
#390 = DIRECTION('',(0.,1.,0.));
#391 = DIRECTION('',(0.,-0.,1.));
#392 = ORIENTED_EDGE('',*,*,#393,.T.);
#393 = EDGE_CURVE('',#385,#394,#396,.T.);
#394 = VERTEX_POINT('',#395);
#395 = CARTESIAN_POINT('',(-0.545,-0.4,0.45));
#396 = LINE('',#397,#398);
#397 = CARTESIAN_POINT('',(-0.8,-0.4,0.45));
#398 = VECTOR('',#399,1.);
#399 = DIRECTION('',(1.,0.,0.));
#400 = ORIENTED_EDGE('',*,*,#401,.F.);
#401 = EDGE_CURVE('',#402,#394,#404,.T.);
#402 = VERTEX_POINT('',#403);
#403 = CARTESIAN_POINT('',(-0.5,-0.4,0.405));
#404 = CIRCLE('',#405,4.5E-02);
#405 = AXIS2_PLACEMENT_3D('',#406,#407,#408);
#406 = CARTESIAN_POINT('',(-0.545,-0.4,0.405));
#407 = DIRECTION('',(0.,-1.,0.));
#408 = DIRECTION('',(0.,0.,1.));
#409 = ORIENTED_EDGE('',*,*,#410,.F.);
#410 = EDGE_CURVE('',#411,#402,#413,.T.);
#411 = VERTEX_POINT('',#412);
#412 = CARTESIAN_POINT('',(-0.755,-0.4,0.405));
#413 = LINE('',#414,#415);
#414 = CARTESIAN_POINT('',(-0.755,-0.4,0.405));
#415 = VECTOR('',#416,1.);
#416 = DIRECTION('',(1.,0.,0.));
#417 = ORIENTED_EDGE('',*,*,#418,.F.);
#418 = EDGE_CURVE('',#419,#411,#421,.T.);
#419 = VERTEX_POINT('',#420);
#420 = CARTESIAN_POINT('',(-0.755,-0.4,4.5E-02));
#421 = LINE('',#422,#423);
#422 = CARTESIAN_POINT('',(-0.755,-0.4,4.5E-02));
#423 = VECTOR('',#424,1.);
#424 = DIRECTION('',(0.,0.,1.));
#425 = ORIENTED_EDGE('',*,*,#426,.T.);
#426 = EDGE_CURVE('',#419,#427,#429,.T.);
#427 = VERTEX_POINT('',#428);
#428 = CARTESIAN_POINT('',(-0.5,-0.4,4.5E-02));
#429 = LINE('',#430,#431);
#430 = CARTESIAN_POINT('',(-0.755,-0.4,4.5E-02));
#431 = VECTOR('',#432,1.);
#432 = DIRECTION('',(1.,0.,0.));
#433 = ORIENTED_EDGE('',*,*,#434,.T.);
#434 = EDGE_CURVE('',#427,#369,#435,.T.);
#435 = CIRCLE('',#436,4.5E-02);
#436 = AXIS2_PLACEMENT_3D('',#437,#438,#439);
#437 = CARTESIAN_POINT('',(-0.545,-0.4,4.5E-02));
#438 = DIRECTION('',(0.,1.,0.));
#439 = DIRECTION('',(0.,-0.,1.));
#440 = PLANE('',#441);
#441 = AXIS2_PLACEMENT_3D('',#442,#443,#444);
#442 = CARTESIAN_POINT('',(-0.8,-0.4,0.));
#443 = DIRECTION('',(0.,1.,0.));
#444 = DIRECTION('',(0.,-0.,1.));
#445 = ADVANCED_FACE('',(#446),#465,.T.);
#446 = FACE_BOUND('',#447,.T.);
#447 = EDGE_LOOP('',(#448,#449,#458,#464));
#448 = ORIENTED_EDGE('',*,*,#336,.T.);
#449 = ORIENTED_EDGE('',*,*,#450,.T.);
#450 = EDGE_CURVE('',#337,#451,#453,.T.);
#451 = VERTEX_POINT('',#452);
#452 = CARTESIAN_POINT('',(-0.755,0.4,-2.775557561563E-17));
#453 = CIRCLE('',#454,4.5E-02);
#454 = AXIS2_PLACEMENT_3D('',#455,#456,#457);
#455 = CARTESIAN_POINT('',(-0.755,0.4,4.5E-02));
#456 = DIRECTION('',(0.,-1.,0.));
#457 = DIRECTION('',(0.,0.,1.));
#458 = ORIENTED_EDGE('',*,*,#459,.F.);
#459 = EDGE_CURVE('',#367,#451,#460,.T.);
#460 = LINE('',#461,#462);
#461 = CARTESIAN_POINT('',(-0.755,-0.4,-2.775557561563E-17));
#462 = VECTOR('',#463,1.);
#463 = DIRECTION('',(0.,1.,0.));
#464 = ORIENTED_EDGE('',*,*,#376,.F.);
#465 = CYLINDRICAL_SURFACE('',#466,4.5E-02);
#466 = AXIS2_PLACEMENT_3D('',#467,#468,#469);
#467 = CARTESIAN_POINT('',(-0.755,-0.4,4.5E-02));
#468 = DIRECTION('',(0.,1.,0.));
#469 = DIRECTION('',(-1.,0.,0.));
#470 = ADVANCED_FACE('',(#471),#490,.T.);
#471 = FACE_BOUND('',#472,.T.);
#472 = EDGE_LOOP('',(#473,#474,#482,#489));
#473 = ORIENTED_EDGE('',*,*,#384,.T.);
#474 = ORIENTED_EDGE('',*,*,#475,.T.);
#475 = EDGE_CURVE('',#385,#476,#478,.T.);
#476 = VERTEX_POINT('',#477);
#477 = CARTESIAN_POINT('',(-0.755,0.4,0.45));
#478 = LINE('',#479,#480);
#479 = CARTESIAN_POINT('',(-0.755,-0.4,0.45));
#480 = VECTOR('',#481,1.);
#481 = DIRECTION('',(0.,1.,0.));
#482 = ORIENTED_EDGE('',*,*,#483,.F.);
#483 = EDGE_CURVE('',#345,#476,#484,.T.);
#484 = CIRCLE('',#485,4.5E-02);
#485 = AXIS2_PLACEMENT_3D('',#486,#487,#488);
#486 = CARTESIAN_POINT('',(-0.755,0.4,0.405));
#487 = DIRECTION('',(0.,1.,0.));
#488 = DIRECTION('',(0.,-0.,1.));
#489 = ORIENTED_EDGE('',*,*,#352,.F.);
#490 = CYLINDRICAL_SURFACE('',#491,4.5E-02);
#491 = AXIS2_PLACEMENT_3D('',#492,#493,#494);
#492 = CARTESIAN_POINT('',(-0.755,-0.4,0.405));
#493 = DIRECTION('',(0.,1.,0.));
#494 = DIRECTION('',(-1.,0.,0.));
#495 = ADVANCED_FACE('',(#496),#557,.T.);
#496 = FACE_BOUND('',#497,.T.);
#497 = EDGE_LOOP('',(#498,#506,#507,#508,#509,#517,#526,#534,#542,#550)
  );
#498 = ORIENTED_EDGE('',*,*,#499,.F.);
#499 = EDGE_CURVE('',#451,#500,#502,.T.);
#500 = VERTEX_POINT('',#501);
#501 = CARTESIAN_POINT('',(-0.545,0.4,-2.775557561563E-17));
#502 = LINE('',#503,#504);
#503 = CARTESIAN_POINT('',(-0.8,0.4,0.));
#504 = VECTOR('',#505,1.);
#505 = DIRECTION('',(1.,0.,0.));
#506 = ORIENTED_EDGE('',*,*,#450,.F.);
#507 = ORIENTED_EDGE('',*,*,#344,.T.);
#508 = ORIENTED_EDGE('',*,*,#483,.T.);
#509 = ORIENTED_EDGE('',*,*,#510,.T.);
#510 = EDGE_CURVE('',#476,#511,#513,.T.);
#511 = VERTEX_POINT('',#512);
#512 = CARTESIAN_POINT('',(-0.545,0.4,0.45));
#513 = LINE('',#514,#515);
#514 = CARTESIAN_POINT('',(-0.8,0.4,0.45));
#515 = VECTOR('',#516,1.);
#516 = DIRECTION('',(1.,0.,0.));
#517 = ORIENTED_EDGE('',*,*,#518,.F.);
#518 = EDGE_CURVE('',#519,#511,#521,.T.);
#519 = VERTEX_POINT('',#520);
#520 = CARTESIAN_POINT('',(-0.5,0.4,0.405));
#521 = CIRCLE('',#522,4.5E-02);
#522 = AXIS2_PLACEMENT_3D('',#523,#524,#525);
#523 = CARTESIAN_POINT('',(-0.545,0.4,0.405));
#524 = DIRECTION('',(0.,-1.,0.));
#525 = DIRECTION('',(0.,0.,1.));
#526 = ORIENTED_EDGE('',*,*,#527,.F.);
#527 = EDGE_CURVE('',#528,#519,#530,.T.);
#528 = VERTEX_POINT('',#529);
#529 = CARTESIAN_POINT('',(-0.755,0.4,0.405));
#530 = LINE('',#531,#532);
#531 = CARTESIAN_POINT('',(-0.755,0.4,0.405));
#532 = VECTOR('',#533,1.);
#533 = DIRECTION('',(1.,0.,0.));
#534 = ORIENTED_EDGE('',*,*,#535,.F.);
#535 = EDGE_CURVE('',#536,#528,#538,.T.);
#536 = VERTEX_POINT('',#537);
#537 = CARTESIAN_POINT('',(-0.755,0.4,4.5E-02));
#538 = LINE('',#539,#540);
#539 = CARTESIAN_POINT('',(-0.755,0.4,4.5E-02));
#540 = VECTOR('',#541,1.);
#541 = DIRECTION('',(0.,0.,1.));
#542 = ORIENTED_EDGE('',*,*,#543,.T.);
#543 = EDGE_CURVE('',#536,#544,#546,.T.);
#544 = VERTEX_POINT('',#545);
#545 = CARTESIAN_POINT('',(-0.5,0.4,4.5E-02));
#546 = LINE('',#547,#548);
#547 = CARTESIAN_POINT('',(-0.755,0.4,4.5E-02));
#548 = VECTOR('',#549,1.);
#549 = DIRECTION('',(1.,0.,0.));
#550 = ORIENTED_EDGE('',*,*,#551,.T.);
#551 = EDGE_CURVE('',#544,#500,#552,.T.);
#552 = CIRCLE('',#553,4.5E-02);
#553 = AXIS2_PLACEMENT_3D('',#554,#555,#556);
#554 = CARTESIAN_POINT('',(-0.545,0.4,4.5E-02));
#555 = DIRECTION('',(0.,1.,0.));
#556 = DIRECTION('',(0.,-0.,1.));
#557 = PLANE('',#558);
#558 = AXIS2_PLACEMENT_3D('',#559,#560,#561);
#559 = CARTESIAN_POINT('',(-0.8,0.4,0.));
#560 = DIRECTION('',(0.,1.,0.));
#561 = DIRECTION('',(0.,-0.,1.));
#562 = ADVANCED_FACE('',(#563),#574,.F.);
#563 = FACE_BOUND('',#564,.F.);
#564 = EDGE_LOOP('',(#565,#566,#567,#568));
#565 = ORIENTED_EDGE('',*,*,#499,.F.);
#566 = ORIENTED_EDGE('',*,*,#459,.F.);
#567 = ORIENTED_EDGE('',*,*,#366,.T.);
#568 = ORIENTED_EDGE('',*,*,#569,.T.);
#569 = EDGE_CURVE('',#369,#500,#570,.T.);
#570 = LINE('',#571,#572);
#571 = CARTESIAN_POINT('',(-0.545,-0.4,-2.775557561563E-17));
#572 = VECTOR('',#573,1.);
#573 = DIRECTION('',(0.,1.,0.));
#574 = PLANE('',#575);
#575 = AXIS2_PLACEMENT_3D('',#576,#577,#578);
#576 = CARTESIAN_POINT('',(-0.8,-0.4,0.));
#577 = DIRECTION('',(0.,0.,1.));
#578 = DIRECTION('',(1.,0.,-0.));
#579 = ADVANCED_FACE('',(#580),#591,.T.);
#580 = FACE_BOUND('',#581,.T.);
#581 = EDGE_LOOP('',(#582,#583,#584,#585));
#582 = ORIENTED_EDGE('',*,*,#434,.T.);
#583 = ORIENTED_EDGE('',*,*,#569,.T.);
#584 = ORIENTED_EDGE('',*,*,#551,.F.);
#585 = ORIENTED_EDGE('',*,*,#586,.F.);
#586 = EDGE_CURVE('',#427,#544,#587,.T.);
#587 = LINE('',#588,#589);
#588 = CARTESIAN_POINT('',(-0.5,-0.4,4.5E-02));
#589 = VECTOR('',#590,1.);
#590 = DIRECTION('',(0.,1.,0.));
#591 = CYLINDRICAL_SURFACE('',#592,4.5E-02);
#592 = AXIS2_PLACEMENT_3D('',#593,#594,#595);
#593 = CARTESIAN_POINT('',(-0.545,-0.4,4.5E-02));
#594 = DIRECTION('',(0.,1.,0.));
#595 = DIRECTION('',(1.,0.,0.));
#596 = ADVANCED_FACE('',(#597),#640,.F.);
#597 = FACE_BOUND('',#598,.F.);
#598 = EDGE_LOOP('',(#599,#600,#601,#602,#610,#618,#626,#634));
#599 = ORIENTED_EDGE('',*,*,#426,.F.);
#600 = ORIENTED_EDGE('',*,*,#418,.T.);
#601 = ORIENTED_EDGE('',*,*,#410,.T.);
#602 = ORIENTED_EDGE('',*,*,#603,.T.);
#603 = EDGE_CURVE('',#402,#604,#606,.T.);
#604 = VERTEX_POINT('',#605);
#605 = CARTESIAN_POINT('',(0.5,-0.4,0.405));
#606 = LINE('',#607,#608);
#607 = CARTESIAN_POINT('',(-0.5,-0.4,0.405));
#608 = VECTOR('',#609,1.);
#609 = DIRECTION('',(1.,0.,0.));
#610 = ORIENTED_EDGE('',*,*,#611,.T.);
#611 = EDGE_CURVE('',#604,#612,#614,.T.);
#612 = VERTEX_POINT('',#613);
#613 = CARTESIAN_POINT('',(0.755,-0.4,0.405));
#614 = LINE('',#615,#616);
#615 = CARTESIAN_POINT('',(-0.755,-0.4,0.405));
#616 = VECTOR('',#617,1.);
#617 = DIRECTION('',(1.,0.,0.));
#618 = ORIENTED_EDGE('',*,*,#619,.F.);
#619 = EDGE_CURVE('',#620,#612,#622,.T.);
#620 = VERTEX_POINT('',#621);
#621 = CARTESIAN_POINT('',(0.755,-0.4,4.5E-02));
#622 = LINE('',#623,#624);
#623 = CARTESIAN_POINT('',(0.755,-0.4,4.5E-02));
#624 = VECTOR('',#625,1.);
#625 = DIRECTION('',(0.,0.,1.));
#626 = ORIENTED_EDGE('',*,*,#627,.F.);
#627 = EDGE_CURVE('',#628,#620,#630,.T.);
#628 = VERTEX_POINT('',#629);
#629 = CARTESIAN_POINT('',(0.5,-0.4,4.5E-02));
#630 = LINE('',#631,#632);
#631 = CARTESIAN_POINT('',(-0.755,-0.4,4.5E-02));
#632 = VECTOR('',#633,1.);
#633 = DIRECTION('',(1.,0.,0.));
#634 = ORIENTED_EDGE('',*,*,#635,.F.);
#635 = EDGE_CURVE('',#427,#628,#636,.T.);
#636 = LINE('',#637,#638);
#637 = CARTESIAN_POINT('',(-0.755,-0.4,4.5E-02));
#638 = VECTOR('',#639,1.);
#639 = DIRECTION('',(1.,0.,0.));
#640 = PLANE('',#641);
#641 = AXIS2_PLACEMENT_3D('',#642,#643,#644);
#642 = CARTESIAN_POINT('',(-0.755,-0.4,4.5E-02));
#643 = DIRECTION('',(0.,1.,0.));
#644 = DIRECTION('',(0.,-0.,1.));
#645 = ADVANCED_FACE('',(#646),#657,.T.);
#646 = FACE_BOUND('',#647,.T.);
#647 = EDGE_LOOP('',(#648,#649,#650,#651));
#648 = ORIENTED_EDGE('',*,*,#510,.F.);
#649 = ORIENTED_EDGE('',*,*,#475,.F.);
#650 = ORIENTED_EDGE('',*,*,#393,.T.);
#651 = ORIENTED_EDGE('',*,*,#652,.T.);
#652 = EDGE_CURVE('',#394,#511,#653,.T.);
#653 = LINE('',#654,#655);
#654 = CARTESIAN_POINT('',(-0.545,-0.4,0.45));
#655 = VECTOR('',#656,1.);
#656 = DIRECTION('',(0.,1.,0.));
#657 = PLANE('',#658);
#658 = AXIS2_PLACEMENT_3D('',#659,#660,#661);
#659 = CARTESIAN_POINT('',(-0.8,-0.4,0.45));
#660 = DIRECTION('',(0.,0.,1.));
#661 = DIRECTION('',(1.,0.,-0.));
#662 = ADVANCED_FACE('',(#663),#674,.T.);
#663 = FACE_BOUND('',#664,.T.);
#664 = EDGE_LOOP('',(#665,#671,#672,#673));
#665 = ORIENTED_EDGE('',*,*,#666,.T.);
#666 = EDGE_CURVE('',#402,#519,#667,.T.);
#667 = LINE('',#668,#669);
#668 = CARTESIAN_POINT('',(-0.5,-0.4,0.405));
#669 = VECTOR('',#670,1.);
#670 = DIRECTION('',(0.,1.,0.));
#671 = ORIENTED_EDGE('',*,*,#518,.T.);
#672 = ORIENTED_EDGE('',*,*,#652,.F.);
#673 = ORIENTED_EDGE('',*,*,#401,.F.);
#674 = CYLINDRICAL_SURFACE('',#675,4.5E-02);
#675 = AXIS2_PLACEMENT_3D('',#676,#677,#678);
#676 = CARTESIAN_POINT('',(-0.545,-0.4,0.405));
#677 = DIRECTION('',(0.,1.,0.));
#678 = DIRECTION('',(1.,0.,0.));
#679 = ADVANCED_FACE('',(#680),#723,.T.);
#680 = FACE_BOUND('',#681,.T.);
#681 = EDGE_LOOP('',(#682,#683,#684,#685,#693,#701,#709,#717));
#682 = ORIENTED_EDGE('',*,*,#543,.F.);
#683 = ORIENTED_EDGE('',*,*,#535,.T.);
#684 = ORIENTED_EDGE('',*,*,#527,.T.);
#685 = ORIENTED_EDGE('',*,*,#686,.T.);
#686 = EDGE_CURVE('',#519,#687,#689,.T.);
#687 = VERTEX_POINT('',#688);
#688 = CARTESIAN_POINT('',(0.5,0.4,0.405));
#689 = LINE('',#690,#691);
#690 = CARTESIAN_POINT('',(-0.5,0.4,0.405));
#691 = VECTOR('',#692,1.);
#692 = DIRECTION('',(1.,0.,0.));
#693 = ORIENTED_EDGE('',*,*,#694,.T.);
#694 = EDGE_CURVE('',#687,#695,#697,.T.);
#695 = VERTEX_POINT('',#696);
#696 = CARTESIAN_POINT('',(0.755,0.4,0.405));
#697 = LINE('',#698,#699);
#698 = CARTESIAN_POINT('',(-0.755,0.4,0.405));
#699 = VECTOR('',#700,1.);
#700 = DIRECTION('',(1.,0.,0.));
#701 = ORIENTED_EDGE('',*,*,#702,.F.);
#702 = EDGE_CURVE('',#703,#695,#705,.T.);
#703 = VERTEX_POINT('',#704);
#704 = CARTESIAN_POINT('',(0.755,0.4,4.5E-02));
#705 = LINE('',#706,#707);
#706 = CARTESIAN_POINT('',(0.755,0.4,4.5E-02));
#707 = VECTOR('',#708,1.);
#708 = DIRECTION('',(0.,0.,1.));
#709 = ORIENTED_EDGE('',*,*,#710,.F.);
#710 = EDGE_CURVE('',#711,#703,#713,.T.);
#711 = VERTEX_POINT('',#712);
#712 = CARTESIAN_POINT('',(0.5,0.4,4.5E-02));
#713 = LINE('',#714,#715);
#714 = CARTESIAN_POINT('',(-0.755,0.4,4.5E-02));
#715 = VECTOR('',#716,1.);
#716 = DIRECTION('',(1.,0.,0.));
#717 = ORIENTED_EDGE('',*,*,#718,.F.);
#718 = EDGE_CURVE('',#544,#711,#719,.T.);
#719 = LINE('',#720,#721);
#720 = CARTESIAN_POINT('',(-0.755,0.4,4.5E-02));
#721 = VECTOR('',#722,1.);
#722 = DIRECTION('',(1.,0.,0.));
#723 = PLANE('',#724);
#724 = AXIS2_PLACEMENT_3D('',#725,#726,#727);
#725 = CARTESIAN_POINT('',(-0.755,0.4,4.5E-02));
#726 = DIRECTION('',(0.,1.,0.));
#727 = DIRECTION('',(0.,-0.,1.));
#728 = ADVANCED_FACE('',(#729),#740,.F.);
#729 = FACE_BOUND('',#730,.F.);
#730 = EDGE_LOOP('',(#731,#732,#733,#739));
#731 = ORIENTED_EDGE('',*,*,#586,.F.);
#732 = ORIENTED_EDGE('',*,*,#635,.T.);
#733 = ORIENTED_EDGE('',*,*,#734,.T.);
#734 = EDGE_CURVE('',#628,#711,#735,.T.);
#735 = LINE('',#736,#737);
#736 = CARTESIAN_POINT('',(0.5,-0.4,4.5E-02));
#737 = VECTOR('',#738,1.);
#738 = DIRECTION('',(0.,1.,0.));
#739 = ORIENTED_EDGE('',*,*,#718,.F.);
#740 = PLANE('',#741);
#741 = AXIS2_PLACEMENT_3D('',#742,#743,#744);
#742 = CARTESIAN_POINT('',(-0.755,-0.4,4.5E-02));
#743 = DIRECTION('',(0.,0.,1.));
#744 = DIRECTION('',(1.,0.,-0.));
#745 = ADVANCED_FACE('',(#746),#809,.F.);
#746 = FACE_BOUND('',#747,.F.);
#747 = EDGE_LOOP('',(#748,#758,#765,#766,#767,#768,#777,#785,#794,#802)
  );
#748 = ORIENTED_EDGE('',*,*,#749,.F.);
#749 = EDGE_CURVE('',#750,#752,#754,.T.);
#750 = VERTEX_POINT('',#751);
#751 = CARTESIAN_POINT('',(0.545,-0.4,-2.775557561563E-17));
#752 = VERTEX_POINT('',#753);
#753 = CARTESIAN_POINT('',(0.755,-0.4,-2.775557561563E-17));
#754 = LINE('',#755,#756);
#755 = CARTESIAN_POINT('',(0.5,-0.4,0.));
#756 = VECTOR('',#757,1.);
#757 = DIRECTION('',(1.,0.,0.));
#758 = ORIENTED_EDGE('',*,*,#759,.F.);
#759 = EDGE_CURVE('',#628,#750,#760,.T.);
#760 = CIRCLE('',#761,4.5E-02);
#761 = AXIS2_PLACEMENT_3D('',#762,#763,#764);
#762 = CARTESIAN_POINT('',(0.545,-0.4,4.5E-02));
#763 = DIRECTION('',(0.,-1.,0.));
#764 = DIRECTION('',(0.,0.,1.));
#765 = ORIENTED_EDGE('',*,*,#627,.T.);
#766 = ORIENTED_EDGE('',*,*,#619,.T.);
#767 = ORIENTED_EDGE('',*,*,#611,.F.);
#768 = ORIENTED_EDGE('',*,*,#769,.T.);
#769 = EDGE_CURVE('',#604,#770,#772,.T.);
#770 = VERTEX_POINT('',#771);
#771 = CARTESIAN_POINT('',(0.545,-0.4,0.45));
#772 = CIRCLE('',#773,4.5E-02);
#773 = AXIS2_PLACEMENT_3D('',#774,#775,#776);
#774 = CARTESIAN_POINT('',(0.545,-0.4,0.405));
#775 = DIRECTION('',(0.,1.,0.));
#776 = DIRECTION('',(0.,-0.,1.));
#777 = ORIENTED_EDGE('',*,*,#778,.T.);
#778 = EDGE_CURVE('',#770,#779,#781,.T.);
#779 = VERTEX_POINT('',#780);
#780 = CARTESIAN_POINT('',(0.755,-0.4,0.45));
#781 = LINE('',#782,#783);
#782 = CARTESIAN_POINT('',(0.5,-0.4,0.45));
#783 = VECTOR('',#784,1.);
#784 = DIRECTION('',(1.,0.,0.));
#785 = ORIENTED_EDGE('',*,*,#786,.F.);
#786 = EDGE_CURVE('',#787,#779,#789,.T.);
#787 = VERTEX_POINT('',#788);
#788 = CARTESIAN_POINT('',(0.8,-0.4,0.405));
#789 = CIRCLE('',#790,4.5E-02);
#790 = AXIS2_PLACEMENT_3D('',#791,#792,#793);
#791 = CARTESIAN_POINT('',(0.755,-0.4,0.405));
#792 = DIRECTION('',(0.,-1.,0.));
#793 = DIRECTION('',(0.,0.,1.));
#794 = ORIENTED_EDGE('',*,*,#795,.F.);
#795 = EDGE_CURVE('',#796,#787,#798,.T.);
#796 = VERTEX_POINT('',#797);
#797 = CARTESIAN_POINT('',(0.8,-0.4,4.5E-02));
#798 = LINE('',#799,#800);
#799 = CARTESIAN_POINT('',(0.8,-0.4,0.));
#800 = VECTOR('',#801,1.);
#801 = DIRECTION('',(0.,0.,1.));
#802 = ORIENTED_EDGE('',*,*,#803,.T.);
#803 = EDGE_CURVE('',#796,#752,#804,.T.);
#804 = CIRCLE('',#805,4.5E-02);
#805 = AXIS2_PLACEMENT_3D('',#806,#807,#808);
#806 = CARTESIAN_POINT('',(0.755,-0.4,4.5E-02));
#807 = DIRECTION('',(0.,1.,0.));
#808 = DIRECTION('',(0.,-0.,1.));
#809 = PLANE('',#810);
#810 = AXIS2_PLACEMENT_3D('',#811,#812,#813);
#811 = CARTESIAN_POINT('',(0.5,-0.4,0.));
#812 = DIRECTION('',(0.,1.,0.));
#813 = DIRECTION('',(0.,-0.,1.));
#814 = ADVANCED_FACE('',(#815),#840,.F.);
#815 = FACE_BOUND('',#816,.F.);
#816 = EDGE_LOOP('',(#817,#818,#826,#834));
#817 = ORIENTED_EDGE('',*,*,#603,.F.);
#818 = ORIENTED_EDGE('',*,*,#819,.T.);
#819 = EDGE_CURVE('',#402,#820,#822,.T.);
#820 = VERTEX_POINT('',#821);
#821 = CARTESIAN_POINT('',(-0.5,-0.4,0.45));
#822 = LINE('',#823,#824);
#823 = CARTESIAN_POINT('',(-0.5,-0.4,0.405));
#824 = VECTOR('',#825,1.);
#825 = DIRECTION('',(0.,0.,1.));
#826 = ORIENTED_EDGE('',*,*,#827,.T.);
#827 = EDGE_CURVE('',#820,#828,#830,.T.);
#828 = VERTEX_POINT('',#829);
#829 = CARTESIAN_POINT('',(0.5,-0.4,0.45));
#830 = LINE('',#831,#832);
#831 = CARTESIAN_POINT('',(-0.5,-0.4,0.45));
#832 = VECTOR('',#833,1.);
#833 = DIRECTION('',(1.,0.,0.));
#834 = ORIENTED_EDGE('',*,*,#835,.F.);
#835 = EDGE_CURVE('',#604,#828,#836,.T.);
#836 = LINE('',#837,#838);
#837 = CARTESIAN_POINT('',(0.5,-0.4,0.405));
#838 = VECTOR('',#839,1.);
#839 = DIRECTION('',(0.,0.,1.));
#840 = PLANE('',#841);
#841 = AXIS2_PLACEMENT_3D('',#842,#843,#844);
#842 = CARTESIAN_POINT('',(-0.5,-0.4,0.405));
#843 = DIRECTION('',(0.,1.,0.));
#844 = DIRECTION('',(0.,-0.,1.));
#845 = ADVANCED_FACE('',(#846),#864,.F.);
#846 = FACE_BOUND('',#847,.F.);
#847 = EDGE_LOOP('',(#848,#849,#850,#858));
#848 = ORIENTED_EDGE('',*,*,#819,.F.);
#849 = ORIENTED_EDGE('',*,*,#666,.T.);
#850 = ORIENTED_EDGE('',*,*,#851,.T.);
#851 = EDGE_CURVE('',#519,#852,#854,.T.);
#852 = VERTEX_POINT('',#853);
#853 = CARTESIAN_POINT('',(-0.5,0.4,0.45));
#854 = LINE('',#855,#856);
#855 = CARTESIAN_POINT('',(-0.5,0.4,0.405));
#856 = VECTOR('',#857,1.);
#857 = DIRECTION('',(0.,0.,1.));
#858 = ORIENTED_EDGE('',*,*,#859,.F.);
#859 = EDGE_CURVE('',#820,#852,#860,.T.);
#860 = LINE('',#861,#862);
#861 = CARTESIAN_POINT('',(-0.5,-0.4,0.45));
#862 = VECTOR('',#863,1.);
#863 = DIRECTION('',(0.,1.,0.));
#864 = PLANE('',#865);
#865 = AXIS2_PLACEMENT_3D('',#866,#867,#868);
#866 = CARTESIAN_POINT('',(-0.5,-0.4,0.405));
#867 = DIRECTION('',(1.,0.,0.));
#868 = DIRECTION('',(0.,0.,1.));
#869 = ADVANCED_FACE('',(#870),#933,.T.);
#870 = FACE_BOUND('',#871,.T.);
#871 = EDGE_LOOP('',(#872,#882,#889,#890,#891,#892,#901,#909,#918,#926)
  );
#872 = ORIENTED_EDGE('',*,*,#873,.F.);
#873 = EDGE_CURVE('',#874,#876,#878,.T.);
#874 = VERTEX_POINT('',#875);
#875 = CARTESIAN_POINT('',(0.545,0.4,-2.775557561563E-17));
#876 = VERTEX_POINT('',#877);
#877 = CARTESIAN_POINT('',(0.755,0.4,-2.775557561563E-17));
#878 = LINE('',#879,#880);
#879 = CARTESIAN_POINT('',(0.5,0.4,0.));
#880 = VECTOR('',#881,1.);
#881 = DIRECTION('',(1.,0.,0.));
#882 = ORIENTED_EDGE('',*,*,#883,.F.);
#883 = EDGE_CURVE('',#711,#874,#884,.T.);
#884 = CIRCLE('',#885,4.5E-02);
#885 = AXIS2_PLACEMENT_3D('',#886,#887,#888);
#886 = CARTESIAN_POINT('',(0.545,0.4,4.5E-02));
#887 = DIRECTION('',(0.,-1.,0.));
#888 = DIRECTION('',(0.,0.,1.));
#889 = ORIENTED_EDGE('',*,*,#710,.T.);
#890 = ORIENTED_EDGE('',*,*,#702,.T.);
#891 = ORIENTED_EDGE('',*,*,#694,.F.);
#892 = ORIENTED_EDGE('',*,*,#893,.T.);
#893 = EDGE_CURVE('',#687,#894,#896,.T.);
#894 = VERTEX_POINT('',#895);
#895 = CARTESIAN_POINT('',(0.545,0.4,0.45));
#896 = CIRCLE('',#897,4.5E-02);
#897 = AXIS2_PLACEMENT_3D('',#898,#899,#900);
#898 = CARTESIAN_POINT('',(0.545,0.4,0.405));
#899 = DIRECTION('',(0.,1.,0.));
#900 = DIRECTION('',(0.,-0.,1.));
#901 = ORIENTED_EDGE('',*,*,#902,.T.);
#902 = EDGE_CURVE('',#894,#903,#905,.T.);
#903 = VERTEX_POINT('',#904);
#904 = CARTESIAN_POINT('',(0.755,0.4,0.45));
#905 = LINE('',#906,#907);
#906 = CARTESIAN_POINT('',(0.5,0.4,0.45));
#907 = VECTOR('',#908,1.);
#908 = DIRECTION('',(1.,0.,0.));
#909 = ORIENTED_EDGE('',*,*,#910,.F.);
#910 = EDGE_CURVE('',#911,#903,#913,.T.);
#911 = VERTEX_POINT('',#912);
#912 = CARTESIAN_POINT('',(0.8,0.4,0.405));
#913 = CIRCLE('',#914,4.5E-02);
#914 = AXIS2_PLACEMENT_3D('',#915,#916,#917);
#915 = CARTESIAN_POINT('',(0.755,0.4,0.405));
#916 = DIRECTION('',(0.,-1.,0.));
#917 = DIRECTION('',(0.,0.,1.));
#918 = ORIENTED_EDGE('',*,*,#919,.F.);
#919 = EDGE_CURVE('',#920,#911,#922,.T.);
#920 = VERTEX_POINT('',#921);
#921 = CARTESIAN_POINT('',(0.8,0.4,4.5E-02));
#922 = LINE('',#923,#924);
#923 = CARTESIAN_POINT('',(0.8,0.4,0.));
#924 = VECTOR('',#925,1.);
#925 = DIRECTION('',(0.,0.,1.));
#926 = ORIENTED_EDGE('',*,*,#927,.T.);
#927 = EDGE_CURVE('',#920,#876,#928,.T.);
#928 = CIRCLE('',#929,4.5E-02);
#929 = AXIS2_PLACEMENT_3D('',#930,#931,#932);
#930 = CARTESIAN_POINT('',(0.755,0.4,4.5E-02));
#931 = DIRECTION('',(0.,1.,0.));
#932 = DIRECTION('',(0.,-0.,1.));
#933 = PLANE('',#934);
#934 = AXIS2_PLACEMENT_3D('',#935,#936,#937);
#935 = CARTESIAN_POINT('',(0.5,0.4,0.));
#936 = DIRECTION('',(0.,1.,0.));
#937 = DIRECTION('',(0.,-0.,1.));
#938 = ADVANCED_FACE('',(#939),#957,.T.);
#939 = FACE_BOUND('',#940,.T.);
#940 = EDGE_LOOP('',(#941,#942,#943,#951));
#941 = ORIENTED_EDGE('',*,*,#686,.F.);
#942 = ORIENTED_EDGE('',*,*,#851,.T.);
#943 = ORIENTED_EDGE('',*,*,#944,.T.);
#944 = EDGE_CURVE('',#852,#945,#947,.T.);
#945 = VERTEX_POINT('',#946);
#946 = CARTESIAN_POINT('',(0.5,0.4,0.45));
#947 = LINE('',#948,#949);
#948 = CARTESIAN_POINT('',(-0.5,0.4,0.45));
#949 = VECTOR('',#950,1.);
#950 = DIRECTION('',(1.,0.,0.));
#951 = ORIENTED_EDGE('',*,*,#952,.F.);
#952 = EDGE_CURVE('',#687,#945,#953,.T.);
#953 = LINE('',#954,#955);
#954 = CARTESIAN_POINT('',(0.5,0.4,0.405));
#955 = VECTOR('',#956,1.);
#956 = DIRECTION('',(0.,0.,1.));
#957 = PLANE('',#958);
#958 = AXIS2_PLACEMENT_3D('',#959,#960,#961);
#959 = CARTESIAN_POINT('',(-0.5,0.4,0.405));
#960 = DIRECTION('',(0.,1.,0.));
#961 = DIRECTION('',(0.,-0.,1.));
#962 = ADVANCED_FACE('',(#963),#974,.T.);
#963 = FACE_BOUND('',#964,.T.);
#964 = EDGE_LOOP('',(#965,#966,#967,#973));
#965 = ORIENTED_EDGE('',*,*,#734,.T.);
#966 = ORIENTED_EDGE('',*,*,#883,.T.);
#967 = ORIENTED_EDGE('',*,*,#968,.F.);
#968 = EDGE_CURVE('',#750,#874,#969,.T.);
#969 = LINE('',#970,#971);
#970 = CARTESIAN_POINT('',(0.545,-0.4,-2.775557561563E-17));
#971 = VECTOR('',#972,1.);
#972 = DIRECTION('',(0.,1.,0.));
#973 = ORIENTED_EDGE('',*,*,#759,.F.);
#974 = CYLINDRICAL_SURFACE('',#975,4.5E-02);
#975 = AXIS2_PLACEMENT_3D('',#976,#977,#978);
#976 = CARTESIAN_POINT('',(0.545,-0.4,4.5E-02));
#977 = DIRECTION('',(0.,1.,0.));
#978 = DIRECTION('',(-1.,0.,0.));
#979 = ADVANCED_FACE('',(#980),#991,.F.);
#980 = FACE_BOUND('',#981,.F.);
#981 = EDGE_LOOP('',(#982,#983,#984,#985));
#982 = ORIENTED_EDGE('',*,*,#873,.F.);
#983 = ORIENTED_EDGE('',*,*,#968,.F.);
#984 = ORIENTED_EDGE('',*,*,#749,.T.);
#985 = ORIENTED_EDGE('',*,*,#986,.T.);
#986 = EDGE_CURVE('',#752,#876,#987,.T.);
#987 = LINE('',#988,#989);
#988 = CARTESIAN_POINT('',(0.755,-0.4,-2.775557561563E-17));
#989 = VECTOR('',#990,1.);
#990 = DIRECTION('',(0.,1.,0.));
#991 = PLANE('',#992);
#992 = AXIS2_PLACEMENT_3D('',#993,#994,#995);
#993 = CARTESIAN_POINT('',(0.5,-0.4,0.));
#994 = DIRECTION('',(0.,0.,1.));
#995 = DIRECTION('',(1.,0.,-0.));
#996 = ADVANCED_FACE('',(#997),#1008,.T.);
#997 = FACE_BOUND('',#998,.T.);
#998 = EDGE_LOOP('',(#999,#1000,#1001,#1002));
#999 = ORIENTED_EDGE('',*,*,#803,.T.);
#1000 = ORIENTED_EDGE('',*,*,#986,.T.);
#1001 = ORIENTED_EDGE('',*,*,#927,.F.);
#1002 = ORIENTED_EDGE('',*,*,#1003,.F.);
#1003 = EDGE_CURVE('',#796,#920,#1004,.T.);
#1004 = LINE('',#1005,#1006);
#1005 = CARTESIAN_POINT('',(0.8,-0.4,4.5E-02));
#1006 = VECTOR('',#1007,1.);
#1007 = DIRECTION('',(0.,1.,0.));
#1008 = CYLINDRICAL_SURFACE('',#1009,4.5E-02);
#1009 = AXIS2_PLACEMENT_3D('',#1010,#1011,#1012);
#1010 = CARTESIAN_POINT('',(0.755,-0.4,4.5E-02));
#1011 = DIRECTION('',(0.,1.,0.));
#1012 = DIRECTION('',(1.,0.,0.));
#1013 = ADVANCED_FACE('',(#1014),#1025,.T.);
#1014 = FACE_BOUND('',#1015,.T.);
#1015 = EDGE_LOOP('',(#1016,#1017,#1018,#1019));
#1016 = ORIENTED_EDGE('',*,*,#795,.F.);
#1017 = ORIENTED_EDGE('',*,*,#1003,.T.);
#1018 = ORIENTED_EDGE('',*,*,#919,.T.);
#1019 = ORIENTED_EDGE('',*,*,#1020,.F.);
#1020 = EDGE_CURVE('',#787,#911,#1021,.T.);
#1021 = LINE('',#1022,#1023);
#1022 = CARTESIAN_POINT('',(0.8,-0.4,0.405));
#1023 = VECTOR('',#1024,1.);
#1024 = DIRECTION('',(0.,1.,0.));
#1025 = PLANE('',#1026);
#1026 = AXIS2_PLACEMENT_3D('',#1027,#1028,#1029);
#1027 = CARTESIAN_POINT('',(0.8,-0.4,0.));
#1028 = DIRECTION('',(1.,0.,0.));
#1029 = DIRECTION('',(0.,0.,1.));
#1030 = ADVANCED_FACE('',(#1031),#1042,.T.);
#1031 = FACE_BOUND('',#1032,.T.);
#1032 = EDGE_LOOP('',(#1033,#1034,#1035,#1041));
#1033 = ORIENTED_EDGE('',*,*,#1020,.T.);
#1034 = ORIENTED_EDGE('',*,*,#910,.T.);
#1035 = ORIENTED_EDGE('',*,*,#1036,.F.);
#1036 = EDGE_CURVE('',#779,#903,#1037,.T.);
#1037 = LINE('',#1038,#1039);
#1038 = CARTESIAN_POINT('',(0.755,-0.4,0.45));
#1039 = VECTOR('',#1040,1.);
#1040 = DIRECTION('',(0.,1.,0.));
#1041 = ORIENTED_EDGE('',*,*,#786,.F.);
#1042 = CYLINDRICAL_SURFACE('',#1043,4.5E-02);
#1043 = AXIS2_PLACEMENT_3D('',#1044,#1045,#1046);
#1044 = CARTESIAN_POINT('',(0.755,-0.4,0.405));
#1045 = DIRECTION('',(0.,1.,0.));
#1046 = DIRECTION('',(1.,0.,0.));
#1047 = ADVANCED_FACE('',(#1048),#1059,.T.);
#1048 = FACE_BOUND('',#1049,.T.);
#1049 = EDGE_LOOP('',(#1050,#1051,#1057,#1058));
#1050 = ORIENTED_EDGE('',*,*,#902,.F.);
#1051 = ORIENTED_EDGE('',*,*,#1052,.F.);
#1052 = EDGE_CURVE('',#770,#894,#1053,.T.);
#1053 = LINE('',#1054,#1055);
#1054 = CARTESIAN_POINT('',(0.545,-0.4,0.45));
#1055 = VECTOR('',#1056,1.);
#1056 = DIRECTION('',(0.,1.,0.));
#1057 = ORIENTED_EDGE('',*,*,#778,.T.);
#1058 = ORIENTED_EDGE('',*,*,#1036,.T.);
#1059 = PLANE('',#1060);
#1060 = AXIS2_PLACEMENT_3D('',#1061,#1062,#1063);
#1061 = CARTESIAN_POINT('',(0.5,-0.4,0.45));
#1062 = DIRECTION('',(0.,0.,1.));
#1063 = DIRECTION('',(1.,0.,-0.));
#1064 = ADVANCED_FACE('',(#1065),#1076,.T.);
#1065 = FACE_BOUND('',#1066,.T.);
#1066 = EDGE_LOOP('',(#1067,#1068,#1069,#1070));
#1067 = ORIENTED_EDGE('',*,*,#769,.T.);
#1068 = ORIENTED_EDGE('',*,*,#1052,.T.);
#1069 = ORIENTED_EDGE('',*,*,#893,.F.);
#1070 = ORIENTED_EDGE('',*,*,#1071,.F.);
#1071 = EDGE_CURVE('',#604,#687,#1072,.T.);
#1072 = LINE('',#1073,#1074);
#1073 = CARTESIAN_POINT('',(0.5,-0.4,0.405));
#1074 = VECTOR('',#1075,1.);
#1075 = DIRECTION('',(0.,1.,0.));
#1076 = CYLINDRICAL_SURFACE('',#1077,4.5E-02);
#1077 = AXIS2_PLACEMENT_3D('',#1078,#1079,#1080);
#1078 = CARTESIAN_POINT('',(0.545,-0.4,0.405));
#1079 = DIRECTION('',(0.,1.,0.));
#1080 = DIRECTION('',(-1.,0.,0.));
#1081 = ADVANCED_FACE('',(#1082),#1093,.T.);
#1082 = FACE_BOUND('',#1083,.T.);
#1083 = EDGE_LOOP('',(#1084,#1085,#1086,#1087));
#1084 = ORIENTED_EDGE('',*,*,#835,.F.);
#1085 = ORIENTED_EDGE('',*,*,#1071,.T.);
#1086 = ORIENTED_EDGE('',*,*,#952,.T.);
#1087 = ORIENTED_EDGE('',*,*,#1088,.F.);
#1088 = EDGE_CURVE('',#828,#945,#1089,.T.);
#1089 = LINE('',#1090,#1091);
#1090 = CARTESIAN_POINT('',(0.5,-0.4,0.45));
#1091 = VECTOR('',#1092,1.);
#1092 = DIRECTION('',(0.,1.,0.));
#1093 = PLANE('',#1094);
#1094 = AXIS2_PLACEMENT_3D('',#1095,#1096,#1097);
#1095 = CARTESIAN_POINT('',(0.5,-0.4,0.405));
#1096 = DIRECTION('',(1.,0.,0.));
#1097 = DIRECTION('',(0.,0.,1.));
#1098 = ADVANCED_FACE('',(#1099),#1105,.T.);
#1099 = FACE_BOUND('',#1100,.T.);
#1100 = EDGE_LOOP('',(#1101,#1102,#1103,#1104));
#1101 = ORIENTED_EDGE('',*,*,#859,.F.);
#1102 = ORIENTED_EDGE('',*,*,#827,.T.);
#1103 = ORIENTED_EDGE('',*,*,#1088,.T.);
#1104 = ORIENTED_EDGE('',*,*,#944,.F.);
#1105 = PLANE('',#1106);
#1106 = AXIS2_PLACEMENT_3D('',#1107,#1108,#1109);
#1107 = CARTESIAN_POINT('',(-0.5,-0.4,0.45));
#1108 = DIRECTION('',(0.,0.,1.));
#1109 = DIRECTION('',(1.,0.,-0.));
#1110 = ( GEOMETRIC_REPRESENTATION_CONTEXT(3) 
GLOBAL_UNCERTAINTY_ASSIGNED_CONTEXT((#1114)) 
GLOBAL_UNIT_ASSIGNED_CONTEXT((#1111,#1112,#1113)) REPRESENTATION_CONTEXT
('Context #1','3D Context with UNIT and UNCERTAINTY') );
#1111 = ( LENGTH_UNIT() NAMED_UNIT(*) SI_UNIT(.MILLI.,.METRE.) );
#1112 = ( NAMED_UNIT(*) PLANE_ANGLE_UNIT() SI_UNIT($,.RADIAN.) );
#1113 = ( NAMED_UNIT(*) SI_UNIT($,.STERADIAN.) SOLID_ANGLE_UNIT() );
#1114 = UNCERTAINTY_MEASURE_WITH_UNIT(LENGTH_MEASURE(1.E-07),#1111,
  'distance_accuracy_value','confusion accuracy');
#1115 = CONTEXT_DEPENDENT_SHAPE_REPRESENTATION(#1116,#1118);
#1116 = ( REPRESENTATION_RELATIONSHIP('','',#319,#296) 
REPRESENTATION_RELATIONSHIP_WITH_TRANSFORMATION(#1117) 
SHAPE_REPRESENTATION_RELATIONSHIP() );
#1117 = ITEM_DEFINED_TRANSFORMATION('','',#11,#297);
#1118 = PRODUCT_DEFINITION_SHAPE('Placement','Placement of an item',
  #1119);
#1119 = NEXT_ASSEMBLY_USAGE_OCCURRENCE('1','=>[0:1:1:3]','',#291,#314,$
  );
#1120 = PRODUCT_RELATED_PRODUCT_CATEGORY('part',$,(#316));
#1121 = CONTEXT_DEPENDENT_SHAPE_REPRESENTATION(#1122,#1124);
#1122 = ( REPRESENTATION_RELATIONSHIP('','',#296,#10) 
REPRESENTATION_RELATIONSHIP_WITH_TRANSFORMATION(#1123) 
SHAPE_REPRESENTATION_RELATIONSHIP() );
#1123 = ITEM_DEFINED_TRANSFORMATION('','',#11,#19);
#1124 = PRODUCT_DEFINITION_SHAPE('Placement','Placement of an item',
  #1125);
#1125 = NEXT_ASSEMBLY_USAGE_OCCURRENCE('3','R29','',#5,#291,$);
#1126 = CONTEXT_DEPENDENT_SHAPE_REPRESENTATION(#1127,#1129);
#1127 = ( REPRESENTATION_RELATIONSHIP('','',#296,#10) 
REPRESENTATION_RELATIONSHIP_WITH_TRANSFORMATION(#1128) 
SHAPE_REPRESENTATION_RELATIONSHIP() );
#1128 = ITEM_DEFINED_TRANSFORMATION('','',#11,#23);
#1129 = PRODUCT_DEFINITION_SHAPE('Placement','Placement of an item',
  #1130);
#1130 = NEXT_ASSEMBLY_USAGE_OCCURRENCE('4','R19','',#5,#291,$);
#1131 = CONTEXT_DEPENDENT_SHAPE_REPRESENTATION(#1132,#1134);
#1132 = ( REPRESENTATION_RELATIONSHIP('','',#296,#10) 
REPRESENTATION_RELATIONSHIP_WITH_TRANSFORMATION(#1133) 
SHAPE_REPRESENTATION_RELATIONSHIP() );
#1133 = ITEM_DEFINED_TRANSFORMATION('','',#11,#27);
#1134 = PRODUCT_DEFINITION_SHAPE('Placement','Placement of an item',
  #1135);
#1135 = NEXT_ASSEMBLY_USAGE_OCCURRENCE('5','R6','',#5,#291,$);
#1136 = CONTEXT_DEPENDENT_SHAPE_REPRESENTATION(#1137,#1139);
#1137 = ( REPRESENTATION_RELATIONSHIP('','',#296,#10) 
REPRESENTATION_RELATIONSHIP_WITH_TRANSFORMATION(#1138) 
SHAPE_REPRESENTATION_RELATIONSHIP() );
#1138 = ITEM_DEFINED_TRANSFORMATION('','',#11,#31);
#1139 = PRODUCT_DEFINITION_SHAPE('Placement','Placement of an item',
  #1140);
#1140 = NEXT_ASSEMBLY_USAGE_OCCURRENCE('6','R12','',#5,#291,$);
#1141 = CONTEXT_DEPENDENT_SHAPE_REPRESENTATION(#1142,#1144);
#1142 = ( REPRESENTATION_RELATIONSHIP('','',#296,#10) 
REPRESENTATION_RELATIONSHIP_WITH_TRANSFORMATION(#1143) 
SHAPE_REPRESENTATION_RELATIONSHIP() );
#1143 = ITEM_DEFINED_TRANSFORMATION('','',#11,#35);
#1144 = PRODUCT_DEFINITION_SHAPE('Placement','Placement of an item',
  #1145);
#1145 = NEXT_ASSEMBLY_USAGE_OCCURRENCE('7','R8','',#5,#291,$);
#1146 = SHAPE_DEFINITION_REPRESENTATION(#1147,#1153);
#1147 = PRODUCT_DEFINITION_SHAPE('','',#1148);
#1148 = PRODUCT_DEFINITION('design','',#1149,#1152);
#1149 = PRODUCT_DEFINITION_FORMATION('','',#1150);
#1150 = PRODUCT('PinSocket_1x07_P2.54mm_Vertical',
  'PinSocket_1x07_P2.54mm_Vertical','',(#1151));
#1151 = PRODUCT_CONTEXT('',#2,'mechanical');
#1152 = PRODUCT_DEFINITION_CONTEXT('part definition',#2,'design');
#1153 = SHAPE_REPRESENTATION('',(#11,#1154),#1158);
#1154 = AXIS2_PLACEMENT_3D('',#1155,#1156,#1157);
#1155 = CARTESIAN_POINT('',(0.,0.,0.));
#1156 = DIRECTION('',(0.,0.,1.));
#1157 = DIRECTION('',(1.,0.,-0.));
#1158 = ( GEOMETRIC_REPRESENTATION_CONTEXT(3) 
GLOBAL_UNCERTAINTY_ASSIGNED_CONTEXT((#1162)) 
GLOBAL_UNIT_ASSIGNED_CONTEXT((#1159,#1160,#1161)) REPRESENTATION_CONTEXT
('Context #1','3D Context with UNIT and UNCERTAINTY') );
#1159 = ( LENGTH_UNIT() NAMED_UNIT(*) SI_UNIT(.MILLI.,.METRE.) );
#1160 = ( NAMED_UNIT(*) PLANE_ANGLE_UNIT() SI_UNIT($,.RADIAN.) );
#1161 = ( NAMED_UNIT(*) SI_UNIT($,.STERADIAN.) SOLID_ANGLE_UNIT() );
#1162 = UNCERTAINTY_MEASURE_WITH_UNIT(LENGTH_MEASURE(1.E-07),#1159,
  'distance_accuracy_value','confusion accuracy');
#1163 = CONTEXT_DEPENDENT_SHAPE_REPRESENTATION(#1164,#1166);
#1164 = ( REPRESENTATION_RELATIONSHIP('','',#1153,#10) 
REPRESENTATION_RELATIONSHIP_WITH_TRANSFORMATION(#1165) 
SHAPE_REPRESENTATION_RELATIONSHIP() );
#1165 = ITEM_DEFINED_TRANSFORMATION('','',#11,#39);
#1166 = PRODUCT_DEFINITION_SHAPE('Placement','Placement of an item',
  #1167);
#1167 = NEXT_ASSEMBLY_USAGE_OCCURRENCE('9','J1','',#5,#1148,$);
#1168 = PRODUCT_RELATED_PRODUCT_CATEGORY('part',$,(#1150));
#1169 = SHAPE_DEFINITION_REPRESENTATION(#1170,#1176);
#1170 = PRODUCT_DEFINITION_SHAPE('','',#1171);
#1171 = PRODUCT_DEFINITION('design','',#1172,#1175);
#1172 = PRODUCT_DEFINITION_FORMATION('','',#1173);
#1173 = PRODUCT('PinSocket_1x07_P254mm_Vertical',
  'PinSocket_1x07_P254mm_Vertical','',(#1174));
#1174 = PRODUCT_CONTEXT('',#2,'mechanical');
#1175 = PRODUCT_DEFINITION_CONTEXT('part definition',#2,'design');
#1176 = ADVANCED_BREP_SHAPE_REPRESENTATION('',(#11,#1177),#7885);
#1177 = MANIFOLD_SOLID_BREP('',#1178);
#1178 = CLOSED_SHELL('',(#1179,#1219,#1282,#1345,#1362,#1617,#1639,#1656
    ,#2135,#2147,#2159,#2190,#2214,#2238,#2255,#2286,#2310,#2334,#2351,
    #2382,#2406,#2430,#2447,#2478,#2502,#2526,#2543,#2574,#2598,#2622,
    #2639,#2670,#2694,#2718,#2735,#2766,#2790,#2814,#2831,#2848,#2895,
    #2912,#2959,#2976,#3023,#3040,#3087,#3104,#3151,#3168,#3215,#3232,
    #3279,#3296,#3343,#3360,#3407,#3424,#3471,#3518,#3535,#3582,#3599,
    #3616,#3663,#3680,#3727,#3758,#3782,#3806,#3823,#3854,#3878,#3902,
    #3919,#3950,#3974,#3998,#4015,#4046,#4070,#4094,#4111,#4142,#4166,
    #4190,#4207,#4238,#4262,#4286,#4303,#4334,#4358,#4382,#4399,#4416,
    #4433,#4450,#4467,#4479,#4496,#4513,#4530,#4547,#4559,#4576,#4593,
    #4610,#4627,#4639,#4656,#4673,#4690,#4707,#4719,#4736,#4753,#4770,
    #4787,#4799,#4816,#4833,#4850,#4867,#4879,#4896,#4913,#4930,#4947,
    #4959,#5005,#5051,#5097,#5143,#5189,#5235,#5281,#5344,#5368,#5424,
    #5441,#5504,#5528,#5584,#5601,#5664,#5688,#5744,#5761,#5824,#5848,
    #5904,#5921,#5984,#6008,#6064,#6081,#6144,#6168,#6224,#6241,#6304,
    #6328,#6384,#6401,#6418,#6467,#6491,#6538,#6550,#6567,#6584,#6633,
    #6657,#6704,#6716,#6733,#6750,#6799,#6823,#6870,#6882,#6899,#6916,
    #6965,#6989,#7036,#7048,#7065,#7082,#7131,#7155,#7202,#7214,#7231,
    #7248,#7297,#7321,#7368,#7380,#7397,#7414,#7463,#7487,#7534,#7546,
    #7563,#7580,#7597,#7609,#7626,#7643,#7655,#7672,#7689,#7701,#7718,
    #7735,#7747,#7764,#7781,#7793,#7810,#7827,#7839,#7856,#7873));
#1179 = ADVANCED_FACE('',(#1180),#1214,.F.);
#1180 = FACE_BOUND('',#1181,.F.);
#1181 = EDGE_LOOP('',(#1182,#1192,#1200,#1208));
#1182 = ORIENTED_EDGE('',*,*,#1183,.T.);
#1183 = EDGE_CURVE('',#1184,#1186,#1188,.T.);
#1184 = VERTEX_POINT('',#1185);
#1185 = CARTESIAN_POINT('',(1.27,-16.51,0.));
#1186 = VERTEX_POINT('',#1187);
#1187 = CARTESIAN_POINT('',(1.27,-16.51,7.));
#1188 = LINE('',#1189,#1190);
#1189 = CARTESIAN_POINT('',(1.27,-16.51,0.));
#1190 = VECTOR('',#1191,1.);
#1191 = DIRECTION('',(0.,0.,1.));
#1192 = ORIENTED_EDGE('',*,*,#1193,.T.);
#1193 = EDGE_CURVE('',#1186,#1194,#1196,.T.);
#1194 = VERTEX_POINT('',#1195);
#1195 = CARTESIAN_POINT('',(1.27,1.27,7.));
#1196 = LINE('',#1197,#1198);
#1197 = CARTESIAN_POINT('',(1.27,-16.51,7.));
#1198 = VECTOR('',#1199,1.);
#1199 = DIRECTION('',(-4.440892098501E-16,1.,0.));
#1200 = ORIENTED_EDGE('',*,*,#1201,.F.);
#1201 = EDGE_CURVE('',#1202,#1194,#1204,.T.);
#1202 = VERTEX_POINT('',#1203);
#1203 = CARTESIAN_POINT('',(1.27,1.27,0.));
#1204 = LINE('',#1205,#1206);
#1205 = CARTESIAN_POINT('',(1.27,1.27,0.));
#1206 = VECTOR('',#1207,1.);
#1207 = DIRECTION('',(0.,0.,1.));
#1208 = ORIENTED_EDGE('',*,*,#1209,.F.);
#1209 = EDGE_CURVE('',#1184,#1202,#1210,.T.);
#1210 = LINE('',#1211,#1212);
#1211 = CARTESIAN_POINT('',(1.27,-16.51,0.));
#1212 = VECTOR('',#1213,1.);
#1213 = DIRECTION('',(-4.440892098501E-16,1.,0.));
#1214 = PLANE('',#1215);
#1215 = AXIS2_PLACEMENT_3D('',#1216,#1217,#1218);
#1216 = CARTESIAN_POINT('',(1.27,-16.51,0.));
#1217 = DIRECTION('',(-1.,-4.440892098501E-16,0.));
#1218 = DIRECTION('',(-4.440892098501E-16,1.,0.));
#1219 = ADVANCED_FACE('',(#1220),#1277,.F.);
#1220 = FACE_BOUND('',#1221,.F.);
#1221 = EDGE_LOOP('',(#1222,#1232,#1240,#1246,#1247,#1255,#1263,#1271));
#1222 = ORIENTED_EDGE('',*,*,#1223,.F.);
#1223 = EDGE_CURVE('',#1224,#1226,#1228,.T.);
#1224 = VERTEX_POINT('',#1225);
#1225 = CARTESIAN_POINT('',(-1.27,-16.51,0.));
#1226 = VERTEX_POINT('',#1227);
#1227 = CARTESIAN_POINT('',(-0.846666666667,-16.51,0.));
#1228 = LINE('',#1229,#1230);
#1229 = CARTESIAN_POINT('',(-1.27,-16.51,0.));
#1230 = VECTOR('',#1231,1.);
#1231 = DIRECTION('',(1.,4.440892098501E-16,0.));
#1232 = ORIENTED_EDGE('',*,*,#1233,.T.);
#1233 = EDGE_CURVE('',#1224,#1234,#1236,.T.);
#1234 = VERTEX_POINT('',#1235);
#1235 = CARTESIAN_POINT('',(-1.27,-16.51,7.));
#1236 = LINE('',#1237,#1238);
#1237 = CARTESIAN_POINT('',(-1.27,-16.51,0.));
#1238 = VECTOR('',#1239,1.);
#1239 = DIRECTION('',(0.,0.,1.));
#1240 = ORIENTED_EDGE('',*,*,#1241,.T.);
#1241 = EDGE_CURVE('',#1234,#1186,#1242,.T.);
#1242 = LINE('',#1243,#1244);
#1243 = CARTESIAN_POINT('',(-1.27,-16.51,7.));
#1244 = VECTOR('',#1245,1.);
#1245 = DIRECTION('',(1.,4.440892098501E-16,0.));
#1246 = ORIENTED_EDGE('',*,*,#1183,.F.);
#1247 = ORIENTED_EDGE('',*,*,#1248,.F.);
#1248 = EDGE_CURVE('',#1249,#1184,#1251,.T.);
#1249 = VERTEX_POINT('',#1250);
#1250 = CARTESIAN_POINT('',(0.846666666667,-16.51,0.));
#1251 = LINE('',#1252,#1253);
#1252 = CARTESIAN_POINT('',(-1.27,-16.51,0.));
#1253 = VECTOR('',#1254,1.);
#1254 = DIRECTION('',(1.,4.440892098501E-16,0.));
#1255 = ORIENTED_EDGE('',*,*,#1256,.T.);
#1256 = EDGE_CURVE('',#1249,#1257,#1259,.T.);
#1257 = VERTEX_POINT('',#1258);
#1258 = CARTESIAN_POINT('',(0.846666666667,-16.51,0.2));
#1259 = LINE('',#1260,#1261);
#1260 = CARTESIAN_POINT('',(0.846666666667,-16.51,0.));
#1261 = VECTOR('',#1262,1.);
#1262 = DIRECTION('',(0.,0.,1.));
#1263 = ORIENTED_EDGE('',*,*,#1264,.F.);
#1264 = EDGE_CURVE('',#1265,#1257,#1267,.T.);
#1265 = VERTEX_POINT('',#1266);
#1266 = CARTESIAN_POINT('',(-0.846666666667,-16.51,0.2));
#1267 = LINE('',#1268,#1269);
#1268 = CARTESIAN_POINT('',(-0.846666666667,-16.51,0.2));
#1269 = VECTOR('',#1270,1.);
#1270 = DIRECTION('',(1.,4.440892098501E-16,0.));
#1271 = ORIENTED_EDGE('',*,*,#1272,.F.);
#1272 = EDGE_CURVE('',#1226,#1265,#1273,.T.);
#1273 = LINE('',#1274,#1275);
#1274 = CARTESIAN_POINT('',(-0.846666666667,-16.51,0.));
#1275 = VECTOR('',#1276,1.);
#1276 = DIRECTION('',(0.,0.,1.));
#1277 = PLANE('',#1278);
#1278 = AXIS2_PLACEMENT_3D('',#1279,#1280,#1281);
#1279 = CARTESIAN_POINT('',(-1.27,-16.51,0.));
#1280 = DIRECTION('',(-4.440892098501E-16,1.,0.));
#1281 = DIRECTION('',(1.,4.440892098501E-16,0.));
#1282 = ADVANCED_FACE('',(#1283),#1340,.F.);
#1283 = FACE_BOUND('',#1284,.F.);
#1284 = EDGE_LOOP('',(#1285,#1293,#1294,#1302,#1310,#1318,#1326,#1334));
#1285 = ORIENTED_EDGE('',*,*,#1286,.F.);
#1286 = EDGE_CURVE('',#1202,#1287,#1289,.T.);
#1287 = VERTEX_POINT('',#1288);
#1288 = CARTESIAN_POINT('',(0.846666666667,1.27,0.));
#1289 = LINE('',#1290,#1291);
#1290 = CARTESIAN_POINT('',(1.27,1.27,0.));
#1291 = VECTOR('',#1292,1.);
#1292 = DIRECTION('',(-1.,-4.440892098501E-16,0.));
#1293 = ORIENTED_EDGE('',*,*,#1201,.T.);
#1294 = ORIENTED_EDGE('',*,*,#1295,.T.);
#1295 = EDGE_CURVE('',#1194,#1296,#1298,.T.);
#1296 = VERTEX_POINT('',#1297);
#1297 = CARTESIAN_POINT('',(-1.27,1.27,7.));
#1298 = LINE('',#1299,#1300);
#1299 = CARTESIAN_POINT('',(1.27,1.27,7.));
#1300 = VECTOR('',#1301,1.);
#1301 = DIRECTION('',(-1.,-4.440892098501E-16,0.));
#1302 = ORIENTED_EDGE('',*,*,#1303,.F.);
#1303 = EDGE_CURVE('',#1304,#1296,#1306,.T.);
#1304 = VERTEX_POINT('',#1305);
#1305 = CARTESIAN_POINT('',(-1.27,1.27,0.));
#1306 = LINE('',#1307,#1308);
#1307 = CARTESIAN_POINT('',(-1.27,1.27,0.));
#1308 = VECTOR('',#1309,1.);
#1309 = DIRECTION('',(0.,0.,1.));
#1310 = ORIENTED_EDGE('',*,*,#1311,.F.);
#1311 = EDGE_CURVE('',#1312,#1304,#1314,.T.);
#1312 = VERTEX_POINT('',#1313);
#1313 = CARTESIAN_POINT('',(-0.846666666667,1.27,0.));
#1314 = LINE('',#1315,#1316);
#1315 = CARTESIAN_POINT('',(1.27,1.27,0.));
#1316 = VECTOR('',#1317,1.);
#1317 = DIRECTION('',(-1.,-4.440892098501E-16,0.));
#1318 = ORIENTED_EDGE('',*,*,#1319,.T.);
#1319 = EDGE_CURVE('',#1312,#1320,#1322,.T.);
#1320 = VERTEX_POINT('',#1321);
#1321 = CARTESIAN_POINT('',(-0.846666666667,1.27,0.2));
#1322 = LINE('',#1323,#1324);
#1323 = CARTESIAN_POINT('',(-0.846666666667,1.27,0.));
#1324 = VECTOR('',#1325,1.);
#1325 = DIRECTION('',(0.,0.,1.));
#1326 = ORIENTED_EDGE('',*,*,#1327,.F.);
#1327 = EDGE_CURVE('',#1328,#1320,#1330,.T.);
#1328 = VERTEX_POINT('',#1329);
#1329 = CARTESIAN_POINT('',(0.846666666667,1.27,0.2));
#1330 = LINE('',#1331,#1332);
#1331 = CARTESIAN_POINT('',(0.846666666667,1.27,0.2));
#1332 = VECTOR('',#1333,1.);
#1333 = DIRECTION('',(-1.,-4.440892098501E-16,0.));
#1334 = ORIENTED_EDGE('',*,*,#1335,.F.);
#1335 = EDGE_CURVE('',#1287,#1328,#1336,.T.);
#1336 = LINE('',#1337,#1338);
#1337 = CARTESIAN_POINT('',(0.846666666667,1.27,0.));
#1338 = VECTOR('',#1339,1.);
#1339 = DIRECTION('',(0.,0.,1.));
#1340 = PLANE('',#1341);
#1341 = AXIS2_PLACEMENT_3D('',#1342,#1343,#1344);
#1342 = CARTESIAN_POINT('',(1.27,1.27,0.));
#1343 = DIRECTION('',(4.440892098501E-16,-1.,0.));
#1344 = DIRECTION('',(-1.,-4.440892098501E-16,0.));
#1345 = ADVANCED_FACE('',(#1346),#1357,.T.);
#1346 = FACE_BOUND('',#1347,.T.);
#1347 = EDGE_LOOP('',(#1348,#1349,#1350,#1356));
#1348 = ORIENTED_EDGE('',*,*,#1209,.F.);
#1349 = ORIENTED_EDGE('',*,*,#1248,.F.);
#1350 = ORIENTED_EDGE('',*,*,#1351,.T.);
#1351 = EDGE_CURVE('',#1249,#1287,#1352,.T.);
#1352 = LINE('',#1353,#1354);
#1353 = CARTESIAN_POINT('',(0.846666666667,-16.51,0.));
#1354 = VECTOR('',#1355,1.);
#1355 = DIRECTION('',(-4.440892098501E-16,1.,0.));
#1356 = ORIENTED_EDGE('',*,*,#1286,.F.);
#1357 = PLANE('',#1358);
#1358 = AXIS2_PLACEMENT_3D('',#1359,#1360,#1361);
#1359 = CARTESIAN_POINT('',(1.27,-16.51,0.));
#1360 = DIRECTION('',(-0.,0.,-1.));
#1361 = DIRECTION('',(4.440892098501E-16,-1.,-0.));
#1362 = ADVANCED_FACE('',(#1363,#1374,#1408,#1442,#1476,#1510,#1544,
    #1578),#1612,.F.);
#1363 = FACE_BOUND('',#1364,.F.);
#1364 = EDGE_LOOP('',(#1365,#1366,#1367,#1373));
#1365 = ORIENTED_EDGE('',*,*,#1193,.F.);
#1366 = ORIENTED_EDGE('',*,*,#1241,.F.);
#1367 = ORIENTED_EDGE('',*,*,#1368,.F.);
#1368 = EDGE_CURVE('',#1296,#1234,#1369,.T.);
#1369 = LINE('',#1370,#1371);
#1370 = CARTESIAN_POINT('',(-1.27,1.27,7.));
#1371 = VECTOR('',#1372,1.);
#1372 = DIRECTION('',(4.440892098501E-16,-1.,0.));
#1373 = ORIENTED_EDGE('',*,*,#1295,.F.);
#1374 = FACE_BOUND('',#1375,.F.);
#1375 = EDGE_LOOP('',(#1376,#1386,#1394,#1402));
#1376 = ORIENTED_EDGE('',*,*,#1377,.T.);
#1377 = EDGE_CURVE('',#1378,#1380,#1382,.T.);
#1378 = VERTEX_POINT('',#1379);
#1379 = CARTESIAN_POINT('',(-0.6,-9.56,7.));
#1380 = VERTEX_POINT('',#1381);
#1381 = CARTESIAN_POINT('',(-0.6,-10.76,7.));
#1382 = LINE('',#1383,#1384);
#1383 = CARTESIAN_POINT('',(-0.6,-9.56,7.));
#1384 = VECTOR('',#1385,1.);
#1385 = DIRECTION('',(4.440892098501E-16,-1.,0.));
#1386 = ORIENTED_EDGE('',*,*,#1387,.T.);
#1387 = EDGE_CURVE('',#1380,#1388,#1390,.T.);
#1388 = VERTEX_POINT('',#1389);
#1389 = CARTESIAN_POINT('',(0.6,-10.76,7.));
#1390 = LINE('',#1391,#1392);
#1391 = CARTESIAN_POINT('',(-0.6,-10.76,7.));
#1392 = VECTOR('',#1393,1.);
#1393 = DIRECTION('',(1.,4.440892098501E-16,0.));
#1394 = ORIENTED_EDGE('',*,*,#1395,.T.);
#1395 = EDGE_CURVE('',#1388,#1396,#1398,.T.);
#1396 = VERTEX_POINT('',#1397);
#1397 = CARTESIAN_POINT('',(0.6,-9.56,7.));
#1398 = LINE('',#1399,#1400);
#1399 = CARTESIAN_POINT('',(0.6,-10.76,7.));
#1400 = VECTOR('',#1401,1.);
#1401 = DIRECTION('',(-4.440892098501E-16,1.,0.));
#1402 = ORIENTED_EDGE('',*,*,#1403,.T.);
#1403 = EDGE_CURVE('',#1396,#1378,#1404,.T.);
#1404 = LINE('',#1405,#1406);
#1405 = CARTESIAN_POINT('',(0.6,-9.56,7.));
#1406 = VECTOR('',#1407,1.);
#1407 = DIRECTION('',(-1.,-4.440892098501E-16,0.));
#1408 = FACE_BOUND('',#1409,.F.);
#1409 = EDGE_LOOP('',(#1410,#1420,#1428,#1436));
#1410 = ORIENTED_EDGE('',*,*,#1411,.T.);
#1411 = EDGE_CURVE('',#1412,#1414,#1416,.T.);
#1412 = VERTEX_POINT('',#1413);
#1413 = CARTESIAN_POINT('',(-0.6,-13.3,7.));
#1414 = VERTEX_POINT('',#1415);
#1415 = CARTESIAN_POINT('',(0.6,-13.3,7.));
#1416 = LINE('',#1417,#1418);
#1417 = CARTESIAN_POINT('',(-0.6,-13.3,7.));
#1418 = VECTOR('',#1419,1.);
#1419 = DIRECTION('',(1.,4.440892098501E-16,0.));
#1420 = ORIENTED_EDGE('',*,*,#1421,.T.);
#1421 = EDGE_CURVE('',#1414,#1422,#1424,.T.);
#1422 = VERTEX_POINT('',#1423);
#1423 = CARTESIAN_POINT('',(0.6,-12.1,7.));
#1424 = LINE('',#1425,#1426);
#1425 = CARTESIAN_POINT('',(0.6,-13.3,7.));
#1426 = VECTOR('',#1427,1.);
#1427 = DIRECTION('',(-4.440892098501E-16,1.,0.));
#1428 = ORIENTED_EDGE('',*,*,#1429,.T.);
#1429 = EDGE_CURVE('',#1422,#1430,#1432,.T.);
#1430 = VERTEX_POINT('',#1431);
#1431 = CARTESIAN_POINT('',(-0.6,-12.1,7.));
#1432 = LINE('',#1433,#1434);
#1433 = CARTESIAN_POINT('',(0.6,-12.1,7.));
#1434 = VECTOR('',#1435,1.);
#1435 = DIRECTION('',(-1.,-4.440892098501E-16,0.));
#1436 = ORIENTED_EDGE('',*,*,#1437,.T.);
#1437 = EDGE_CURVE('',#1430,#1412,#1438,.T.);
#1438 = LINE('',#1439,#1440);
#1439 = CARTESIAN_POINT('',(-0.6,-12.1,7.));
#1440 = VECTOR('',#1441,1.);
#1441 = DIRECTION('',(4.440892098501E-16,-1.,0.));
#1442 = FACE_BOUND('',#1443,.F.);
#1443 = EDGE_LOOP('',(#1444,#1454,#1462,#1470));
#1444 = ORIENTED_EDGE('',*,*,#1445,.T.);
#1445 = EDGE_CURVE('',#1446,#1448,#1450,.T.);
#1446 = VERTEX_POINT('',#1447);
#1447 = CARTESIAN_POINT('',(0.6,-15.84,7.));
#1448 = VERTEX_POINT('',#1449);
#1449 = CARTESIAN_POINT('',(0.6,-14.64,7.));
#1450 = LINE('',#1451,#1452);
#1451 = CARTESIAN_POINT('',(0.6,-15.84,7.));
#1452 = VECTOR('',#1453,1.);
#1453 = DIRECTION('',(-4.440892098501E-16,1.,0.));
#1454 = ORIENTED_EDGE('',*,*,#1455,.T.);
#1455 = EDGE_CURVE('',#1448,#1456,#1458,.T.);
#1456 = VERTEX_POINT('',#1457);
#1457 = CARTESIAN_POINT('',(-0.6,-14.64,7.));
#1458 = LINE('',#1459,#1460);
#1459 = CARTESIAN_POINT('',(0.6,-14.64,7.));
#1460 = VECTOR('',#1461,1.);
#1461 = DIRECTION('',(-1.,-4.440892098501E-16,0.));
#1462 = ORIENTED_EDGE('',*,*,#1463,.T.);
#1463 = EDGE_CURVE('',#1456,#1464,#1466,.T.);
#1464 = VERTEX_POINT('',#1465);
#1465 = CARTESIAN_POINT('',(-0.6,-15.84,7.));
#1466 = LINE('',#1467,#1468);
#1467 = CARTESIAN_POINT('',(-0.6,-14.64,7.));
#1468 = VECTOR('',#1469,1.);
#1469 = DIRECTION('',(4.440892098501E-16,-1.,0.));
#1470 = ORIENTED_EDGE('',*,*,#1471,.T.);
#1471 = EDGE_CURVE('',#1464,#1446,#1472,.T.);
#1472 = LINE('',#1473,#1474);
#1473 = CARTESIAN_POINT('',(-0.6,-15.84,7.));
#1474 = VECTOR('',#1475,1.);
#1475 = DIRECTION('',(1.,4.440892098501E-16,0.));
#1476 = FACE_BOUND('',#1477,.F.);
#1477 = EDGE_LOOP('',(#1478,#1488,#1496,#1504));
#1478 = ORIENTED_EDGE('',*,*,#1479,.T.);
#1479 = EDGE_CURVE('',#1480,#1482,#1484,.T.);
#1480 = VERTEX_POINT('',#1481);
#1481 = CARTESIAN_POINT('',(0.6,-5.68,7.));
#1482 = VERTEX_POINT('',#1483);
#1483 = CARTESIAN_POINT('',(0.6,-4.48,7.));
#1484 = LINE('',#1485,#1486);
#1485 = CARTESIAN_POINT('',(0.6,-5.68,7.));
#1486 = VECTOR('',#1487,1.);
#1487 = DIRECTION('',(-4.440892098501E-16,1.,0.));
#1488 = ORIENTED_EDGE('',*,*,#1489,.T.);
#1489 = EDGE_CURVE('',#1482,#1490,#1492,.T.);
#1490 = VERTEX_POINT('',#1491);
#1491 = CARTESIAN_POINT('',(-0.6,-4.48,7.));
#1492 = LINE('',#1493,#1494);
#1493 = CARTESIAN_POINT('',(0.6,-4.48,7.));
#1494 = VECTOR('',#1495,1.);
#1495 = DIRECTION('',(-1.,-4.440892098501E-16,0.));
#1496 = ORIENTED_EDGE('',*,*,#1497,.T.);
#1497 = EDGE_CURVE('',#1490,#1498,#1500,.T.);
#1498 = VERTEX_POINT('',#1499);
#1499 = CARTESIAN_POINT('',(-0.6,-5.68,7.));
#1500 = LINE('',#1501,#1502);
#1501 = CARTESIAN_POINT('',(-0.6,-4.48,7.));
#1502 = VECTOR('',#1503,1.);
#1503 = DIRECTION('',(4.440892098501E-16,-1.,0.));
#1504 = ORIENTED_EDGE('',*,*,#1505,.T.);
#1505 = EDGE_CURVE('',#1498,#1480,#1506,.T.);
#1506 = LINE('',#1507,#1508);
#1507 = CARTESIAN_POINT('',(-0.6,-5.68,7.));
#1508 = VECTOR('',#1509,1.);
#1509 = DIRECTION('',(1.,4.440892098501E-16,0.));
#1510 = FACE_BOUND('',#1511,.F.);
#1511 = EDGE_LOOP('',(#1512,#1522,#1530,#1538));
#1512 = ORIENTED_EDGE('',*,*,#1513,.T.);
#1513 = EDGE_CURVE('',#1514,#1516,#1518,.T.);
#1514 = VERTEX_POINT('',#1515);
#1515 = CARTESIAN_POINT('',(-0.6,-7.02,7.));
#1516 = VERTEX_POINT('',#1517);
#1517 = CARTESIAN_POINT('',(-0.6,-8.22,7.));
#1518 = LINE('',#1519,#1520);
#1519 = CARTESIAN_POINT('',(-0.6,-7.02,7.));
#1520 = VECTOR('',#1521,1.);
#1521 = DIRECTION('',(4.440892098501E-16,-1.,0.));
#1522 = ORIENTED_EDGE('',*,*,#1523,.T.);
#1523 = EDGE_CURVE('',#1516,#1524,#1526,.T.);
#1524 = VERTEX_POINT('',#1525);
#1525 = CARTESIAN_POINT('',(0.6,-8.22,7.));
#1526 = LINE('',#1527,#1528);
#1527 = CARTESIAN_POINT('',(-0.6,-8.22,7.));
#1528 = VECTOR('',#1529,1.);
#1529 = DIRECTION('',(1.,4.440892098501E-16,0.));
#1530 = ORIENTED_EDGE('',*,*,#1531,.T.);
#1531 = EDGE_CURVE('',#1524,#1532,#1534,.T.);
#1532 = VERTEX_POINT('',#1533);
#1533 = CARTESIAN_POINT('',(0.6,-7.02,7.));
#1534 = LINE('',#1535,#1536);
#1535 = CARTESIAN_POINT('',(0.6,-8.22,7.));
#1536 = VECTOR('',#1537,1.);
#1537 = DIRECTION('',(-4.440892098501E-16,1.,0.));
#1538 = ORIENTED_EDGE('',*,*,#1539,.T.);
#1539 = EDGE_CURVE('',#1532,#1514,#1540,.T.);
#1540 = LINE('',#1541,#1542);
#1541 = CARTESIAN_POINT('',(0.6,-7.02,7.));
#1542 = VECTOR('',#1543,1.);
#1543 = DIRECTION('',(-1.,-4.440892098501E-16,0.));
#1544 = FACE_BOUND('',#1545,.F.);
#1545 = EDGE_LOOP('',(#1546,#1556,#1564,#1572));
#1546 = ORIENTED_EDGE('',*,*,#1547,.T.);
#1547 = EDGE_CURVE('',#1548,#1550,#1552,.T.);
#1548 = VERTEX_POINT('',#1549);
#1549 = CARTESIAN_POINT('',(-0.6,0.6,7.));
#1550 = VERTEX_POINT('',#1551);
#1551 = CARTESIAN_POINT('',(-0.6,-0.6,7.));
#1552 = LINE('',#1553,#1554);
#1553 = CARTESIAN_POINT('',(-0.6,0.6,7.));
#1554 = VECTOR('',#1555,1.);
#1555 = DIRECTION('',(4.440892098501E-16,-1.,0.));
#1556 = ORIENTED_EDGE('',*,*,#1557,.T.);
#1557 = EDGE_CURVE('',#1550,#1558,#1560,.T.);
#1558 = VERTEX_POINT('',#1559);
#1559 = CARTESIAN_POINT('',(0.6,-0.6,7.));
#1560 = LINE('',#1561,#1562);
#1561 = CARTESIAN_POINT('',(-0.6,-0.6,7.));
#1562 = VECTOR('',#1563,1.);
#1563 = DIRECTION('',(1.,4.440892098501E-16,0.));
#1564 = ORIENTED_EDGE('',*,*,#1565,.T.);
#1565 = EDGE_CURVE('',#1558,#1566,#1568,.T.);
#1566 = VERTEX_POINT('',#1567);
#1567 = CARTESIAN_POINT('',(0.6,0.6,7.));
#1568 = LINE('',#1569,#1570);
#1569 = CARTESIAN_POINT('',(0.6,-0.6,7.));
#1570 = VECTOR('',#1571,1.);
#1571 = DIRECTION('',(-4.440892098501E-16,1.,0.));
#1572 = ORIENTED_EDGE('',*,*,#1573,.T.);
#1573 = EDGE_CURVE('',#1566,#1548,#1574,.T.);
#1574 = LINE('',#1575,#1576);
#1575 = CARTESIAN_POINT('',(0.6,0.6,7.));
#1576 = VECTOR('',#1577,1.);
#1577 = DIRECTION('',(-1.,-4.440892098501E-16,0.));
#1578 = FACE_BOUND('',#1579,.F.);
#1579 = EDGE_LOOP('',(#1580,#1590,#1598,#1606));
#1580 = ORIENTED_EDGE('',*,*,#1581,.T.);
#1581 = EDGE_CURVE('',#1582,#1584,#1586,.T.);
#1582 = VERTEX_POINT('',#1583);
#1583 = CARTESIAN_POINT('',(0.6,-3.14,7.));
#1584 = VERTEX_POINT('',#1585);
#1585 = CARTESIAN_POINT('',(0.6,-1.94,7.));
#1586 = LINE('',#1587,#1588);
#1587 = CARTESIAN_POINT('',(0.6,-3.14,7.));
#1588 = VECTOR('',#1589,1.);
#1589 = DIRECTION('',(-4.440892098501E-16,1.,0.));
#1590 = ORIENTED_EDGE('',*,*,#1591,.T.);
#1591 = EDGE_CURVE('',#1584,#1592,#1594,.T.);
#1592 = VERTEX_POINT('',#1593);
#1593 = CARTESIAN_POINT('',(-0.6,-1.94,7.));
#1594 = LINE('',#1595,#1596);
#1595 = CARTESIAN_POINT('',(0.6,-1.94,7.));
#1596 = VECTOR('',#1597,1.);
#1597 = DIRECTION('',(-1.,-4.440892098501E-16,0.));
#1598 = ORIENTED_EDGE('',*,*,#1599,.T.);
#1599 = EDGE_CURVE('',#1592,#1600,#1602,.T.);
#1600 = VERTEX_POINT('',#1601);
#1601 = CARTESIAN_POINT('',(-0.6,-3.14,7.));
#1602 = LINE('',#1603,#1604);
#1603 = CARTESIAN_POINT('',(-0.6,-1.94,7.));
#1604 = VECTOR('',#1605,1.);
#1605 = DIRECTION('',(4.440892098501E-16,-1.,0.));
#1606 = ORIENTED_EDGE('',*,*,#1607,.T.);
#1607 = EDGE_CURVE('',#1600,#1582,#1608,.T.);
#1608 = LINE('',#1609,#1610);
#1609 = CARTESIAN_POINT('',(-0.6,-3.14,7.));
#1610 = VECTOR('',#1611,1.);
#1611 = DIRECTION('',(1.,4.440892098501E-16,0.));
#1612 = PLANE('',#1613);
#1613 = AXIS2_PLACEMENT_3D('',#1614,#1615,#1616);
#1614 = CARTESIAN_POINT('',(1.27,-16.51,7.));
#1615 = DIRECTION('',(-0.,0.,-1.));
#1616 = DIRECTION('',(4.440892098501E-16,-1.,-0.));
#1617 = ADVANCED_FACE('',(#1618),#1634,.T.);
#1618 = FACE_BOUND('',#1619,.T.);
#1619 = EDGE_LOOP('',(#1620,#1626,#1627,#1633));
#1620 = ORIENTED_EDGE('',*,*,#1621,.T.);
#1621 = EDGE_CURVE('',#1312,#1226,#1622,.T.);
#1622 = LINE('',#1623,#1624);
#1623 = CARTESIAN_POINT('',(-0.846666666667,1.27,0.));
#1624 = VECTOR('',#1625,1.);
#1625 = DIRECTION('',(4.440892098501E-16,-1.,0.));
#1626 = ORIENTED_EDGE('',*,*,#1223,.F.);
#1627 = ORIENTED_EDGE('',*,*,#1628,.F.);
#1628 = EDGE_CURVE('',#1304,#1224,#1629,.T.);
#1629 = LINE('',#1630,#1631);
#1630 = CARTESIAN_POINT('',(-1.27,1.27,0.));
#1631 = VECTOR('',#1632,1.);
#1632 = DIRECTION('',(4.440892098501E-16,-1.,0.));
#1633 = ORIENTED_EDGE('',*,*,#1311,.F.);
#1634 = PLANE('',#1635);
#1635 = AXIS2_PLACEMENT_3D('',#1636,#1637,#1638);
#1636 = CARTESIAN_POINT('',(1.27,-16.51,0.));
#1637 = DIRECTION('',(-0.,0.,-1.));
#1638 = DIRECTION('',(4.440892098501E-16,-1.,-0.));
#1639 = ADVANCED_FACE('',(#1640),#1651,.T.);
#1640 = FACE_BOUND('',#1641,.T.);
#1641 = EDGE_LOOP('',(#1642,#1643,#1649,#1650));
#1642 = ORIENTED_EDGE('',*,*,#1319,.T.);
#1643 = ORIENTED_EDGE('',*,*,#1644,.T.);
#1644 = EDGE_CURVE('',#1320,#1265,#1645,.T.);
#1645 = LINE('',#1646,#1647);
#1646 = CARTESIAN_POINT('',(-0.846666666667,1.27,0.2));
#1647 = VECTOR('',#1648,1.);
#1648 = DIRECTION('',(4.440892098501E-16,-1.,0.));
#1649 = ORIENTED_EDGE('',*,*,#1272,.F.);
#1650 = ORIENTED_EDGE('',*,*,#1621,.F.);
#1651 = PLANE('',#1652);
#1652 = AXIS2_PLACEMENT_3D('',#1653,#1654,#1655);
#1653 = CARTESIAN_POINT('',(-0.846666666667,1.27,0.));
#1654 = DIRECTION('',(1.,4.440892098501E-16,0.));
#1655 = DIRECTION('',(4.440892098501E-16,-1.,0.));
#1656 = ADVANCED_FACE('',(#1657,#1668,#1734,#1800,#1866,#1932,#1998,
    #2064),#2130,.T.);
#1657 = FACE_BOUND('',#1658,.T.);
#1658 = EDGE_LOOP('',(#1659,#1665,#1666,#1667));
#1659 = ORIENTED_EDGE('',*,*,#1660,.F.);
#1660 = EDGE_CURVE('',#1257,#1328,#1661,.T.);
#1661 = LINE('',#1662,#1663);
#1662 = CARTESIAN_POINT('',(0.846666666667,-16.51,0.2));
#1663 = VECTOR('',#1664,1.);
#1664 = DIRECTION('',(-4.440892098501E-16,1.,0.));
#1665 = ORIENTED_EDGE('',*,*,#1264,.F.);
#1666 = ORIENTED_EDGE('',*,*,#1644,.F.);
#1667 = ORIENTED_EDGE('',*,*,#1327,.F.);
#1668 = FACE_BOUND('',#1669,.T.);
#1669 = EDGE_LOOP('',(#1670,#1680,#1688,#1696,#1704,#1712,#1720,#1728));
#1670 = ORIENTED_EDGE('',*,*,#1671,.T.);
#1671 = EDGE_CURVE('',#1672,#1674,#1676,.T.);
#1672 = VERTEX_POINT('',#1673);
#1673 = CARTESIAN_POINT('',(-0.1,-12.25,0.2));
#1674 = VERTEX_POINT('',#1675);
#1675 = CARTESIAN_POINT('',(-0.1,-12.4,0.2));
#1676 = LINE('',#1677,#1678);
#1677 = CARTESIAN_POINT('',(-0.1,-12.25,0.2));
#1678 = VECTOR('',#1679,1.);
#1679 = DIRECTION('',(4.440892098501E-16,-1.,0.));
#1680 = ORIENTED_EDGE('',*,*,#1681,.T.);
#1681 = EDGE_CURVE('',#1674,#1682,#1684,.T.);
#1682 = VERTEX_POINT('',#1683);
#1683 = CARTESIAN_POINT('',(-0.1,-13.,0.2));
#1684 = LINE('',#1685,#1686);
#1685 = CARTESIAN_POINT('',(-0.1,-14.455,0.2));
#1686 = VECTOR('',#1687,1.);
#1687 = DIRECTION('',(4.440892098501E-16,-1.,0.));
#1688 = ORIENTED_EDGE('',*,*,#1689,.T.);
#1689 = EDGE_CURVE('',#1682,#1690,#1692,.T.);
#1690 = VERTEX_POINT('',#1691);
#1691 = CARTESIAN_POINT('',(-0.1,-13.15,0.2));
#1692 = LINE('',#1693,#1694);
#1693 = CARTESIAN_POINT('',(-0.1,-12.25,0.2));
#1694 = VECTOR('',#1695,1.);
#1695 = DIRECTION('',(4.440892098501E-16,-1.,0.));
#1696 = ORIENTED_EDGE('',*,*,#1697,.T.);
#1697 = EDGE_CURVE('',#1690,#1698,#1700,.T.);
#1698 = VERTEX_POINT('',#1699);
#1699 = CARTESIAN_POINT('',(0.1,-13.15,0.2));
#1700 = LINE('',#1701,#1702);
#1701 = CARTESIAN_POINT('',(-0.1,-13.15,0.2));
#1702 = VECTOR('',#1703,1.);
#1703 = DIRECTION('',(1.,4.440892098501E-16,0.));
#1704 = ORIENTED_EDGE('',*,*,#1705,.F.);
#1705 = EDGE_CURVE('',#1706,#1698,#1708,.T.);
#1706 = VERTEX_POINT('',#1707);
#1707 = CARTESIAN_POINT('',(0.1,-13.,0.2));
#1708 = LINE('',#1709,#1710);
#1709 = CARTESIAN_POINT('',(0.1,-13.,0.2));
#1710 = VECTOR('',#1711,1.);
#1711 = DIRECTION('',(4.440892098501E-16,-1.,0.));
#1712 = ORIENTED_EDGE('',*,*,#1713,.T.);
#1713 = EDGE_CURVE('',#1706,#1714,#1716,.T.);
#1714 = VERTEX_POINT('',#1715);
#1715 = CARTESIAN_POINT('',(0.1,-12.4,0.2));
#1716 = LINE('',#1717,#1718);
#1717 = CARTESIAN_POINT('',(0.1,-14.755,0.2));
#1718 = VECTOR('',#1719,1.);
#1719 = DIRECTION('',(-4.440892098501E-16,1.,0.));
#1720 = ORIENTED_EDGE('',*,*,#1721,.F.);
#1721 = EDGE_CURVE('',#1722,#1714,#1724,.T.);
#1722 = VERTEX_POINT('',#1723);
#1723 = CARTESIAN_POINT('',(0.1,-12.25,0.2));
#1724 = LINE('',#1725,#1726);
#1725 = CARTESIAN_POINT('',(0.1,-13.,0.2));
#1726 = VECTOR('',#1727,1.);
#1727 = DIRECTION('',(4.440892098501E-16,-1.,0.));
#1728 = ORIENTED_EDGE('',*,*,#1729,.F.);
#1729 = EDGE_CURVE('',#1672,#1722,#1730,.T.);
#1730 = LINE('',#1731,#1732);
#1731 = CARTESIAN_POINT('',(-0.1,-12.25,0.2));
#1732 = VECTOR('',#1733,1.);
#1733 = DIRECTION('',(1.,4.440892098501E-16,0.));
#1734 = FACE_BOUND('',#1735,.T.);
#1735 = EDGE_LOOP('',(#1736,#1746,#1754,#1762,#1770,#1778,#1786,#1794));
#1736 = ORIENTED_EDGE('',*,*,#1737,.T.);
#1737 = EDGE_CURVE('',#1738,#1740,#1742,.T.);
#1738 = VERTEX_POINT('',#1739);
#1739 = CARTESIAN_POINT('',(-0.1,-9.71,0.2));
#1740 = VERTEX_POINT('',#1741);
#1741 = CARTESIAN_POINT('',(-0.1,-9.86,0.2));
#1742 = LINE('',#1743,#1744);
#1743 = CARTESIAN_POINT('',(-0.1,-9.71,0.2));
#1744 = VECTOR('',#1745,1.);
#1745 = DIRECTION('',(4.440892098501E-16,-1.,0.));
#1746 = ORIENTED_EDGE('',*,*,#1747,.T.);
#1747 = EDGE_CURVE('',#1740,#1748,#1750,.T.);
#1748 = VERTEX_POINT('',#1749);
#1749 = CARTESIAN_POINT('',(-0.1,-10.46,0.2));
#1750 = LINE('',#1751,#1752);
#1751 = CARTESIAN_POINT('',(-0.1,-13.185,0.2));
#1752 = VECTOR('',#1753,1.);
#1753 = DIRECTION('',(4.440892098501E-16,-1.,0.));
#1754 = ORIENTED_EDGE('',*,*,#1755,.T.);
#1755 = EDGE_CURVE('',#1748,#1756,#1758,.T.);
#1756 = VERTEX_POINT('',#1757);
#1757 = CARTESIAN_POINT('',(-0.1,-10.61,0.2));
#1758 = LINE('',#1759,#1760);
#1759 = CARTESIAN_POINT('',(-0.1,-9.71,0.2));
#1760 = VECTOR('',#1761,1.);
#1761 = DIRECTION('',(4.440892098501E-16,-1.,0.));
#1762 = ORIENTED_EDGE('',*,*,#1763,.T.);
#1763 = EDGE_CURVE('',#1756,#1764,#1766,.T.);
#1764 = VERTEX_POINT('',#1765);
#1765 = CARTESIAN_POINT('',(0.1,-10.61,0.2));
#1766 = LINE('',#1767,#1768);
#1767 = CARTESIAN_POINT('',(-0.1,-10.61,0.2));
#1768 = VECTOR('',#1769,1.);
#1769 = DIRECTION('',(1.,4.440892098501E-16,0.));
#1770 = ORIENTED_EDGE('',*,*,#1771,.F.);
#1771 = EDGE_CURVE('',#1772,#1764,#1774,.T.);
#1772 = VERTEX_POINT('',#1773);
#1773 = CARTESIAN_POINT('',(0.1,-10.46,0.2));
#1774 = LINE('',#1775,#1776);
#1775 = CARTESIAN_POINT('',(0.1,-10.46,0.2));
#1776 = VECTOR('',#1777,1.);
#1777 = DIRECTION('',(4.440892098501E-16,-1.,0.));
#1778 = ORIENTED_EDGE('',*,*,#1779,.T.);
#1779 = EDGE_CURVE('',#1772,#1780,#1782,.T.);
#1780 = VERTEX_POINT('',#1781);
#1781 = CARTESIAN_POINT('',(0.1,-9.86,0.2));
#1782 = LINE('',#1783,#1784);
#1783 = CARTESIAN_POINT('',(0.1,-13.485,0.2));
#1784 = VECTOR('',#1785,1.);
#1785 = DIRECTION('',(-4.440892098501E-16,1.,0.));
#1786 = ORIENTED_EDGE('',*,*,#1787,.F.);
#1787 = EDGE_CURVE('',#1788,#1780,#1790,.T.);
#1788 = VERTEX_POINT('',#1789);
#1789 = CARTESIAN_POINT('',(0.1,-9.71,0.2));
#1790 = LINE('',#1791,#1792);
#1791 = CARTESIAN_POINT('',(0.1,-10.46,0.2));
#1792 = VECTOR('',#1793,1.);
#1793 = DIRECTION('',(4.440892098501E-16,-1.,0.));
#1794 = ORIENTED_EDGE('',*,*,#1795,.F.);
#1795 = EDGE_CURVE('',#1738,#1788,#1796,.T.);
#1796 = LINE('',#1797,#1798);
#1797 = CARTESIAN_POINT('',(-0.1,-9.71,0.2));
#1798 = VECTOR('',#1799,1.);
#1799 = DIRECTION('',(1.,4.440892098501E-16,0.));
#1800 = FACE_BOUND('',#1801,.T.);
#1801 = EDGE_LOOP('',(#1802,#1812,#1820,#1828,#1836,#1844,#1852,#1860));
#1802 = ORIENTED_EDGE('',*,*,#1803,.T.);
#1803 = EDGE_CURVE('',#1804,#1806,#1808,.T.);
#1804 = VERTEX_POINT('',#1805);
#1805 = CARTESIAN_POINT('',(-0.1,-14.79,0.2));
#1806 = VERTEX_POINT('',#1807);
#1807 = CARTESIAN_POINT('',(-0.1,-14.94,0.2));
#1808 = LINE('',#1809,#1810);
#1809 = CARTESIAN_POINT('',(-0.1,-14.79,0.2));
#1810 = VECTOR('',#1811,1.);
#1811 = DIRECTION('',(4.440892098501E-16,-1.,0.));
#1812 = ORIENTED_EDGE('',*,*,#1813,.T.);
#1813 = EDGE_CURVE('',#1806,#1814,#1816,.T.);
#1814 = VERTEX_POINT('',#1815);
#1815 = CARTESIAN_POINT('',(-0.1,-15.54,0.2));
#1816 = LINE('',#1817,#1818);
#1817 = CARTESIAN_POINT('',(-0.1,-15.725,0.2));
#1818 = VECTOR('',#1819,1.);
#1819 = DIRECTION('',(4.440892098501E-16,-1.,0.));
#1820 = ORIENTED_EDGE('',*,*,#1821,.T.);
#1821 = EDGE_CURVE('',#1814,#1822,#1824,.T.);
#1822 = VERTEX_POINT('',#1823);
#1823 = CARTESIAN_POINT('',(-0.1,-15.69,0.2));
#1824 = LINE('',#1825,#1826);
#1825 = CARTESIAN_POINT('',(-0.1,-14.79,0.2));
#1826 = VECTOR('',#1827,1.);
#1827 = DIRECTION('',(4.440892098501E-16,-1.,0.));
#1828 = ORIENTED_EDGE('',*,*,#1829,.T.);
#1829 = EDGE_CURVE('',#1822,#1830,#1832,.T.);
#1830 = VERTEX_POINT('',#1831);
#1831 = CARTESIAN_POINT('',(0.1,-15.69,0.2));
#1832 = LINE('',#1833,#1834);
#1833 = CARTESIAN_POINT('',(-0.1,-15.69,0.2));
#1834 = VECTOR('',#1835,1.);
#1835 = DIRECTION('',(1.,4.440892098501E-16,0.));
#1836 = ORIENTED_EDGE('',*,*,#1837,.F.);
#1837 = EDGE_CURVE('',#1838,#1830,#1840,.T.);
#1838 = VERTEX_POINT('',#1839);
#1839 = CARTESIAN_POINT('',(0.1,-15.54,0.2));
#1840 = LINE('',#1841,#1842);
#1841 = CARTESIAN_POINT('',(0.1,-15.54,0.2));
#1842 = VECTOR('',#1843,1.);
#1843 = DIRECTION('',(4.440892098501E-16,-1.,0.));
#1844 = ORIENTED_EDGE('',*,*,#1845,.T.);
#1845 = EDGE_CURVE('',#1838,#1846,#1848,.T.);
#1846 = VERTEX_POINT('',#1847);
#1847 = CARTESIAN_POINT('',(0.1,-14.94,0.2));
#1848 = LINE('',#1849,#1850);
#1849 = CARTESIAN_POINT('',(0.1,-16.025,0.2));
#1850 = VECTOR('',#1851,1.);
#1851 = DIRECTION('',(-4.440892098501E-16,1.,0.));
#1852 = ORIENTED_EDGE('',*,*,#1853,.F.);
#1853 = EDGE_CURVE('',#1854,#1846,#1856,.T.);
#1854 = VERTEX_POINT('',#1855);
#1855 = CARTESIAN_POINT('',(0.1,-14.79,0.2));
#1856 = LINE('',#1857,#1858);
#1857 = CARTESIAN_POINT('',(0.1,-15.54,0.2));
#1858 = VECTOR('',#1859,1.);
#1859 = DIRECTION('',(4.440892098501E-16,-1.,0.));
#1860 = ORIENTED_EDGE('',*,*,#1861,.F.);
#1861 = EDGE_CURVE('',#1804,#1854,#1862,.T.);
#1862 = LINE('',#1863,#1864);
#1863 = CARTESIAN_POINT('',(-0.1,-14.79,0.2));
#1864 = VECTOR('',#1865,1.);
#1865 = DIRECTION('',(1.,4.440892098501E-16,0.));
#1866 = FACE_BOUND('',#1867,.T.);
#1867 = EDGE_LOOP('',(#1868,#1878,#1886,#1894,#1902,#1910,#1918,#1926));
#1868 = ORIENTED_EDGE('',*,*,#1869,.T.);
#1869 = EDGE_CURVE('',#1870,#1872,#1874,.T.);
#1870 = VERTEX_POINT('',#1871);
#1871 = CARTESIAN_POINT('',(-0.1,-7.17,0.2));
#1872 = VERTEX_POINT('',#1873);
#1873 = CARTESIAN_POINT('',(-0.1,-7.32,0.2));
#1874 = LINE('',#1875,#1876);
#1875 = CARTESIAN_POINT('',(-0.1,-7.17,0.2));
#1876 = VECTOR('',#1877,1.);
#1877 = DIRECTION('',(4.440892098501E-16,-1.,0.));
#1878 = ORIENTED_EDGE('',*,*,#1879,.T.);
#1879 = EDGE_CURVE('',#1872,#1880,#1882,.T.);
#1880 = VERTEX_POINT('',#1881);
#1881 = CARTESIAN_POINT('',(-0.1,-7.92,0.2));
#1882 = LINE('',#1883,#1884);
#1883 = CARTESIAN_POINT('',(-0.1,-11.915,0.2));
#1884 = VECTOR('',#1885,1.);
#1885 = DIRECTION('',(4.440892098501E-16,-1.,0.));
#1886 = ORIENTED_EDGE('',*,*,#1887,.T.);
#1887 = EDGE_CURVE('',#1880,#1888,#1890,.T.);
#1888 = VERTEX_POINT('',#1889);
#1889 = CARTESIAN_POINT('',(-0.1,-8.07,0.2));
#1890 = LINE('',#1891,#1892);
#1891 = CARTESIAN_POINT('',(-0.1,-7.17,0.2));
#1892 = VECTOR('',#1893,1.);
#1893 = DIRECTION('',(4.440892098501E-16,-1.,0.));
#1894 = ORIENTED_EDGE('',*,*,#1895,.T.);
#1895 = EDGE_CURVE('',#1888,#1896,#1898,.T.);
#1896 = VERTEX_POINT('',#1897);
#1897 = CARTESIAN_POINT('',(0.1,-8.07,0.2));
#1898 = LINE('',#1899,#1900);
#1899 = CARTESIAN_POINT('',(-0.1,-8.07,0.2));
#1900 = VECTOR('',#1901,1.);
#1901 = DIRECTION('',(1.,4.440892098501E-16,0.));
#1902 = ORIENTED_EDGE('',*,*,#1903,.F.);
#1903 = EDGE_CURVE('',#1904,#1896,#1906,.T.);
#1904 = VERTEX_POINT('',#1905);
#1905 = CARTESIAN_POINT('',(0.1,-7.92,0.2));
#1906 = LINE('',#1907,#1908);
#1907 = CARTESIAN_POINT('',(0.1,-7.92,0.2));
#1908 = VECTOR('',#1909,1.);
#1909 = DIRECTION('',(4.440892098501E-16,-1.,0.));
#1910 = ORIENTED_EDGE('',*,*,#1911,.T.);
#1911 = EDGE_CURVE('',#1904,#1912,#1914,.T.);
#1912 = VERTEX_POINT('',#1913);
#1913 = CARTESIAN_POINT('',(0.1,-7.32,0.2));
#1914 = LINE('',#1915,#1916);
#1915 = CARTESIAN_POINT('',(0.1,-12.215,0.2));
#1916 = VECTOR('',#1917,1.);
#1917 = DIRECTION('',(-4.440892098501E-16,1.,0.));
#1918 = ORIENTED_EDGE('',*,*,#1919,.F.);
#1919 = EDGE_CURVE('',#1920,#1912,#1922,.T.);
#1920 = VERTEX_POINT('',#1921);
#1921 = CARTESIAN_POINT('',(0.1,-7.17,0.2));
#1922 = LINE('',#1923,#1924);
#1923 = CARTESIAN_POINT('',(0.1,-7.92,0.2));
#1924 = VECTOR('',#1925,1.);
#1925 = DIRECTION('',(4.440892098501E-16,-1.,0.));
#1926 = ORIENTED_EDGE('',*,*,#1927,.F.);
#1927 = EDGE_CURVE('',#1870,#1920,#1928,.T.);
#1928 = LINE('',#1929,#1930);
#1929 = CARTESIAN_POINT('',(-0.1,-7.17,0.2));
#1930 = VECTOR('',#1931,1.);
#1931 = DIRECTION('',(1.,4.440892098501E-16,0.));
#1932 = FACE_BOUND('',#1933,.T.);
#1933 = EDGE_LOOP('',(#1934,#1944,#1952,#1960,#1968,#1976,#1984,#1992));
#1934 = ORIENTED_EDGE('',*,*,#1935,.T.);
#1935 = EDGE_CURVE('',#1936,#1938,#1940,.T.);
#1936 = VERTEX_POINT('',#1937);
#1937 = CARTESIAN_POINT('',(-0.1,0.45,0.2));
#1938 = VERTEX_POINT('',#1939);
#1939 = CARTESIAN_POINT('',(-0.1,0.3,0.2));
#1940 = LINE('',#1941,#1942);
#1941 = CARTESIAN_POINT('',(-0.1,0.45,0.2));
#1942 = VECTOR('',#1943,1.);
#1943 = DIRECTION('',(4.440892098501E-16,-1.,0.));
#1944 = ORIENTED_EDGE('',*,*,#1945,.T.);
#1945 = EDGE_CURVE('',#1938,#1946,#1948,.T.);
#1946 = VERTEX_POINT('',#1947);
#1947 = CARTESIAN_POINT('',(-0.1,-0.3,0.2));
#1948 = LINE('',#1949,#1950);
#1949 = CARTESIAN_POINT('',(-0.1,-8.105,0.2));
#1950 = VECTOR('',#1951,1.);
#1951 = DIRECTION('',(4.440892098501E-16,-1.,0.));
#1952 = ORIENTED_EDGE('',*,*,#1953,.T.);
#1953 = EDGE_CURVE('',#1946,#1954,#1956,.T.);
#1954 = VERTEX_POINT('',#1955);
#1955 = CARTESIAN_POINT('',(-0.1,-0.45,0.2));
#1956 = LINE('',#1957,#1958);
#1957 = CARTESIAN_POINT('',(-0.1,0.45,0.2));
#1958 = VECTOR('',#1959,1.);
#1959 = DIRECTION('',(4.440892098501E-16,-1.,0.));
#1960 = ORIENTED_EDGE('',*,*,#1961,.T.);
#1961 = EDGE_CURVE('',#1954,#1962,#1964,.T.);
#1962 = VERTEX_POINT('',#1963);
#1963 = CARTESIAN_POINT('',(0.1,-0.45,0.2));
#1964 = LINE('',#1965,#1966);
#1965 = CARTESIAN_POINT('',(-0.1,-0.45,0.2));
#1966 = VECTOR('',#1967,1.);
#1967 = DIRECTION('',(1.,4.440892098501E-16,0.));
#1968 = ORIENTED_EDGE('',*,*,#1969,.F.);
#1969 = EDGE_CURVE('',#1970,#1962,#1972,.T.);
#1970 = VERTEX_POINT('',#1971);
#1971 = CARTESIAN_POINT('',(0.1,-0.3,0.2));
#1972 = LINE('',#1973,#1974);
#1973 = CARTESIAN_POINT('',(0.1,-0.3,0.2));
#1974 = VECTOR('',#1975,1.);
#1975 = DIRECTION('',(4.440892098501E-16,-1.,0.));
#1976 = ORIENTED_EDGE('',*,*,#1977,.T.);
#1977 = EDGE_CURVE('',#1970,#1978,#1980,.T.);
#1978 = VERTEX_POINT('',#1979);
#1979 = CARTESIAN_POINT('',(0.1,0.3,0.2));
#1980 = LINE('',#1981,#1982);
#1981 = CARTESIAN_POINT('',(0.1,-8.405,0.2));
#1982 = VECTOR('',#1983,1.);
#1983 = DIRECTION('',(-4.440892098501E-16,1.,0.));
#1984 = ORIENTED_EDGE('',*,*,#1985,.F.);
#1985 = EDGE_CURVE('',#1986,#1978,#1988,.T.);
#1986 = VERTEX_POINT('',#1987);
#1987 = CARTESIAN_POINT('',(0.1,0.45,0.2));
#1988 = LINE('',#1989,#1990);
#1989 = CARTESIAN_POINT('',(0.1,-0.3,0.2));
#1990 = VECTOR('',#1991,1.);
#1991 = DIRECTION('',(4.440892098501E-16,-1.,0.));
#1992 = ORIENTED_EDGE('',*,*,#1993,.F.);
#1993 = EDGE_CURVE('',#1936,#1986,#1994,.T.);
#1994 = LINE('',#1995,#1996);
#1995 = CARTESIAN_POINT('',(-0.1,0.45,0.2));
#1996 = VECTOR('',#1997,1.);
#1997 = DIRECTION('',(1.,4.440892098501E-16,0.));
#1998 = FACE_BOUND('',#1999,.T.);
#1999 = EDGE_LOOP('',(#2000,#2010,#2018,#2026,#2034,#2042,#2050,#2058));
#2000 = ORIENTED_EDGE('',*,*,#2001,.T.);
#2001 = EDGE_CURVE('',#2002,#2004,#2006,.T.);
#2002 = VERTEX_POINT('',#2003);
#2003 = CARTESIAN_POINT('',(-0.1,-2.24,0.2));
#2004 = VERTEX_POINT('',#2005);
#2005 = CARTESIAN_POINT('',(-0.1,-2.84,0.2));
#2006 = LINE('',#2007,#2008);
#2007 = CARTESIAN_POINT('',(-0.1,-9.375,0.2));
#2008 = VECTOR('',#2009,1.);
#2009 = DIRECTION('',(4.440892098501E-16,-1.,0.));
#2010 = ORIENTED_EDGE('',*,*,#2011,.T.);
#2011 = EDGE_CURVE('',#2004,#2012,#2014,.T.);
#2012 = VERTEX_POINT('',#2013);
#2013 = CARTESIAN_POINT('',(-0.1,-2.99,0.2));
#2014 = LINE('',#2015,#2016);
#2015 = CARTESIAN_POINT('',(-0.1,-2.09,0.2));
#2016 = VECTOR('',#2017,1.);
#2017 = DIRECTION('',(4.440892098501E-16,-1.,0.));
#2018 = ORIENTED_EDGE('',*,*,#2019,.T.);
#2019 = EDGE_CURVE('',#2012,#2020,#2022,.T.);
#2020 = VERTEX_POINT('',#2021);
#2021 = CARTESIAN_POINT('',(0.1,-2.99,0.2));
#2022 = LINE('',#2023,#2024);
#2023 = CARTESIAN_POINT('',(-0.1,-2.99,0.2));
#2024 = VECTOR('',#2025,1.);
#2025 = DIRECTION('',(1.,4.440892098501E-16,0.));
#2026 = ORIENTED_EDGE('',*,*,#2027,.F.);
#2027 = EDGE_CURVE('',#2028,#2020,#2030,.T.);
#2028 = VERTEX_POINT('',#2029);
#2029 = CARTESIAN_POINT('',(0.1,-2.84,0.2));
#2030 = LINE('',#2031,#2032);
#2031 = CARTESIAN_POINT('',(0.1,-2.84,0.2));
#2032 = VECTOR('',#2033,1.);
#2033 = DIRECTION('',(4.440892098501E-16,-1.,0.));
#2034 = ORIENTED_EDGE('',*,*,#2035,.T.);
#2035 = EDGE_CURVE('',#2028,#2036,#2038,.T.);
#2036 = VERTEX_POINT('',#2037);
#2037 = CARTESIAN_POINT('',(0.1,-2.24,0.2));
#2038 = LINE('',#2039,#2040);
#2039 = CARTESIAN_POINT('',(0.1,-9.675,0.2));
#2040 = VECTOR('',#2041,1.);
#2041 = DIRECTION('',(-4.440892098501E-16,1.,0.));
#2042 = ORIENTED_EDGE('',*,*,#2043,.F.);
#2043 = EDGE_CURVE('',#2044,#2036,#2046,.T.);
#2044 = VERTEX_POINT('',#2045);
#2045 = CARTESIAN_POINT('',(0.1,-2.09,0.2));
#2046 = LINE('',#2047,#2048);
#2047 = CARTESIAN_POINT('',(0.1,-2.84,0.2));
#2048 = VECTOR('',#2049,1.);
#2049 = DIRECTION('',(4.440892098501E-16,-1.,0.));
#2050 = ORIENTED_EDGE('',*,*,#2051,.F.);
#2051 = EDGE_CURVE('',#2052,#2044,#2054,.T.);
#2052 = VERTEX_POINT('',#2053);
#2053 = CARTESIAN_POINT('',(-0.1,-2.09,0.2));
#2054 = LINE('',#2055,#2056);
#2055 = CARTESIAN_POINT('',(-0.1,-2.09,0.2));
#2056 = VECTOR('',#2057,1.);
#2057 = DIRECTION('',(1.,4.440892098501E-16,0.));
#2058 = ORIENTED_EDGE('',*,*,#2059,.T.);
#2059 = EDGE_CURVE('',#2052,#2002,#2060,.T.);
#2060 = LINE('',#2061,#2062);
#2061 = CARTESIAN_POINT('',(-0.1,-2.09,0.2));
#2062 = VECTOR('',#2063,1.);
#2063 = DIRECTION('',(4.440892098501E-16,-1.,0.));
#2064 = FACE_BOUND('',#2065,.T.);
#2065 = EDGE_LOOP('',(#2066,#2076,#2084,#2092,#2100,#2108,#2116,#2124));
#2066 = ORIENTED_EDGE('',*,*,#2067,.T.);
#2067 = EDGE_CURVE('',#2068,#2070,#2072,.T.);
#2068 = VERTEX_POINT('',#2069);
#2069 = CARTESIAN_POINT('',(-0.1,-4.63,0.2));
#2070 = VERTEX_POINT('',#2071);
#2071 = CARTESIAN_POINT('',(-0.1,-4.78,0.2));
#2072 = LINE('',#2073,#2074);
#2073 = CARTESIAN_POINT('',(-0.1,-4.63,0.2));
#2074 = VECTOR('',#2075,1.);
#2075 = DIRECTION('',(4.440892098501E-16,-1.,0.));
#2076 = ORIENTED_EDGE('',*,*,#2077,.T.);
#2077 = EDGE_CURVE('',#2070,#2078,#2080,.T.);
#2078 = VERTEX_POINT('',#2079);
#2079 = CARTESIAN_POINT('',(-0.1,-5.38,0.2));
#2080 = LINE('',#2081,#2082);
#2081 = CARTESIAN_POINT('',(-0.1,-10.645,0.2));
#2082 = VECTOR('',#2083,1.);
#2083 = DIRECTION('',(4.440892098501E-16,-1.,0.));
#2084 = ORIENTED_EDGE('',*,*,#2085,.T.);
#2085 = EDGE_CURVE('',#2078,#2086,#2088,.T.);
#2086 = VERTEX_POINT('',#2087);
#2087 = CARTESIAN_POINT('',(-0.1,-5.53,0.2));
#2088 = LINE('',#2089,#2090);
#2089 = CARTESIAN_POINT('',(-0.1,-4.63,0.2));
#2090 = VECTOR('',#2091,1.);
#2091 = DIRECTION('',(4.440892098501E-16,-1.,0.));
#2092 = ORIENTED_EDGE('',*,*,#2093,.T.);
#2093 = EDGE_CURVE('',#2086,#2094,#2096,.T.);
#2094 = VERTEX_POINT('',#2095);
#2095 = CARTESIAN_POINT('',(0.1,-5.53,0.2));
#2096 = LINE('',#2097,#2098);
#2097 = CARTESIAN_POINT('',(-0.1,-5.53,0.2));
#2098 = VECTOR('',#2099,1.);
#2099 = DIRECTION('',(1.,4.440892098501E-16,0.));
#2100 = ORIENTED_EDGE('',*,*,#2101,.F.);
#2101 = EDGE_CURVE('',#2102,#2094,#2104,.T.);
#2102 = VERTEX_POINT('',#2103);
#2103 = CARTESIAN_POINT('',(0.1,-5.38,0.2));
#2104 = LINE('',#2105,#2106);
#2105 = CARTESIAN_POINT('',(0.1,-5.38,0.2));
#2106 = VECTOR('',#2107,1.);
#2107 = DIRECTION('',(4.440892098501E-16,-1.,0.));
#2108 = ORIENTED_EDGE('',*,*,#2109,.T.);
#2109 = EDGE_CURVE('',#2102,#2110,#2112,.T.);
#2110 = VERTEX_POINT('',#2111);
#2111 = CARTESIAN_POINT('',(0.1,-4.78,0.2));
#2112 = LINE('',#2113,#2114);
#2113 = CARTESIAN_POINT('',(0.1,-10.945,0.2));
#2114 = VECTOR('',#2115,1.);
#2115 = DIRECTION('',(-4.440892098501E-16,1.,0.));
#2116 = ORIENTED_EDGE('',*,*,#2117,.F.);
#2117 = EDGE_CURVE('',#2118,#2110,#2120,.T.);
#2118 = VERTEX_POINT('',#2119);
#2119 = CARTESIAN_POINT('',(0.1,-4.63,0.2));
#2120 = LINE('',#2121,#2122);
#2121 = CARTESIAN_POINT('',(0.1,-5.38,0.2));
#2122 = VECTOR('',#2123,1.);
#2123 = DIRECTION('',(4.440892098501E-16,-1.,0.));
#2124 = ORIENTED_EDGE('',*,*,#2125,.F.);
#2125 = EDGE_CURVE('',#2068,#2118,#2126,.T.);
#2126 = LINE('',#2127,#2128);
#2127 = CARTESIAN_POINT('',(-0.1,-4.63,0.2));
#2128 = VECTOR('',#2129,1.);
#2129 = DIRECTION('',(1.,4.440892098501E-16,0.));
#2130 = PLANE('',#2131);
#2131 = AXIS2_PLACEMENT_3D('',#2132,#2133,#2134);
#2132 = CARTESIAN_POINT('',(0.846666666667,-16.51,0.2));
#2133 = DIRECTION('',(-0.,0.,-1.));
#2134 = DIRECTION('',(4.440892098501E-16,-1.,-0.));
#2135 = ADVANCED_FACE('',(#2136),#2142,.T.);
#2136 = FACE_BOUND('',#2137,.T.);
#2137 = EDGE_LOOP('',(#2138,#2139,#2140,#2141));
#2138 = ORIENTED_EDGE('',*,*,#1256,.T.);
#2139 = ORIENTED_EDGE('',*,*,#1660,.T.);
#2140 = ORIENTED_EDGE('',*,*,#1335,.F.);
#2141 = ORIENTED_EDGE('',*,*,#1351,.F.);
#2142 = PLANE('',#2143);
#2143 = AXIS2_PLACEMENT_3D('',#2144,#2145,#2146);
#2144 = CARTESIAN_POINT('',(0.846666666667,-16.51,0.));
#2145 = DIRECTION('',(-1.,-4.440892098501E-16,0.));
#2146 = DIRECTION('',(-4.440892098501E-16,1.,0.));
#2147 = ADVANCED_FACE('',(#2148),#2154,.F.);
#2148 = FACE_BOUND('',#2149,.F.);
#2149 = EDGE_LOOP('',(#2150,#2151,#2152,#2153));
#2150 = ORIENTED_EDGE('',*,*,#1303,.T.);
#2151 = ORIENTED_EDGE('',*,*,#1368,.T.);
#2152 = ORIENTED_EDGE('',*,*,#1233,.F.);
#2153 = ORIENTED_EDGE('',*,*,#1628,.F.);
#2154 = PLANE('',#2155);
#2155 = AXIS2_PLACEMENT_3D('',#2156,#2157,#2158);
#2156 = CARTESIAN_POINT('',(-1.27,1.27,0.));
#2157 = DIRECTION('',(1.,4.440892098501E-16,0.));
#2158 = DIRECTION('',(4.440892098501E-16,-1.,0.));
#2159 = ADVANCED_FACE('',(#2160),#2185,.F.);
#2160 = FACE_BOUND('',#2161,.F.);
#2161 = EDGE_LOOP('',(#2162,#2170,#2178,#2184));
#2162 = ORIENTED_EDGE('',*,*,#2163,.T.);
#2163 = EDGE_CURVE('',#1378,#2164,#2166,.T.);
#2164 = VERTEX_POINT('',#2165);
#2165 = CARTESIAN_POINT('',(-0.6,-9.56,6.999));
#2166 = LINE('',#2167,#2168);
#2167 = CARTESIAN_POINT('',(-0.6,-9.56,7.));
#2168 = VECTOR('',#2169,1.);
#2169 = DIRECTION('',(0.,0.,-1.));
#2170 = ORIENTED_EDGE('',*,*,#2171,.T.);
#2171 = EDGE_CURVE('',#2164,#2172,#2174,.T.);
#2172 = VERTEX_POINT('',#2173);
#2173 = CARTESIAN_POINT('',(-0.6,-10.76,6.999));
#2174 = LINE('',#2175,#2176);
#2175 = CARTESIAN_POINT('',(-0.6,-9.56,6.999));
#2176 = VECTOR('',#2177,1.);
#2177 = DIRECTION('',(4.440892098501E-16,-1.,0.));
#2178 = ORIENTED_EDGE('',*,*,#2179,.F.);
#2179 = EDGE_CURVE('',#1380,#2172,#2180,.T.);
#2180 = LINE('',#2181,#2182);
#2181 = CARTESIAN_POINT('',(-0.6,-10.76,7.));
#2182 = VECTOR('',#2183,1.);
#2183 = DIRECTION('',(0.,0.,-1.));
#2184 = ORIENTED_EDGE('',*,*,#1377,.F.);
#2185 = PLANE('',#2186);
#2186 = AXIS2_PLACEMENT_3D('',#2187,#2188,#2189);
#2187 = CARTESIAN_POINT('',(-0.6,-9.56,7.));
#2188 = DIRECTION('',(-1.,-4.440892098501E-16,0.));
#2189 = DIRECTION('',(4.440892098501E-16,-1.,0.));
#2190 = ADVANCED_FACE('',(#2191),#2209,.F.);
#2191 = FACE_BOUND('',#2192,.F.);
#2192 = EDGE_LOOP('',(#2193,#2201,#2207,#2208));
#2193 = ORIENTED_EDGE('',*,*,#2194,.T.);
#2194 = EDGE_CURVE('',#1396,#2195,#2197,.T.);
#2195 = VERTEX_POINT('',#2196);
#2196 = CARTESIAN_POINT('',(0.6,-9.56,6.999));
#2197 = LINE('',#2198,#2199);
#2198 = CARTESIAN_POINT('',(0.6,-9.56,7.));
#2199 = VECTOR('',#2200,1.);
#2200 = DIRECTION('',(0.,0.,-1.));
#2201 = ORIENTED_EDGE('',*,*,#2202,.T.);
#2202 = EDGE_CURVE('',#2195,#2164,#2203,.T.);
#2203 = LINE('',#2204,#2205);
#2204 = CARTESIAN_POINT('',(0.6,-9.56,6.999));
#2205 = VECTOR('',#2206,1.);
#2206 = DIRECTION('',(-1.,-4.440892098501E-16,0.));
#2207 = ORIENTED_EDGE('',*,*,#2163,.F.);
#2208 = ORIENTED_EDGE('',*,*,#1403,.F.);
#2209 = PLANE('',#2210);
#2210 = AXIS2_PLACEMENT_3D('',#2211,#2212,#2213);
#2211 = CARTESIAN_POINT('',(0.6,-9.56,7.));
#2212 = DIRECTION('',(-4.440892098501E-16,1.,0.));
#2213 = DIRECTION('',(-1.,-4.440892098501E-16,0.));
#2214 = ADVANCED_FACE('',(#2215),#2233,.F.);
#2215 = FACE_BOUND('',#2216,.F.);
#2216 = EDGE_LOOP('',(#2217,#2225,#2231,#2232));
#2217 = ORIENTED_EDGE('',*,*,#2218,.T.);
#2218 = EDGE_CURVE('',#1388,#2219,#2221,.T.);
#2219 = VERTEX_POINT('',#2220);
#2220 = CARTESIAN_POINT('',(0.6,-10.76,6.999));
#2221 = LINE('',#2222,#2223);
#2222 = CARTESIAN_POINT('',(0.6,-10.76,7.));
#2223 = VECTOR('',#2224,1.);
#2224 = DIRECTION('',(0.,0.,-1.));
#2225 = ORIENTED_EDGE('',*,*,#2226,.T.);
#2226 = EDGE_CURVE('',#2219,#2195,#2227,.T.);
#2227 = LINE('',#2228,#2229);
#2228 = CARTESIAN_POINT('',(0.6,-10.76,6.999));
#2229 = VECTOR('',#2230,1.);
#2230 = DIRECTION('',(-4.440892098501E-16,1.,0.));
#2231 = ORIENTED_EDGE('',*,*,#2194,.F.);
#2232 = ORIENTED_EDGE('',*,*,#1395,.F.);
#2233 = PLANE('',#2234);
#2234 = AXIS2_PLACEMENT_3D('',#2235,#2236,#2237);
#2235 = CARTESIAN_POINT('',(0.6,-10.76,7.));
#2236 = DIRECTION('',(1.,4.440892098501E-16,0.));
#2237 = DIRECTION('',(-4.440892098501E-16,1.,0.));
#2238 = ADVANCED_FACE('',(#2239),#2250,.F.);
#2239 = FACE_BOUND('',#2240,.F.);
#2240 = EDGE_LOOP('',(#2241,#2242,#2248,#2249));
#2241 = ORIENTED_EDGE('',*,*,#2179,.T.);
#2242 = ORIENTED_EDGE('',*,*,#2243,.T.);
#2243 = EDGE_CURVE('',#2172,#2219,#2244,.T.);
#2244 = LINE('',#2245,#2246);
#2245 = CARTESIAN_POINT('',(-0.6,-10.76,6.999));
#2246 = VECTOR('',#2247,1.);
#2247 = DIRECTION('',(1.,4.440892098501E-16,0.));
#2248 = ORIENTED_EDGE('',*,*,#2218,.F.);
#2249 = ORIENTED_EDGE('',*,*,#1387,.F.);
#2250 = PLANE('',#2251);
#2251 = AXIS2_PLACEMENT_3D('',#2252,#2253,#2254);
#2252 = CARTESIAN_POINT('',(-0.6,-10.76,7.));
#2253 = DIRECTION('',(4.440892098501E-16,-1.,0.));
#2254 = DIRECTION('',(1.,4.440892098501E-16,0.));
#2255 = ADVANCED_FACE('',(#2256),#2281,.F.);
#2256 = FACE_BOUND('',#2257,.F.);
#2257 = EDGE_LOOP('',(#2258,#2266,#2274,#2280));
#2258 = ORIENTED_EDGE('',*,*,#2259,.T.);
#2259 = EDGE_CURVE('',#1412,#2260,#2262,.T.);
#2260 = VERTEX_POINT('',#2261);
#2261 = CARTESIAN_POINT('',(-0.6,-13.3,6.999));
#2262 = LINE('',#2263,#2264);
#2263 = CARTESIAN_POINT('',(-0.6,-13.3,7.));
#2264 = VECTOR('',#2265,1.);
#2265 = DIRECTION('',(0.,0.,-1.));
#2266 = ORIENTED_EDGE('',*,*,#2267,.T.);
#2267 = EDGE_CURVE('',#2260,#2268,#2270,.T.);
#2268 = VERTEX_POINT('',#2269);
#2269 = CARTESIAN_POINT('',(0.6,-13.3,6.999));
#2270 = LINE('',#2271,#2272);
#2271 = CARTESIAN_POINT('',(-0.6,-13.3,6.999));
#2272 = VECTOR('',#2273,1.);
#2273 = DIRECTION('',(1.,4.440892098501E-16,0.));
#2274 = ORIENTED_EDGE('',*,*,#2275,.F.);
#2275 = EDGE_CURVE('',#1414,#2268,#2276,.T.);
#2276 = LINE('',#2277,#2278);
#2277 = CARTESIAN_POINT('',(0.6,-13.3,7.));
#2278 = VECTOR('',#2279,1.);
#2279 = DIRECTION('',(0.,0.,-1.));
#2280 = ORIENTED_EDGE('',*,*,#1411,.F.);
#2281 = PLANE('',#2282);
#2282 = AXIS2_PLACEMENT_3D('',#2283,#2284,#2285);
#2283 = CARTESIAN_POINT('',(-0.6,-13.3,7.));
#2284 = DIRECTION('',(4.440892098501E-16,-1.,0.));
#2285 = DIRECTION('',(1.,4.440892098501E-16,0.));
#2286 = ADVANCED_FACE('',(#2287),#2305,.F.);
#2287 = FACE_BOUND('',#2288,.F.);
#2288 = EDGE_LOOP('',(#2289,#2297,#2303,#2304));
#2289 = ORIENTED_EDGE('',*,*,#2290,.T.);
#2290 = EDGE_CURVE('',#1430,#2291,#2293,.T.);
#2291 = VERTEX_POINT('',#2292);
#2292 = CARTESIAN_POINT('',(-0.6,-12.1,6.999));
#2293 = LINE('',#2294,#2295);
#2294 = CARTESIAN_POINT('',(-0.6,-12.1,7.));
#2295 = VECTOR('',#2296,1.);
#2296 = DIRECTION('',(0.,0.,-1.));
#2297 = ORIENTED_EDGE('',*,*,#2298,.T.);
#2298 = EDGE_CURVE('',#2291,#2260,#2299,.T.);
#2299 = LINE('',#2300,#2301);
#2300 = CARTESIAN_POINT('',(-0.6,-12.1,6.999));
#2301 = VECTOR('',#2302,1.);
#2302 = DIRECTION('',(4.440892098501E-16,-1.,0.));
#2303 = ORIENTED_EDGE('',*,*,#2259,.F.);
#2304 = ORIENTED_EDGE('',*,*,#1437,.F.);
#2305 = PLANE('',#2306);
#2306 = AXIS2_PLACEMENT_3D('',#2307,#2308,#2309);
#2307 = CARTESIAN_POINT('',(-0.6,-12.1,7.));
#2308 = DIRECTION('',(-1.,-4.440892098501E-16,0.));
#2309 = DIRECTION('',(4.440892098501E-16,-1.,0.));
#2310 = ADVANCED_FACE('',(#2311),#2329,.F.);
#2311 = FACE_BOUND('',#2312,.F.);
#2312 = EDGE_LOOP('',(#2313,#2321,#2327,#2328));
#2313 = ORIENTED_EDGE('',*,*,#2314,.T.);
#2314 = EDGE_CURVE('',#1422,#2315,#2317,.T.);
#2315 = VERTEX_POINT('',#2316);
#2316 = CARTESIAN_POINT('',(0.6,-12.1,6.999));
#2317 = LINE('',#2318,#2319);
#2318 = CARTESIAN_POINT('',(0.6,-12.1,7.));
#2319 = VECTOR('',#2320,1.);
#2320 = DIRECTION('',(0.,0.,-1.));
#2321 = ORIENTED_EDGE('',*,*,#2322,.T.);
#2322 = EDGE_CURVE('',#2315,#2291,#2323,.T.);
#2323 = LINE('',#2324,#2325);
#2324 = CARTESIAN_POINT('',(0.6,-12.1,6.999));
#2325 = VECTOR('',#2326,1.);
#2326 = DIRECTION('',(-1.,-4.440892098501E-16,0.));
#2327 = ORIENTED_EDGE('',*,*,#2290,.F.);
#2328 = ORIENTED_EDGE('',*,*,#1429,.F.);
#2329 = PLANE('',#2330);
#2330 = AXIS2_PLACEMENT_3D('',#2331,#2332,#2333);
#2331 = CARTESIAN_POINT('',(0.6,-12.1,7.));
#2332 = DIRECTION('',(-4.440892098501E-16,1.,0.));
#2333 = DIRECTION('',(-1.,-4.440892098501E-16,0.));
#2334 = ADVANCED_FACE('',(#2335),#2346,.F.);
#2335 = FACE_BOUND('',#2336,.F.);
#2336 = EDGE_LOOP('',(#2337,#2338,#2344,#2345));
#2337 = ORIENTED_EDGE('',*,*,#2275,.T.);
#2338 = ORIENTED_EDGE('',*,*,#2339,.T.);
#2339 = EDGE_CURVE('',#2268,#2315,#2340,.T.);
#2340 = LINE('',#2341,#2342);
#2341 = CARTESIAN_POINT('',(0.6,-13.3,6.999));
#2342 = VECTOR('',#2343,1.);
#2343 = DIRECTION('',(-4.440892098501E-16,1.,0.));
#2344 = ORIENTED_EDGE('',*,*,#2314,.F.);
#2345 = ORIENTED_EDGE('',*,*,#1421,.F.);
#2346 = PLANE('',#2347);
#2347 = AXIS2_PLACEMENT_3D('',#2348,#2349,#2350);
#2348 = CARTESIAN_POINT('',(0.6,-13.3,7.));
#2349 = DIRECTION('',(1.,4.440892098501E-16,0.));
#2350 = DIRECTION('',(-4.440892098501E-16,1.,0.));
#2351 = ADVANCED_FACE('',(#2352),#2377,.F.);
#2352 = FACE_BOUND('',#2353,.F.);
#2353 = EDGE_LOOP('',(#2354,#2362,#2370,#2376));
#2354 = ORIENTED_EDGE('',*,*,#2355,.T.);
#2355 = EDGE_CURVE('',#1446,#2356,#2358,.T.);
#2356 = VERTEX_POINT('',#2357);
#2357 = CARTESIAN_POINT('',(0.6,-15.84,6.999));
#2358 = LINE('',#2359,#2360);
#2359 = CARTESIAN_POINT('',(0.6,-15.84,7.));
#2360 = VECTOR('',#2361,1.);
#2361 = DIRECTION('',(0.,0.,-1.));
#2362 = ORIENTED_EDGE('',*,*,#2363,.T.);
#2363 = EDGE_CURVE('',#2356,#2364,#2366,.T.);
#2364 = VERTEX_POINT('',#2365);
#2365 = CARTESIAN_POINT('',(0.6,-14.64,6.999));
#2366 = LINE('',#2367,#2368);
#2367 = CARTESIAN_POINT('',(0.6,-15.84,6.999));
#2368 = VECTOR('',#2369,1.);
#2369 = DIRECTION('',(-4.440892098501E-16,1.,0.));
#2370 = ORIENTED_EDGE('',*,*,#2371,.F.);
#2371 = EDGE_CURVE('',#1448,#2364,#2372,.T.);
#2372 = LINE('',#2373,#2374);
#2373 = CARTESIAN_POINT('',(0.6,-14.64,7.));
#2374 = VECTOR('',#2375,1.);
#2375 = DIRECTION('',(0.,0.,-1.));
#2376 = ORIENTED_EDGE('',*,*,#1445,.F.);
#2377 = PLANE('',#2378);
#2378 = AXIS2_PLACEMENT_3D('',#2379,#2380,#2381);
#2379 = CARTESIAN_POINT('',(0.6,-15.84,7.));
#2380 = DIRECTION('',(1.,4.440892098501E-16,0.));
#2381 = DIRECTION('',(-4.440892098501E-16,1.,0.));
#2382 = ADVANCED_FACE('',(#2383),#2401,.F.);
#2383 = FACE_BOUND('',#2384,.F.);
#2384 = EDGE_LOOP('',(#2385,#2393,#2399,#2400));
#2385 = ORIENTED_EDGE('',*,*,#2386,.T.);
#2386 = EDGE_CURVE('',#1464,#2387,#2389,.T.);
#2387 = VERTEX_POINT('',#2388);
#2388 = CARTESIAN_POINT('',(-0.6,-15.84,6.999));
#2389 = LINE('',#2390,#2391);
#2390 = CARTESIAN_POINT('',(-0.6,-15.84,7.));
#2391 = VECTOR('',#2392,1.);
#2392 = DIRECTION('',(0.,0.,-1.));
#2393 = ORIENTED_EDGE('',*,*,#2394,.T.);
#2394 = EDGE_CURVE('',#2387,#2356,#2395,.T.);
#2395 = LINE('',#2396,#2397);
#2396 = CARTESIAN_POINT('',(-0.6,-15.84,6.999));
#2397 = VECTOR('',#2398,1.);
#2398 = DIRECTION('',(1.,4.440892098501E-16,0.));
#2399 = ORIENTED_EDGE('',*,*,#2355,.F.);
#2400 = ORIENTED_EDGE('',*,*,#1471,.F.);
#2401 = PLANE('',#2402);
#2402 = AXIS2_PLACEMENT_3D('',#2403,#2404,#2405);
#2403 = CARTESIAN_POINT('',(-0.6,-15.84,7.));
#2404 = DIRECTION('',(4.440892098501E-16,-1.,0.));
#2405 = DIRECTION('',(1.,4.440892098501E-16,0.));
#2406 = ADVANCED_FACE('',(#2407),#2425,.F.);
#2407 = FACE_BOUND('',#2408,.F.);
#2408 = EDGE_LOOP('',(#2409,#2417,#2423,#2424));
#2409 = ORIENTED_EDGE('',*,*,#2410,.T.);
#2410 = EDGE_CURVE('',#1456,#2411,#2413,.T.);
#2411 = VERTEX_POINT('',#2412);
#2412 = CARTESIAN_POINT('',(-0.6,-14.64,6.999));
#2413 = LINE('',#2414,#2415);
#2414 = CARTESIAN_POINT('',(-0.6,-14.64,7.));
#2415 = VECTOR('',#2416,1.);
#2416 = DIRECTION('',(0.,0.,-1.));
#2417 = ORIENTED_EDGE('',*,*,#2418,.T.);
#2418 = EDGE_CURVE('',#2411,#2387,#2419,.T.);
#2419 = LINE('',#2420,#2421);
#2420 = CARTESIAN_POINT('',(-0.6,-14.64,6.999));
#2421 = VECTOR('',#2422,1.);
#2422 = DIRECTION('',(4.440892098501E-16,-1.,0.));
#2423 = ORIENTED_EDGE('',*,*,#2386,.F.);
#2424 = ORIENTED_EDGE('',*,*,#1463,.F.);
#2425 = PLANE('',#2426);
#2426 = AXIS2_PLACEMENT_3D('',#2427,#2428,#2429);
#2427 = CARTESIAN_POINT('',(-0.6,-14.64,7.));
#2428 = DIRECTION('',(-1.,-4.440892098501E-16,0.));
#2429 = DIRECTION('',(4.440892098501E-16,-1.,0.));
#2430 = ADVANCED_FACE('',(#2431),#2442,.F.);
#2431 = FACE_BOUND('',#2432,.F.);
#2432 = EDGE_LOOP('',(#2433,#2434,#2440,#2441));
#2433 = ORIENTED_EDGE('',*,*,#2371,.T.);
#2434 = ORIENTED_EDGE('',*,*,#2435,.T.);
#2435 = EDGE_CURVE('',#2364,#2411,#2436,.T.);
#2436 = LINE('',#2437,#2438);
#2437 = CARTESIAN_POINT('',(0.6,-14.64,6.999));
#2438 = VECTOR('',#2439,1.);
#2439 = DIRECTION('',(-1.,-4.440892098501E-16,0.));
#2440 = ORIENTED_EDGE('',*,*,#2410,.F.);
#2441 = ORIENTED_EDGE('',*,*,#1455,.F.);
#2442 = PLANE('',#2443);
#2443 = AXIS2_PLACEMENT_3D('',#2444,#2445,#2446);
#2444 = CARTESIAN_POINT('',(0.6,-14.64,7.));
#2445 = DIRECTION('',(-4.440892098501E-16,1.,0.));
#2446 = DIRECTION('',(-1.,-4.440892098501E-16,0.));
#2447 = ADVANCED_FACE('',(#2448),#2473,.F.);
#2448 = FACE_BOUND('',#2449,.F.);
#2449 = EDGE_LOOP('',(#2450,#2458,#2466,#2472));
#2450 = ORIENTED_EDGE('',*,*,#2451,.T.);
#2451 = EDGE_CURVE('',#1480,#2452,#2454,.T.);
#2452 = VERTEX_POINT('',#2453);
#2453 = CARTESIAN_POINT('',(0.6,-5.68,6.999));
#2454 = LINE('',#2455,#2456);
#2455 = CARTESIAN_POINT('',(0.6,-5.68,7.));
#2456 = VECTOR('',#2457,1.);
#2457 = DIRECTION('',(0.,0.,-1.));
#2458 = ORIENTED_EDGE('',*,*,#2459,.T.);
#2459 = EDGE_CURVE('',#2452,#2460,#2462,.T.);
#2460 = VERTEX_POINT('',#2461);
#2461 = CARTESIAN_POINT('',(0.6,-4.48,6.999));
#2462 = LINE('',#2463,#2464);
#2463 = CARTESIAN_POINT('',(0.6,-5.68,6.999));
#2464 = VECTOR('',#2465,1.);
#2465 = DIRECTION('',(-4.440892098501E-16,1.,0.));
#2466 = ORIENTED_EDGE('',*,*,#2467,.F.);
#2467 = EDGE_CURVE('',#1482,#2460,#2468,.T.);
#2468 = LINE('',#2469,#2470);
#2469 = CARTESIAN_POINT('',(0.6,-4.48,7.));
#2470 = VECTOR('',#2471,1.);
#2471 = DIRECTION('',(0.,0.,-1.));
#2472 = ORIENTED_EDGE('',*,*,#1479,.F.);
#2473 = PLANE('',#2474);
#2474 = AXIS2_PLACEMENT_3D('',#2475,#2476,#2477);
#2475 = CARTESIAN_POINT('',(0.6,-5.68,7.));
#2476 = DIRECTION('',(1.,4.440892098501E-16,0.));
#2477 = DIRECTION('',(-4.440892098501E-16,1.,0.));
#2478 = ADVANCED_FACE('',(#2479),#2497,.F.);
#2479 = FACE_BOUND('',#2480,.F.);
#2480 = EDGE_LOOP('',(#2481,#2489,#2495,#2496));
#2481 = ORIENTED_EDGE('',*,*,#2482,.T.);
#2482 = EDGE_CURVE('',#1498,#2483,#2485,.T.);
#2483 = VERTEX_POINT('',#2484);
#2484 = CARTESIAN_POINT('',(-0.6,-5.68,6.999));
#2485 = LINE('',#2486,#2487);
#2486 = CARTESIAN_POINT('',(-0.6,-5.68,7.));
#2487 = VECTOR('',#2488,1.);
#2488 = DIRECTION('',(0.,0.,-1.));
#2489 = ORIENTED_EDGE('',*,*,#2490,.T.);
#2490 = EDGE_CURVE('',#2483,#2452,#2491,.T.);
#2491 = LINE('',#2492,#2493);
#2492 = CARTESIAN_POINT('',(-0.6,-5.68,6.999));
#2493 = VECTOR('',#2494,1.);
#2494 = DIRECTION('',(1.,4.440892098501E-16,0.));
#2495 = ORIENTED_EDGE('',*,*,#2451,.F.);
#2496 = ORIENTED_EDGE('',*,*,#1505,.F.);
#2497 = PLANE('',#2498);
#2498 = AXIS2_PLACEMENT_3D('',#2499,#2500,#2501);
#2499 = CARTESIAN_POINT('',(-0.6,-5.68,7.));
#2500 = DIRECTION('',(4.440892098501E-16,-1.,0.));
#2501 = DIRECTION('',(1.,4.440892098501E-16,0.));
#2502 = ADVANCED_FACE('',(#2503),#2521,.F.);
#2503 = FACE_BOUND('',#2504,.F.);
#2504 = EDGE_LOOP('',(#2505,#2513,#2519,#2520));
#2505 = ORIENTED_EDGE('',*,*,#2506,.T.);
#2506 = EDGE_CURVE('',#1490,#2507,#2509,.T.);
#2507 = VERTEX_POINT('',#2508);
#2508 = CARTESIAN_POINT('',(-0.6,-4.48,6.999));
#2509 = LINE('',#2510,#2511);
#2510 = CARTESIAN_POINT('',(-0.6,-4.48,7.));
#2511 = VECTOR('',#2512,1.);
#2512 = DIRECTION('',(0.,0.,-1.));
#2513 = ORIENTED_EDGE('',*,*,#2514,.T.);
#2514 = EDGE_CURVE('',#2507,#2483,#2515,.T.);
#2515 = LINE('',#2516,#2517);
#2516 = CARTESIAN_POINT('',(-0.6,-4.48,6.999));
#2517 = VECTOR('',#2518,1.);
#2518 = DIRECTION('',(4.440892098501E-16,-1.,0.));
#2519 = ORIENTED_EDGE('',*,*,#2482,.F.);
#2520 = ORIENTED_EDGE('',*,*,#1497,.F.);
#2521 = PLANE('',#2522);
#2522 = AXIS2_PLACEMENT_3D('',#2523,#2524,#2525);
#2523 = CARTESIAN_POINT('',(-0.6,-4.48,7.));
#2524 = DIRECTION('',(-1.,-4.440892098501E-16,0.));
#2525 = DIRECTION('',(4.440892098501E-16,-1.,0.));
#2526 = ADVANCED_FACE('',(#2527),#2538,.F.);
#2527 = FACE_BOUND('',#2528,.F.);
#2528 = EDGE_LOOP('',(#2529,#2530,#2536,#2537));
#2529 = ORIENTED_EDGE('',*,*,#2467,.T.);
#2530 = ORIENTED_EDGE('',*,*,#2531,.T.);
#2531 = EDGE_CURVE('',#2460,#2507,#2532,.T.);
#2532 = LINE('',#2533,#2534);
#2533 = CARTESIAN_POINT('',(0.6,-4.48,6.999));
#2534 = VECTOR('',#2535,1.);
#2535 = DIRECTION('',(-1.,-4.440892098501E-16,0.));
#2536 = ORIENTED_EDGE('',*,*,#2506,.F.);
#2537 = ORIENTED_EDGE('',*,*,#1489,.F.);
#2538 = PLANE('',#2539);
#2539 = AXIS2_PLACEMENT_3D('',#2540,#2541,#2542);
#2540 = CARTESIAN_POINT('',(0.6,-4.48,7.));
#2541 = DIRECTION('',(-4.440892098501E-16,1.,0.));
#2542 = DIRECTION('',(-1.,-4.440892098501E-16,0.));
#2543 = ADVANCED_FACE('',(#2544),#2569,.F.);
#2544 = FACE_BOUND('',#2545,.F.);
#2545 = EDGE_LOOP('',(#2546,#2554,#2562,#2568));
#2546 = ORIENTED_EDGE('',*,*,#2547,.T.);
#2547 = EDGE_CURVE('',#1514,#2548,#2550,.T.);
#2548 = VERTEX_POINT('',#2549);
#2549 = CARTESIAN_POINT('',(-0.6,-7.02,6.999));
#2550 = LINE('',#2551,#2552);
#2551 = CARTESIAN_POINT('',(-0.6,-7.02,7.));
#2552 = VECTOR('',#2553,1.);
#2553 = DIRECTION('',(0.,0.,-1.));
#2554 = ORIENTED_EDGE('',*,*,#2555,.T.);
#2555 = EDGE_CURVE('',#2548,#2556,#2558,.T.);
#2556 = VERTEX_POINT('',#2557);
#2557 = CARTESIAN_POINT('',(-0.6,-8.22,6.999));
#2558 = LINE('',#2559,#2560);
#2559 = CARTESIAN_POINT('',(-0.6,-7.02,6.999));
#2560 = VECTOR('',#2561,1.);
#2561 = DIRECTION('',(4.440892098501E-16,-1.,0.));
#2562 = ORIENTED_EDGE('',*,*,#2563,.F.);
#2563 = EDGE_CURVE('',#1516,#2556,#2564,.T.);
#2564 = LINE('',#2565,#2566);
#2565 = CARTESIAN_POINT('',(-0.6,-8.22,7.));
#2566 = VECTOR('',#2567,1.);
#2567 = DIRECTION('',(0.,0.,-1.));
#2568 = ORIENTED_EDGE('',*,*,#1513,.F.);
#2569 = PLANE('',#2570);
#2570 = AXIS2_PLACEMENT_3D('',#2571,#2572,#2573);
#2571 = CARTESIAN_POINT('',(-0.6,-7.02,7.));
#2572 = DIRECTION('',(-1.,-4.440892098501E-16,0.));
#2573 = DIRECTION('',(4.440892098501E-16,-1.,0.));
#2574 = ADVANCED_FACE('',(#2575),#2593,.F.);
#2575 = FACE_BOUND('',#2576,.F.);
#2576 = EDGE_LOOP('',(#2577,#2585,#2591,#2592));
#2577 = ORIENTED_EDGE('',*,*,#2578,.T.);
#2578 = EDGE_CURVE('',#1532,#2579,#2581,.T.);
#2579 = VERTEX_POINT('',#2580);
#2580 = CARTESIAN_POINT('',(0.6,-7.02,6.999));
#2581 = LINE('',#2582,#2583);
#2582 = CARTESIAN_POINT('',(0.6,-7.02,7.));
#2583 = VECTOR('',#2584,1.);
#2584 = DIRECTION('',(0.,0.,-1.));
#2585 = ORIENTED_EDGE('',*,*,#2586,.T.);
#2586 = EDGE_CURVE('',#2579,#2548,#2587,.T.);
#2587 = LINE('',#2588,#2589);
#2588 = CARTESIAN_POINT('',(0.6,-7.02,6.999));
#2589 = VECTOR('',#2590,1.);
#2590 = DIRECTION('',(-1.,-4.440892098501E-16,0.));
#2591 = ORIENTED_EDGE('',*,*,#2547,.F.);
#2592 = ORIENTED_EDGE('',*,*,#1539,.F.);
#2593 = PLANE('',#2594);
#2594 = AXIS2_PLACEMENT_3D('',#2595,#2596,#2597);
#2595 = CARTESIAN_POINT('',(0.6,-7.02,7.));
#2596 = DIRECTION('',(-4.440892098501E-16,1.,0.));
#2597 = DIRECTION('',(-1.,-4.440892098501E-16,0.));
#2598 = ADVANCED_FACE('',(#2599),#2617,.F.);
#2599 = FACE_BOUND('',#2600,.F.);
#2600 = EDGE_LOOP('',(#2601,#2609,#2615,#2616));
#2601 = ORIENTED_EDGE('',*,*,#2602,.T.);
#2602 = EDGE_CURVE('',#1524,#2603,#2605,.T.);
#2603 = VERTEX_POINT('',#2604);
#2604 = CARTESIAN_POINT('',(0.6,-8.22,6.999));
#2605 = LINE('',#2606,#2607);
#2606 = CARTESIAN_POINT('',(0.6,-8.22,7.));
#2607 = VECTOR('',#2608,1.);
#2608 = DIRECTION('',(0.,0.,-1.));
#2609 = ORIENTED_EDGE('',*,*,#2610,.T.);
#2610 = EDGE_CURVE('',#2603,#2579,#2611,.T.);
#2611 = LINE('',#2612,#2613);
#2612 = CARTESIAN_POINT('',(0.6,-8.22,6.999));
#2613 = VECTOR('',#2614,1.);
#2614 = DIRECTION('',(-4.440892098501E-16,1.,0.));
#2615 = ORIENTED_EDGE('',*,*,#2578,.F.);
#2616 = ORIENTED_EDGE('',*,*,#1531,.F.);
#2617 = PLANE('',#2618);
#2618 = AXIS2_PLACEMENT_3D('',#2619,#2620,#2621);
#2619 = CARTESIAN_POINT('',(0.6,-8.22,7.));
#2620 = DIRECTION('',(1.,4.440892098501E-16,0.));
#2621 = DIRECTION('',(-4.440892098501E-16,1.,0.));
#2622 = ADVANCED_FACE('',(#2623),#2634,.F.);
#2623 = FACE_BOUND('',#2624,.F.);
#2624 = EDGE_LOOP('',(#2625,#2626,#2632,#2633));
#2625 = ORIENTED_EDGE('',*,*,#2563,.T.);
#2626 = ORIENTED_EDGE('',*,*,#2627,.T.);
#2627 = EDGE_CURVE('',#2556,#2603,#2628,.T.);
#2628 = LINE('',#2629,#2630);
#2629 = CARTESIAN_POINT('',(-0.6,-8.22,6.999));
#2630 = VECTOR('',#2631,1.);
#2631 = DIRECTION('',(1.,4.440892098501E-16,0.));
#2632 = ORIENTED_EDGE('',*,*,#2602,.F.);
#2633 = ORIENTED_EDGE('',*,*,#1523,.F.);
#2634 = PLANE('',#2635);
#2635 = AXIS2_PLACEMENT_3D('',#2636,#2637,#2638);
#2636 = CARTESIAN_POINT('',(-0.6,-8.22,7.));
#2637 = DIRECTION('',(4.440892098501E-16,-1.,0.));
#2638 = DIRECTION('',(1.,4.440892098501E-16,0.));
#2639 = ADVANCED_FACE('',(#2640),#2665,.F.);
#2640 = FACE_BOUND('',#2641,.F.);
#2641 = EDGE_LOOP('',(#2642,#2650,#2658,#2664));
#2642 = ORIENTED_EDGE('',*,*,#2643,.T.);
#2643 = EDGE_CURVE('',#1548,#2644,#2646,.T.);
#2644 = VERTEX_POINT('',#2645);
#2645 = CARTESIAN_POINT('',(-0.6,0.6,6.999));
#2646 = LINE('',#2647,#2648);
#2647 = CARTESIAN_POINT('',(-0.6,0.6,7.));
#2648 = VECTOR('',#2649,1.);
#2649 = DIRECTION('',(0.,0.,-1.));
#2650 = ORIENTED_EDGE('',*,*,#2651,.T.);
#2651 = EDGE_CURVE('',#2644,#2652,#2654,.T.);
#2652 = VERTEX_POINT('',#2653);
#2653 = CARTESIAN_POINT('',(-0.6,-0.6,6.999));
#2654 = LINE('',#2655,#2656);
#2655 = CARTESIAN_POINT('',(-0.6,0.6,6.999));
#2656 = VECTOR('',#2657,1.);
#2657 = DIRECTION('',(4.440892098501E-16,-1.,0.));
#2658 = ORIENTED_EDGE('',*,*,#2659,.F.);
#2659 = EDGE_CURVE('',#1550,#2652,#2660,.T.);
#2660 = LINE('',#2661,#2662);
#2661 = CARTESIAN_POINT('',(-0.6,-0.6,7.));
#2662 = VECTOR('',#2663,1.);
#2663 = DIRECTION('',(0.,0.,-1.));
#2664 = ORIENTED_EDGE('',*,*,#1547,.F.);
#2665 = PLANE('',#2666);
#2666 = AXIS2_PLACEMENT_3D('',#2667,#2668,#2669);
#2667 = CARTESIAN_POINT('',(-0.6,0.6,7.));
#2668 = DIRECTION('',(-1.,-4.440892098501E-16,0.));
#2669 = DIRECTION('',(4.440892098501E-16,-1.,0.));
#2670 = ADVANCED_FACE('',(#2671),#2689,.F.);
#2671 = FACE_BOUND('',#2672,.F.);
#2672 = EDGE_LOOP('',(#2673,#2681,#2687,#2688));
#2673 = ORIENTED_EDGE('',*,*,#2674,.T.);
#2674 = EDGE_CURVE('',#1566,#2675,#2677,.T.);
#2675 = VERTEX_POINT('',#2676);
#2676 = CARTESIAN_POINT('',(0.6,0.6,6.999));
#2677 = LINE('',#2678,#2679);
#2678 = CARTESIAN_POINT('',(0.6,0.6,7.));
#2679 = VECTOR('',#2680,1.);
#2680 = DIRECTION('',(0.,0.,-1.));
#2681 = ORIENTED_EDGE('',*,*,#2682,.T.);
#2682 = EDGE_CURVE('',#2675,#2644,#2683,.T.);
#2683 = LINE('',#2684,#2685);
#2684 = CARTESIAN_POINT('',(0.6,0.6,6.999));
#2685 = VECTOR('',#2686,1.);
#2686 = DIRECTION('',(-1.,-4.440892098501E-16,0.));
#2687 = ORIENTED_EDGE('',*,*,#2643,.F.);
#2688 = ORIENTED_EDGE('',*,*,#1573,.F.);
#2689 = PLANE('',#2690);
#2690 = AXIS2_PLACEMENT_3D('',#2691,#2692,#2693);
#2691 = CARTESIAN_POINT('',(0.6,0.6,7.));
#2692 = DIRECTION('',(-4.440892098501E-16,1.,0.));
#2693 = DIRECTION('',(-1.,-4.440892098501E-16,0.));
#2694 = ADVANCED_FACE('',(#2695),#2713,.F.);
#2695 = FACE_BOUND('',#2696,.F.);
#2696 = EDGE_LOOP('',(#2697,#2705,#2711,#2712));
#2697 = ORIENTED_EDGE('',*,*,#2698,.T.);
#2698 = EDGE_CURVE('',#1558,#2699,#2701,.T.);
#2699 = VERTEX_POINT('',#2700);
#2700 = CARTESIAN_POINT('',(0.6,-0.6,6.999));
#2701 = LINE('',#2702,#2703);
#2702 = CARTESIAN_POINT('',(0.6,-0.6,7.));
#2703 = VECTOR('',#2704,1.);
#2704 = DIRECTION('',(0.,0.,-1.));
#2705 = ORIENTED_EDGE('',*,*,#2706,.T.);
#2706 = EDGE_CURVE('',#2699,#2675,#2707,.T.);
#2707 = LINE('',#2708,#2709);
#2708 = CARTESIAN_POINT('',(0.6,-0.6,6.999));
#2709 = VECTOR('',#2710,1.);
#2710 = DIRECTION('',(-4.440892098501E-16,1.,0.));
#2711 = ORIENTED_EDGE('',*,*,#2674,.F.);
#2712 = ORIENTED_EDGE('',*,*,#1565,.F.);
#2713 = PLANE('',#2714);
#2714 = AXIS2_PLACEMENT_3D('',#2715,#2716,#2717);
#2715 = CARTESIAN_POINT('',(0.6,-0.6,7.));
#2716 = DIRECTION('',(1.,4.440892098501E-16,0.));
#2717 = DIRECTION('',(-4.440892098501E-16,1.,0.));
#2718 = ADVANCED_FACE('',(#2719),#2730,.F.);
#2719 = FACE_BOUND('',#2720,.F.);
#2720 = EDGE_LOOP('',(#2721,#2722,#2728,#2729));
#2721 = ORIENTED_EDGE('',*,*,#2659,.T.);
#2722 = ORIENTED_EDGE('',*,*,#2723,.T.);
#2723 = EDGE_CURVE('',#2652,#2699,#2724,.T.);
#2724 = LINE('',#2725,#2726);
#2725 = CARTESIAN_POINT('',(-0.6,-0.6,6.999));
#2726 = VECTOR('',#2727,1.);
#2727 = DIRECTION('',(1.,4.440892098501E-16,0.));
#2728 = ORIENTED_EDGE('',*,*,#2698,.F.);
#2729 = ORIENTED_EDGE('',*,*,#1557,.F.);
#2730 = PLANE('',#2731);
#2731 = AXIS2_PLACEMENT_3D('',#2732,#2733,#2734);
#2732 = CARTESIAN_POINT('',(-0.6,-0.6,7.));
#2733 = DIRECTION('',(4.440892098501E-16,-1.,0.));
#2734 = DIRECTION('',(1.,4.440892098501E-16,0.));
#2735 = ADVANCED_FACE('',(#2736),#2761,.F.);
#2736 = FACE_BOUND('',#2737,.F.);
#2737 = EDGE_LOOP('',(#2738,#2746,#2754,#2760));
#2738 = ORIENTED_EDGE('',*,*,#2739,.T.);
#2739 = EDGE_CURVE('',#1582,#2740,#2742,.T.);
#2740 = VERTEX_POINT('',#2741);
#2741 = CARTESIAN_POINT('',(0.6,-3.14,6.999));
#2742 = LINE('',#2743,#2744);
#2743 = CARTESIAN_POINT('',(0.6,-3.14,7.));
#2744 = VECTOR('',#2745,1.);
#2745 = DIRECTION('',(0.,0.,-1.));
#2746 = ORIENTED_EDGE('',*,*,#2747,.T.);
#2747 = EDGE_CURVE('',#2740,#2748,#2750,.T.);
#2748 = VERTEX_POINT('',#2749);
#2749 = CARTESIAN_POINT('',(0.6,-1.94,6.999));
#2750 = LINE('',#2751,#2752);
#2751 = CARTESIAN_POINT('',(0.6,-3.14,6.999));
#2752 = VECTOR('',#2753,1.);
#2753 = DIRECTION('',(-4.440892098501E-16,1.,0.));
#2754 = ORIENTED_EDGE('',*,*,#2755,.F.);
#2755 = EDGE_CURVE('',#1584,#2748,#2756,.T.);
#2756 = LINE('',#2757,#2758);
#2757 = CARTESIAN_POINT('',(0.6,-1.94,7.));
#2758 = VECTOR('',#2759,1.);
#2759 = DIRECTION('',(0.,0.,-1.));
#2760 = ORIENTED_EDGE('',*,*,#1581,.F.);
#2761 = PLANE('',#2762);
#2762 = AXIS2_PLACEMENT_3D('',#2763,#2764,#2765);
#2763 = CARTESIAN_POINT('',(0.6,-3.14,7.));
#2764 = DIRECTION('',(1.,4.440892098501E-16,0.));
#2765 = DIRECTION('',(-4.440892098501E-16,1.,0.));
#2766 = ADVANCED_FACE('',(#2767),#2785,.F.);
#2767 = FACE_BOUND('',#2768,.F.);
#2768 = EDGE_LOOP('',(#2769,#2777,#2783,#2784));
#2769 = ORIENTED_EDGE('',*,*,#2770,.T.);
#2770 = EDGE_CURVE('',#1600,#2771,#2773,.T.);
#2771 = VERTEX_POINT('',#2772);
#2772 = CARTESIAN_POINT('',(-0.6,-3.14,6.999));
#2773 = LINE('',#2774,#2775);
#2774 = CARTESIAN_POINT('',(-0.6,-3.14,7.));
#2775 = VECTOR('',#2776,1.);
#2776 = DIRECTION('',(0.,0.,-1.));
#2777 = ORIENTED_EDGE('',*,*,#2778,.T.);
#2778 = EDGE_CURVE('',#2771,#2740,#2779,.T.);
#2779 = LINE('',#2780,#2781);
#2780 = CARTESIAN_POINT('',(-0.6,-3.14,6.999));
#2781 = VECTOR('',#2782,1.);
#2782 = DIRECTION('',(1.,4.440892098501E-16,0.));
#2783 = ORIENTED_EDGE('',*,*,#2739,.F.);
#2784 = ORIENTED_EDGE('',*,*,#1607,.F.);
#2785 = PLANE('',#2786);
#2786 = AXIS2_PLACEMENT_3D('',#2787,#2788,#2789);
#2787 = CARTESIAN_POINT('',(-0.6,-3.14,7.));
#2788 = DIRECTION('',(4.440892098501E-16,-1.,0.));
#2789 = DIRECTION('',(1.,4.440892098501E-16,0.));
#2790 = ADVANCED_FACE('',(#2791),#2809,.F.);
#2791 = FACE_BOUND('',#2792,.F.);
#2792 = EDGE_LOOP('',(#2793,#2801,#2807,#2808));
#2793 = ORIENTED_EDGE('',*,*,#2794,.T.);
#2794 = EDGE_CURVE('',#1592,#2795,#2797,.T.);
#2795 = VERTEX_POINT('',#2796);
#2796 = CARTESIAN_POINT('',(-0.6,-1.94,6.999));
#2797 = LINE('',#2798,#2799);
#2798 = CARTESIAN_POINT('',(-0.6,-1.94,7.));
#2799 = VECTOR('',#2800,1.);
#2800 = DIRECTION('',(0.,0.,-1.));
#2801 = ORIENTED_EDGE('',*,*,#2802,.T.);
#2802 = EDGE_CURVE('',#2795,#2771,#2803,.T.);
#2803 = LINE('',#2804,#2805);
#2804 = CARTESIAN_POINT('',(-0.6,-1.94,6.999));
#2805 = VECTOR('',#2806,1.);
#2806 = DIRECTION('',(4.440892098501E-16,-1.,0.));
#2807 = ORIENTED_EDGE('',*,*,#2770,.F.);
#2808 = ORIENTED_EDGE('',*,*,#1599,.F.);
#2809 = PLANE('',#2810);
#2810 = AXIS2_PLACEMENT_3D('',#2811,#2812,#2813);
#2811 = CARTESIAN_POINT('',(-0.6,-1.94,7.));
#2812 = DIRECTION('',(-1.,-4.440892098501E-16,0.));
#2813 = DIRECTION('',(4.440892098501E-16,-1.,0.));
#2814 = ADVANCED_FACE('',(#2815),#2826,.F.);
#2815 = FACE_BOUND('',#2816,.F.);
#2816 = EDGE_LOOP('',(#2817,#2818,#2824,#2825));
#2817 = ORIENTED_EDGE('',*,*,#2755,.T.);
#2818 = ORIENTED_EDGE('',*,*,#2819,.T.);
#2819 = EDGE_CURVE('',#2748,#2795,#2820,.T.);
#2820 = LINE('',#2821,#2822);
#2821 = CARTESIAN_POINT('',(0.6,-1.94,6.999));
#2822 = VECTOR('',#2823,1.);
#2823 = DIRECTION('',(-1.,-4.440892098501E-16,0.));
#2824 = ORIENTED_EDGE('',*,*,#2794,.F.);
#2825 = ORIENTED_EDGE('',*,*,#1591,.F.);
#2826 = PLANE('',#2827);
#2827 = AXIS2_PLACEMENT_3D('',#2828,#2829,#2830);
#2828 = CARTESIAN_POINT('',(0.6,-1.94,7.));
#2829 = DIRECTION('',(-4.440892098501E-16,1.,0.));
#2830 = DIRECTION('',(-1.,-4.440892098501E-16,0.));
#2831 = ADVANCED_FACE('',(#2832),#2843,.T.);
#2832 = FACE_BOUND('',#2833,.T.);
#2833 = EDGE_LOOP('',(#2834,#2840,#2841,#2842));
#2834 = ORIENTED_EDGE('',*,*,#2835,.F.);
#2835 = EDGE_CURVE('',#1674,#1714,#2836,.T.);
#2836 = LINE('',#2837,#2838);
#2837 = CARTESIAN_POINT('',(-0.1,-12.4,0.2));
#2838 = VECTOR('',#2839,1.);
#2839 = DIRECTION('',(1.,4.440892098501E-16,0.));
#2840 = ORIENTED_EDGE('',*,*,#1671,.F.);
#2841 = ORIENTED_EDGE('',*,*,#1729,.T.);
#2842 = ORIENTED_EDGE('',*,*,#1721,.T.);
#2843 = PLANE('',#2844);
#2844 = AXIS2_PLACEMENT_3D('',#2845,#2846,#2847);
#2845 = CARTESIAN_POINT('',(-0.1,-13.15,0.2));
#2846 = DIRECTION('',(-0.,0.,-1.));
#2847 = DIRECTION('',(4.440892098501E-16,-1.,-0.));
#2848 = ADVANCED_FACE('',(#2849),#2890,.F.);
#2849 = FACE_BOUND('',#2850,.F.);
#2850 = EDGE_LOOP('',(#2851,#2852,#2860,#2868,#2876,#2884));
#2851 = ORIENTED_EDGE('',*,*,#1713,.T.);
#2852 = ORIENTED_EDGE('',*,*,#2853,.T.);
#2853 = EDGE_CURVE('',#1714,#2854,#2856,.T.);
#2854 = VERTEX_POINT('',#2855);
#2855 = CARTESIAN_POINT('',(0.1,-12.4,-2.5));
#2856 = LINE('',#2857,#2858);
#2857 = CARTESIAN_POINT('',(0.1,-12.4,0.2));
#2858 = VECTOR('',#2859,1.);
#2859 = DIRECTION('',(-0.,0.,-1.));
#2860 = ORIENTED_EDGE('',*,*,#2861,.T.);
#2861 = EDGE_CURVE('',#2854,#2862,#2864,.T.);
#2862 = VERTEX_POINT('',#2863);
#2863 = CARTESIAN_POINT('',(0.1,-12.55,-3.1));
#2864 = LINE('',#2865,#2866);
#2865 = CARTESIAN_POINT('',(0.1,-12.4,-2.5));
#2866 = VECTOR('',#2867,1.);
#2867 = DIRECTION('',(1.077074540829E-16,-0.242535625036,-0.970142500145
    ));
#2868 = ORIENTED_EDGE('',*,*,#2869,.T.);
#2869 = EDGE_CURVE('',#2862,#2870,#2872,.T.);
#2870 = VERTEX_POINT('',#2871);
#2871 = CARTESIAN_POINT('',(0.1,-12.85,-3.1));
#2872 = LINE('',#2873,#2874);
#2873 = CARTESIAN_POINT('',(0.1,-12.7,-3.1));
#2874 = VECTOR('',#2875,1.);
#2875 = DIRECTION('',(4.440892098501E-16,-1.,0.));
#2876 = ORIENTED_EDGE('',*,*,#2877,.T.);
#2877 = EDGE_CURVE('',#2870,#2878,#2880,.T.);
#2878 = VERTEX_POINT('',#2879);
#2879 = CARTESIAN_POINT('',(0.1,-13.,-2.5));
#2880 = LINE('',#2881,#2882);
#2881 = CARTESIAN_POINT('',(0.1,-12.85,-3.1));
#2882 = VECTOR('',#2883,1.);
#2883 = DIRECTION('',(1.077074540829E-16,-0.242535625036,0.970142500145)
  );
#2884 = ORIENTED_EDGE('',*,*,#2885,.T.);
#2885 = EDGE_CURVE('',#2878,#1706,#2886,.T.);
#2886 = LINE('',#2887,#2888);
#2887 = CARTESIAN_POINT('',(0.1,-13.,-2.5));
#2888 = VECTOR('',#2889,1.);
#2889 = DIRECTION('',(0.,0.,1.));
#2890 = PLANE('',#2891);
#2891 = AXIS2_PLACEMENT_3D('',#2892,#2893,#2894);
#2892 = CARTESIAN_POINT('',(0.1,-12.4,0.2));
#2893 = DIRECTION('',(-1.,-4.440892098501E-16,0.));
#2894 = DIRECTION('',(0.,0.,1.));
#2895 = ADVANCED_FACE('',(#2896),#2907,.T.);
#2896 = FACE_BOUND('',#2897,.T.);
#2897 = EDGE_LOOP('',(#2898,#2899,#2900,#2906));
#2898 = ORIENTED_EDGE('',*,*,#1697,.F.);
#2899 = ORIENTED_EDGE('',*,*,#1689,.F.);
#2900 = ORIENTED_EDGE('',*,*,#2901,.T.);
#2901 = EDGE_CURVE('',#1682,#1706,#2902,.T.);
#2902 = LINE('',#2903,#2904);
#2903 = CARTESIAN_POINT('',(-0.1,-13.,0.2));
#2904 = VECTOR('',#2905,1.);
#2905 = DIRECTION('',(1.,4.440892098501E-16,0.));
#2906 = ORIENTED_EDGE('',*,*,#1705,.T.);
#2907 = PLANE('',#2908);
#2908 = AXIS2_PLACEMENT_3D('',#2909,#2910,#2911);
#2909 = CARTESIAN_POINT('',(-0.1,-13.15,0.2));
#2910 = DIRECTION('',(-0.,0.,-1.));
#2911 = DIRECTION('',(4.440892098501E-16,-1.,-0.));
#2912 = ADVANCED_FACE('',(#2913),#2954,.F.);
#2913 = FACE_BOUND('',#2914,.F.);
#2914 = EDGE_LOOP('',(#2915,#2923,#2924,#2932,#2940,#2948));
#2915 = ORIENTED_EDGE('',*,*,#2916,.F.);
#2916 = EDGE_CURVE('',#1674,#2917,#2919,.T.);
#2917 = VERTEX_POINT('',#2918);
#2918 = CARTESIAN_POINT('',(-0.1,-12.4,-2.5));
#2919 = LINE('',#2920,#2921);
#2920 = CARTESIAN_POINT('',(-0.1,-12.4,0.2));
#2921 = VECTOR('',#2922,1.);
#2922 = DIRECTION('',(-0.,0.,-1.));
#2923 = ORIENTED_EDGE('',*,*,#1681,.T.);
#2924 = ORIENTED_EDGE('',*,*,#2925,.F.);
#2925 = EDGE_CURVE('',#2926,#1682,#2928,.T.);
#2926 = VERTEX_POINT('',#2927);
#2927 = CARTESIAN_POINT('',(-0.1,-13.,-2.5));
#2928 = LINE('',#2929,#2930);
#2929 = CARTESIAN_POINT('',(-0.1,-13.,-2.5));
#2930 = VECTOR('',#2931,1.);
#2931 = DIRECTION('',(0.,0.,1.));
#2932 = ORIENTED_EDGE('',*,*,#2933,.F.);
#2933 = EDGE_CURVE('',#2934,#2926,#2936,.T.);
#2934 = VERTEX_POINT('',#2935);
#2935 = CARTESIAN_POINT('',(-0.1,-12.85,-3.1));
#2936 = LINE('',#2937,#2938);
#2937 = CARTESIAN_POINT('',(-0.1,-12.85,-3.1));
#2938 = VECTOR('',#2939,1.);
#2939 = DIRECTION('',(1.077074540829E-16,-0.242535625036,0.970142500145)
  );
#2940 = ORIENTED_EDGE('',*,*,#2941,.F.);
#2941 = EDGE_CURVE('',#2942,#2934,#2944,.T.);
#2942 = VERTEX_POINT('',#2943);
#2943 = CARTESIAN_POINT('',(-0.1,-12.55,-3.1));
#2944 = LINE('',#2945,#2946);
#2945 = CARTESIAN_POINT('',(-0.1,-12.55,-3.1));
#2946 = VECTOR('',#2947,1.);
#2947 = DIRECTION('',(4.440892098501E-16,-1.,0.));
#2948 = ORIENTED_EDGE('',*,*,#2949,.F.);
#2949 = EDGE_CURVE('',#2917,#2942,#2950,.T.);
#2950 = LINE('',#2951,#2952);
#2951 = CARTESIAN_POINT('',(-0.1,-12.4,-2.5));
#2952 = VECTOR('',#2953,1.);
#2953 = DIRECTION('',(1.077074540829E-16,-0.242535625036,-0.970142500145
    ));
#2954 = PLANE('',#2955);
#2955 = AXIS2_PLACEMENT_3D('',#2956,#2957,#2958);
#2956 = CARTESIAN_POINT('',(-0.1,-12.4,0.2));
#2957 = DIRECTION('',(1.,4.440892098501E-16,0.));
#2958 = DIRECTION('',(0.,0.,-1.));
#2959 = ADVANCED_FACE('',(#2960),#2971,.T.);
#2960 = FACE_BOUND('',#2961,.T.);
#2961 = EDGE_LOOP('',(#2962,#2968,#2969,#2970));
#2962 = ORIENTED_EDGE('',*,*,#2963,.F.);
#2963 = EDGE_CURVE('',#1740,#1780,#2964,.T.);
#2964 = LINE('',#2965,#2966);
#2965 = CARTESIAN_POINT('',(-0.1,-9.86,0.2));
#2966 = VECTOR('',#2967,1.);
#2967 = DIRECTION('',(1.,4.440892098501E-16,0.));
#2968 = ORIENTED_EDGE('',*,*,#1737,.F.);
#2969 = ORIENTED_EDGE('',*,*,#1795,.T.);
#2970 = ORIENTED_EDGE('',*,*,#1787,.T.);
#2971 = PLANE('',#2972);
#2972 = AXIS2_PLACEMENT_3D('',#2973,#2974,#2975);
#2973 = CARTESIAN_POINT('',(-0.1,-10.61,0.2));
#2974 = DIRECTION('',(-0.,0.,-1.));
#2975 = DIRECTION('',(4.440892098501E-16,-1.,-0.));
#2976 = ADVANCED_FACE('',(#2977),#3018,.F.);
#2977 = FACE_BOUND('',#2978,.F.);
#2978 = EDGE_LOOP('',(#2979,#2980,#2988,#2996,#3004,#3012));
#2979 = ORIENTED_EDGE('',*,*,#1779,.T.);
#2980 = ORIENTED_EDGE('',*,*,#2981,.T.);
#2981 = EDGE_CURVE('',#1780,#2982,#2984,.T.);
#2982 = VERTEX_POINT('',#2983);
#2983 = CARTESIAN_POINT('',(0.1,-9.86,-2.5));
#2984 = LINE('',#2985,#2986);
#2985 = CARTESIAN_POINT('',(0.1,-9.86,0.2));
#2986 = VECTOR('',#2987,1.);
#2987 = DIRECTION('',(-0.,0.,-1.));
#2988 = ORIENTED_EDGE('',*,*,#2989,.T.);
#2989 = EDGE_CURVE('',#2982,#2990,#2992,.T.);
#2990 = VERTEX_POINT('',#2991);
#2991 = CARTESIAN_POINT('',(0.1,-10.01,-3.1));
#2992 = LINE('',#2993,#2994);
#2993 = CARTESIAN_POINT('',(0.1,-9.86,-2.5));
#2994 = VECTOR('',#2995,1.);
#2995 = DIRECTION('',(1.077074540829E-16,-0.242535625036,-0.970142500145
    ));
#2996 = ORIENTED_EDGE('',*,*,#2997,.T.);
#2997 = EDGE_CURVE('',#2990,#2998,#3000,.T.);
#2998 = VERTEX_POINT('',#2999);
#2999 = CARTESIAN_POINT('',(0.1,-10.31,-3.1));
#3000 = LINE('',#3001,#3002);
#3001 = CARTESIAN_POINT('',(0.1,-10.16,-3.1));
#3002 = VECTOR('',#3003,1.);
#3003 = DIRECTION('',(4.440892098501E-16,-1.,0.));
#3004 = ORIENTED_EDGE('',*,*,#3005,.T.);
#3005 = EDGE_CURVE('',#2998,#3006,#3008,.T.);
#3006 = VERTEX_POINT('',#3007);
#3007 = CARTESIAN_POINT('',(0.1,-10.46,-2.5));
#3008 = LINE('',#3009,#3010);
#3009 = CARTESIAN_POINT('',(0.1,-10.31,-3.1));
#3010 = VECTOR('',#3011,1.);
#3011 = DIRECTION('',(1.077074540829E-16,-0.242535625036,0.970142500145)
  );
#3012 = ORIENTED_EDGE('',*,*,#3013,.T.);
#3013 = EDGE_CURVE('',#3006,#1772,#3014,.T.);
#3014 = LINE('',#3015,#3016);
#3015 = CARTESIAN_POINT('',(0.1,-10.46,-2.5));
#3016 = VECTOR('',#3017,1.);
#3017 = DIRECTION('',(0.,0.,1.));
#3018 = PLANE('',#3019);
#3019 = AXIS2_PLACEMENT_3D('',#3020,#3021,#3022);
#3020 = CARTESIAN_POINT('',(0.1,-9.86,0.2));
#3021 = DIRECTION('',(-1.,-4.440892098501E-16,0.));
#3022 = DIRECTION('',(0.,0.,1.));
#3023 = ADVANCED_FACE('',(#3024),#3035,.T.);
#3024 = FACE_BOUND('',#3025,.T.);
#3025 = EDGE_LOOP('',(#3026,#3027,#3028,#3034));
#3026 = ORIENTED_EDGE('',*,*,#1763,.F.);
#3027 = ORIENTED_EDGE('',*,*,#1755,.F.);
#3028 = ORIENTED_EDGE('',*,*,#3029,.T.);
#3029 = EDGE_CURVE('',#1748,#1772,#3030,.T.);
#3030 = LINE('',#3031,#3032);
#3031 = CARTESIAN_POINT('',(-0.1,-10.46,0.2));
#3032 = VECTOR('',#3033,1.);
#3033 = DIRECTION('',(1.,4.440892098501E-16,0.));
#3034 = ORIENTED_EDGE('',*,*,#1771,.T.);
#3035 = PLANE('',#3036);
#3036 = AXIS2_PLACEMENT_3D('',#3037,#3038,#3039);
#3037 = CARTESIAN_POINT('',(-0.1,-10.61,0.2));
#3038 = DIRECTION('',(-0.,0.,-1.));
#3039 = DIRECTION('',(4.440892098501E-16,-1.,-0.));
#3040 = ADVANCED_FACE('',(#3041),#3082,.F.);
#3041 = FACE_BOUND('',#3042,.F.);
#3042 = EDGE_LOOP('',(#3043,#3051,#3052,#3060,#3068,#3076));
#3043 = ORIENTED_EDGE('',*,*,#3044,.F.);
#3044 = EDGE_CURVE('',#1740,#3045,#3047,.T.);
#3045 = VERTEX_POINT('',#3046);
#3046 = CARTESIAN_POINT('',(-0.1,-9.86,-2.5));
#3047 = LINE('',#3048,#3049);
#3048 = CARTESIAN_POINT('',(-0.1,-9.86,0.2));
#3049 = VECTOR('',#3050,1.);
#3050 = DIRECTION('',(-0.,0.,-1.));
#3051 = ORIENTED_EDGE('',*,*,#1747,.T.);
#3052 = ORIENTED_EDGE('',*,*,#3053,.F.);
#3053 = EDGE_CURVE('',#3054,#1748,#3056,.T.);
#3054 = VERTEX_POINT('',#3055);
#3055 = CARTESIAN_POINT('',(-0.1,-10.46,-2.5));
#3056 = LINE('',#3057,#3058);
#3057 = CARTESIAN_POINT('',(-0.1,-10.46,-2.5));
#3058 = VECTOR('',#3059,1.);
#3059 = DIRECTION('',(0.,0.,1.));
#3060 = ORIENTED_EDGE('',*,*,#3061,.F.);
#3061 = EDGE_CURVE('',#3062,#3054,#3064,.T.);
#3062 = VERTEX_POINT('',#3063);
#3063 = CARTESIAN_POINT('',(-0.1,-10.31,-3.1));
#3064 = LINE('',#3065,#3066);
#3065 = CARTESIAN_POINT('',(-0.1,-10.31,-3.1));
#3066 = VECTOR('',#3067,1.);
#3067 = DIRECTION('',(1.077074540829E-16,-0.242535625036,0.970142500145)
  );
#3068 = ORIENTED_EDGE('',*,*,#3069,.F.);
#3069 = EDGE_CURVE('',#3070,#3062,#3072,.T.);
#3070 = VERTEX_POINT('',#3071);
#3071 = CARTESIAN_POINT('',(-0.1,-10.01,-3.1));
#3072 = LINE('',#3073,#3074);
#3073 = CARTESIAN_POINT('',(-0.1,-10.01,-3.1));
#3074 = VECTOR('',#3075,1.);
#3075 = DIRECTION('',(4.440892098501E-16,-1.,0.));
#3076 = ORIENTED_EDGE('',*,*,#3077,.F.);
#3077 = EDGE_CURVE('',#3045,#3070,#3078,.T.);
#3078 = LINE('',#3079,#3080);
#3079 = CARTESIAN_POINT('',(-0.1,-9.86,-2.5));
#3080 = VECTOR('',#3081,1.);
#3081 = DIRECTION('',(1.077074540829E-16,-0.242535625036,-0.970142500145
    ));
#3082 = PLANE('',#3083);
#3083 = AXIS2_PLACEMENT_3D('',#3084,#3085,#3086);
#3084 = CARTESIAN_POINT('',(-0.1,-9.86,0.2));
#3085 = DIRECTION('',(1.,4.440892098501E-16,0.));
#3086 = DIRECTION('',(0.,0.,-1.));
#3087 = ADVANCED_FACE('',(#3088),#3099,.T.);
#3088 = FACE_BOUND('',#3089,.T.);
#3089 = EDGE_LOOP('',(#3090,#3096,#3097,#3098));
#3090 = ORIENTED_EDGE('',*,*,#3091,.F.);
#3091 = EDGE_CURVE('',#1806,#1846,#3092,.T.);
#3092 = LINE('',#3093,#3094);
#3093 = CARTESIAN_POINT('',(-0.1,-14.94,0.2));
#3094 = VECTOR('',#3095,1.);
#3095 = DIRECTION('',(1.,4.440892098501E-16,0.));
#3096 = ORIENTED_EDGE('',*,*,#1803,.F.);
#3097 = ORIENTED_EDGE('',*,*,#1861,.T.);
#3098 = ORIENTED_EDGE('',*,*,#1853,.T.);
#3099 = PLANE('',#3100);
#3100 = AXIS2_PLACEMENT_3D('',#3101,#3102,#3103);
#3101 = CARTESIAN_POINT('',(-0.1,-15.69,0.2));
#3102 = DIRECTION('',(-0.,0.,-1.));
#3103 = DIRECTION('',(4.440892098501E-16,-1.,-0.));
#3104 = ADVANCED_FACE('',(#3105),#3146,.F.);
#3105 = FACE_BOUND('',#3106,.F.);
#3106 = EDGE_LOOP('',(#3107,#3108,#3116,#3124,#3132,#3140));
#3107 = ORIENTED_EDGE('',*,*,#1845,.T.);
#3108 = ORIENTED_EDGE('',*,*,#3109,.T.);
#3109 = EDGE_CURVE('',#1846,#3110,#3112,.T.);
#3110 = VERTEX_POINT('',#3111);
#3111 = CARTESIAN_POINT('',(0.1,-14.94,-2.5));
#3112 = LINE('',#3113,#3114);
#3113 = CARTESIAN_POINT('',(0.1,-14.94,0.2));
#3114 = VECTOR('',#3115,1.);
#3115 = DIRECTION('',(-0.,0.,-1.));
#3116 = ORIENTED_EDGE('',*,*,#3117,.T.);
#3117 = EDGE_CURVE('',#3110,#3118,#3120,.T.);
#3118 = VERTEX_POINT('',#3119);
#3119 = CARTESIAN_POINT('',(0.1,-15.09,-3.1));
#3120 = LINE('',#3121,#3122);
#3121 = CARTESIAN_POINT('',(0.1,-14.94,-2.5));
#3122 = VECTOR('',#3123,1.);
#3123 = DIRECTION('',(1.077074540829E-16,-0.242535625036,-0.970142500145
    ));
#3124 = ORIENTED_EDGE('',*,*,#3125,.T.);
#3125 = EDGE_CURVE('',#3118,#3126,#3128,.T.);
#3126 = VERTEX_POINT('',#3127);
#3127 = CARTESIAN_POINT('',(0.1,-15.39,-3.1));
#3128 = LINE('',#3129,#3130);
#3129 = CARTESIAN_POINT('',(0.1,-15.24,-3.1));
#3130 = VECTOR('',#3131,1.);
#3131 = DIRECTION('',(4.440892098501E-16,-1.,0.));
#3132 = ORIENTED_EDGE('',*,*,#3133,.T.);
#3133 = EDGE_CURVE('',#3126,#3134,#3136,.T.);
#3134 = VERTEX_POINT('',#3135);
#3135 = CARTESIAN_POINT('',(0.1,-15.54,-2.5));
#3136 = LINE('',#3137,#3138);
#3137 = CARTESIAN_POINT('',(0.1,-15.39,-3.1));
#3138 = VECTOR('',#3139,1.);
#3139 = DIRECTION('',(1.077074540829E-16,-0.242535625036,0.970142500145)
  );
#3140 = ORIENTED_EDGE('',*,*,#3141,.T.);
#3141 = EDGE_CURVE('',#3134,#1838,#3142,.T.);
#3142 = LINE('',#3143,#3144);
#3143 = CARTESIAN_POINT('',(0.1,-15.54,-2.5));
#3144 = VECTOR('',#3145,1.);
#3145 = DIRECTION('',(0.,0.,1.));
#3146 = PLANE('',#3147);
#3147 = AXIS2_PLACEMENT_3D('',#3148,#3149,#3150);
#3148 = CARTESIAN_POINT('',(0.1,-14.94,0.2));
#3149 = DIRECTION('',(-1.,-4.440892098501E-16,0.));
#3150 = DIRECTION('',(0.,0.,1.));
#3151 = ADVANCED_FACE('',(#3152),#3163,.T.);
#3152 = FACE_BOUND('',#3153,.T.);
#3153 = EDGE_LOOP('',(#3154,#3155,#3156,#3162));
#3154 = ORIENTED_EDGE('',*,*,#1829,.F.);
#3155 = ORIENTED_EDGE('',*,*,#1821,.F.);
#3156 = ORIENTED_EDGE('',*,*,#3157,.T.);
#3157 = EDGE_CURVE('',#1814,#1838,#3158,.T.);
#3158 = LINE('',#3159,#3160);
#3159 = CARTESIAN_POINT('',(-0.1,-15.54,0.2));
#3160 = VECTOR('',#3161,1.);
#3161 = DIRECTION('',(1.,4.440892098501E-16,0.));
#3162 = ORIENTED_EDGE('',*,*,#1837,.T.);
#3163 = PLANE('',#3164);
#3164 = AXIS2_PLACEMENT_3D('',#3165,#3166,#3167);
#3165 = CARTESIAN_POINT('',(-0.1,-15.69,0.2));
#3166 = DIRECTION('',(-0.,0.,-1.));
#3167 = DIRECTION('',(4.440892098501E-16,-1.,-0.));
#3168 = ADVANCED_FACE('',(#3169),#3210,.F.);
#3169 = FACE_BOUND('',#3170,.F.);
#3170 = EDGE_LOOP('',(#3171,#3179,#3180,#3188,#3196,#3204));
#3171 = ORIENTED_EDGE('',*,*,#3172,.F.);
#3172 = EDGE_CURVE('',#1806,#3173,#3175,.T.);
#3173 = VERTEX_POINT('',#3174);
#3174 = CARTESIAN_POINT('',(-0.1,-14.94,-2.5));
#3175 = LINE('',#3176,#3177);
#3176 = CARTESIAN_POINT('',(-0.1,-14.94,0.2));
#3177 = VECTOR('',#3178,1.);
#3178 = DIRECTION('',(-0.,0.,-1.));
#3179 = ORIENTED_EDGE('',*,*,#1813,.T.);
#3180 = ORIENTED_EDGE('',*,*,#3181,.F.);
#3181 = EDGE_CURVE('',#3182,#1814,#3184,.T.);
#3182 = VERTEX_POINT('',#3183);
#3183 = CARTESIAN_POINT('',(-0.1,-15.54,-2.5));
#3184 = LINE('',#3185,#3186);
#3185 = CARTESIAN_POINT('',(-0.1,-15.54,-2.5));
#3186 = VECTOR('',#3187,1.);
#3187 = DIRECTION('',(0.,0.,1.));
#3188 = ORIENTED_EDGE('',*,*,#3189,.F.);
#3189 = EDGE_CURVE('',#3190,#3182,#3192,.T.);
#3190 = VERTEX_POINT('',#3191);
#3191 = CARTESIAN_POINT('',(-0.1,-15.39,-3.1));
#3192 = LINE('',#3193,#3194);
#3193 = CARTESIAN_POINT('',(-0.1,-15.39,-3.1));
#3194 = VECTOR('',#3195,1.);
#3195 = DIRECTION('',(1.077074540829E-16,-0.242535625036,0.970142500145)
  );
#3196 = ORIENTED_EDGE('',*,*,#3197,.F.);
#3197 = EDGE_CURVE('',#3198,#3190,#3200,.T.);
#3198 = VERTEX_POINT('',#3199);
#3199 = CARTESIAN_POINT('',(-0.1,-15.09,-3.1));
#3200 = LINE('',#3201,#3202);
#3201 = CARTESIAN_POINT('',(-0.1,-15.09,-3.1));
#3202 = VECTOR('',#3203,1.);
#3203 = DIRECTION('',(4.440892098501E-16,-1.,0.));
#3204 = ORIENTED_EDGE('',*,*,#3205,.F.);
#3205 = EDGE_CURVE('',#3173,#3198,#3206,.T.);
#3206 = LINE('',#3207,#3208);
#3207 = CARTESIAN_POINT('',(-0.1,-14.94,-2.5));
#3208 = VECTOR('',#3209,1.);
#3209 = DIRECTION('',(1.077074540829E-16,-0.242535625036,-0.970142500145
    ));
#3210 = PLANE('',#3211);
#3211 = AXIS2_PLACEMENT_3D('',#3212,#3213,#3214);
#3212 = CARTESIAN_POINT('',(-0.1,-14.94,0.2));
#3213 = DIRECTION('',(1.,4.440892098501E-16,0.));
#3214 = DIRECTION('',(0.,0.,-1.));
#3215 = ADVANCED_FACE('',(#3216),#3227,.T.);
#3216 = FACE_BOUND('',#3217,.T.);
#3217 = EDGE_LOOP('',(#3218,#3224,#3225,#3226));
#3218 = ORIENTED_EDGE('',*,*,#3219,.F.);
#3219 = EDGE_CURVE('',#1872,#1912,#3220,.T.);
#3220 = LINE('',#3221,#3222);
#3221 = CARTESIAN_POINT('',(-0.1,-7.32,0.2));
#3222 = VECTOR('',#3223,1.);
#3223 = DIRECTION('',(1.,4.440892098501E-16,0.));
#3224 = ORIENTED_EDGE('',*,*,#1869,.F.);
#3225 = ORIENTED_EDGE('',*,*,#1927,.T.);
#3226 = ORIENTED_EDGE('',*,*,#1919,.T.);
#3227 = PLANE('',#3228);
#3228 = AXIS2_PLACEMENT_3D('',#3229,#3230,#3231);
#3229 = CARTESIAN_POINT('',(-0.1,-8.07,0.2));
#3230 = DIRECTION('',(-0.,0.,-1.));
#3231 = DIRECTION('',(4.440892098501E-16,-1.,-0.));
#3232 = ADVANCED_FACE('',(#3233),#3274,.F.);
#3233 = FACE_BOUND('',#3234,.F.);
#3234 = EDGE_LOOP('',(#3235,#3236,#3244,#3252,#3260,#3268));
#3235 = ORIENTED_EDGE('',*,*,#1911,.T.);
#3236 = ORIENTED_EDGE('',*,*,#3237,.T.);
#3237 = EDGE_CURVE('',#1912,#3238,#3240,.T.);
#3238 = VERTEX_POINT('',#3239);
#3239 = CARTESIAN_POINT('',(0.1,-7.32,-2.5));
#3240 = LINE('',#3241,#3242);
#3241 = CARTESIAN_POINT('',(0.1,-7.32,0.2));
#3242 = VECTOR('',#3243,1.);
#3243 = DIRECTION('',(-0.,0.,-1.));
#3244 = ORIENTED_EDGE('',*,*,#3245,.T.);
#3245 = EDGE_CURVE('',#3238,#3246,#3248,.T.);
#3246 = VERTEX_POINT('',#3247);
#3247 = CARTESIAN_POINT('',(0.1,-7.47,-3.1));
#3248 = LINE('',#3249,#3250);
#3249 = CARTESIAN_POINT('',(0.1,-7.32,-2.5));
#3250 = VECTOR('',#3251,1.);
#3251 = DIRECTION('',(1.077074540829E-16,-0.242535625036,-0.970142500145
    ));
#3252 = ORIENTED_EDGE('',*,*,#3253,.T.);
#3253 = EDGE_CURVE('',#3246,#3254,#3256,.T.);
#3254 = VERTEX_POINT('',#3255);
#3255 = CARTESIAN_POINT('',(0.1,-7.77,-3.1));
#3256 = LINE('',#3257,#3258);
#3257 = CARTESIAN_POINT('',(0.1,-7.62,-3.1));
#3258 = VECTOR('',#3259,1.);
#3259 = DIRECTION('',(4.440892098501E-16,-1.,0.));
#3260 = ORIENTED_EDGE('',*,*,#3261,.T.);
#3261 = EDGE_CURVE('',#3254,#3262,#3264,.T.);
#3262 = VERTEX_POINT('',#3263);
#3263 = CARTESIAN_POINT('',(0.1,-7.92,-2.5));
#3264 = LINE('',#3265,#3266);
#3265 = CARTESIAN_POINT('',(0.1,-7.77,-3.1));
#3266 = VECTOR('',#3267,1.);
#3267 = DIRECTION('',(1.077074540829E-16,-0.242535625036,0.970142500145)
  );
#3268 = ORIENTED_EDGE('',*,*,#3269,.T.);
#3269 = EDGE_CURVE('',#3262,#1904,#3270,.T.);
#3270 = LINE('',#3271,#3272);
#3271 = CARTESIAN_POINT('',(0.1,-7.92,-2.5));
#3272 = VECTOR('',#3273,1.);
#3273 = DIRECTION('',(0.,0.,1.));
#3274 = PLANE('',#3275);
#3275 = AXIS2_PLACEMENT_3D('',#3276,#3277,#3278);
#3276 = CARTESIAN_POINT('',(0.1,-7.32,0.2));
#3277 = DIRECTION('',(-1.,-4.440892098501E-16,0.));
#3278 = DIRECTION('',(0.,0.,1.));
#3279 = ADVANCED_FACE('',(#3280),#3291,.T.);
#3280 = FACE_BOUND('',#3281,.T.);
#3281 = EDGE_LOOP('',(#3282,#3283,#3284,#3290));
#3282 = ORIENTED_EDGE('',*,*,#1895,.F.);
#3283 = ORIENTED_EDGE('',*,*,#1887,.F.);
#3284 = ORIENTED_EDGE('',*,*,#3285,.T.);
#3285 = EDGE_CURVE('',#1880,#1904,#3286,.T.);
#3286 = LINE('',#3287,#3288);
#3287 = CARTESIAN_POINT('',(-0.1,-7.92,0.2));
#3288 = VECTOR('',#3289,1.);
#3289 = DIRECTION('',(1.,4.440892098501E-16,0.));
#3290 = ORIENTED_EDGE('',*,*,#1903,.T.);
#3291 = PLANE('',#3292);
#3292 = AXIS2_PLACEMENT_3D('',#3293,#3294,#3295);
#3293 = CARTESIAN_POINT('',(-0.1,-8.07,0.2));
#3294 = DIRECTION('',(-0.,0.,-1.));
#3295 = DIRECTION('',(4.440892098501E-16,-1.,-0.));
#3296 = ADVANCED_FACE('',(#3297),#3338,.F.);
#3297 = FACE_BOUND('',#3298,.F.);
#3298 = EDGE_LOOP('',(#3299,#3307,#3308,#3316,#3324,#3332));
#3299 = ORIENTED_EDGE('',*,*,#3300,.F.);
#3300 = EDGE_CURVE('',#1872,#3301,#3303,.T.);
#3301 = VERTEX_POINT('',#3302);
#3302 = CARTESIAN_POINT('',(-0.1,-7.32,-2.5));
#3303 = LINE('',#3304,#3305);
#3304 = CARTESIAN_POINT('',(-0.1,-7.32,0.2));
#3305 = VECTOR('',#3306,1.);
#3306 = DIRECTION('',(-0.,0.,-1.));
#3307 = ORIENTED_EDGE('',*,*,#1879,.T.);
#3308 = ORIENTED_EDGE('',*,*,#3309,.F.);
#3309 = EDGE_CURVE('',#3310,#1880,#3312,.T.);
#3310 = VERTEX_POINT('',#3311);
#3311 = CARTESIAN_POINT('',(-0.1,-7.92,-2.5));
#3312 = LINE('',#3313,#3314);
#3313 = CARTESIAN_POINT('',(-0.1,-7.92,-2.5));
#3314 = VECTOR('',#3315,1.);
#3315 = DIRECTION('',(0.,0.,1.));
#3316 = ORIENTED_EDGE('',*,*,#3317,.F.);
#3317 = EDGE_CURVE('',#3318,#3310,#3320,.T.);
#3318 = VERTEX_POINT('',#3319);
#3319 = CARTESIAN_POINT('',(-0.1,-7.77,-3.1));
#3320 = LINE('',#3321,#3322);
#3321 = CARTESIAN_POINT('',(-0.1,-7.77,-3.1));
#3322 = VECTOR('',#3323,1.);
#3323 = DIRECTION('',(1.077074540829E-16,-0.242535625036,0.970142500145)
  );
#3324 = ORIENTED_EDGE('',*,*,#3325,.F.);
#3325 = EDGE_CURVE('',#3326,#3318,#3328,.T.);
#3326 = VERTEX_POINT('',#3327);
#3327 = CARTESIAN_POINT('',(-0.1,-7.47,-3.1));
#3328 = LINE('',#3329,#3330);
#3329 = CARTESIAN_POINT('',(-0.1,-7.47,-3.1));
#3330 = VECTOR('',#3331,1.);
#3331 = DIRECTION('',(4.440892098501E-16,-1.,0.));
#3332 = ORIENTED_EDGE('',*,*,#3333,.F.);
#3333 = EDGE_CURVE('',#3301,#3326,#3334,.T.);
#3334 = LINE('',#3335,#3336);
#3335 = CARTESIAN_POINT('',(-0.1,-7.32,-2.5));
#3336 = VECTOR('',#3337,1.);
#3337 = DIRECTION('',(1.077074540829E-16,-0.242535625036,-0.970142500145
    ));
#3338 = PLANE('',#3339);
#3339 = AXIS2_PLACEMENT_3D('',#3340,#3341,#3342);
#3340 = CARTESIAN_POINT('',(-0.1,-7.32,0.2));
#3341 = DIRECTION('',(1.,4.440892098501E-16,0.));
#3342 = DIRECTION('',(0.,0.,-1.));
#3343 = ADVANCED_FACE('',(#3344),#3355,.T.);
#3344 = FACE_BOUND('',#3345,.T.);
#3345 = EDGE_LOOP('',(#3346,#3352,#3353,#3354));
#3346 = ORIENTED_EDGE('',*,*,#3347,.F.);
#3347 = EDGE_CURVE('',#1938,#1978,#3348,.T.);
#3348 = LINE('',#3349,#3350);
#3349 = CARTESIAN_POINT('',(-0.1,0.3,0.2));
#3350 = VECTOR('',#3351,1.);
#3351 = DIRECTION('',(1.,4.440892098501E-16,0.));
#3352 = ORIENTED_EDGE('',*,*,#1935,.F.);
#3353 = ORIENTED_EDGE('',*,*,#1993,.T.);
#3354 = ORIENTED_EDGE('',*,*,#1985,.T.);
#3355 = PLANE('',#3356);
#3356 = AXIS2_PLACEMENT_3D('',#3357,#3358,#3359);
#3357 = CARTESIAN_POINT('',(-0.1,-0.45,0.2));
#3358 = DIRECTION('',(-0.,0.,-1.));
#3359 = DIRECTION('',(4.440892098501E-16,-1.,-0.));
#3360 = ADVANCED_FACE('',(#3361),#3402,.F.);
#3361 = FACE_BOUND('',#3362,.F.);
#3362 = EDGE_LOOP('',(#3363,#3364,#3372,#3380,#3388,#3396));
#3363 = ORIENTED_EDGE('',*,*,#1977,.T.);
#3364 = ORIENTED_EDGE('',*,*,#3365,.T.);
#3365 = EDGE_CURVE('',#1978,#3366,#3368,.T.);
#3366 = VERTEX_POINT('',#3367);
#3367 = CARTESIAN_POINT('',(0.1,0.3,-2.5));
#3368 = LINE('',#3369,#3370);
#3369 = CARTESIAN_POINT('',(0.1,0.3,0.2));
#3370 = VECTOR('',#3371,1.);
#3371 = DIRECTION('',(-0.,0.,-1.));
#3372 = ORIENTED_EDGE('',*,*,#3373,.T.);
#3373 = EDGE_CURVE('',#3366,#3374,#3376,.T.);
#3374 = VERTEX_POINT('',#3375);
#3375 = CARTESIAN_POINT('',(0.1,0.15,-3.1));
#3376 = LINE('',#3377,#3378);
#3377 = CARTESIAN_POINT('',(0.1,0.3,-2.5));
#3378 = VECTOR('',#3379,1.);
#3379 = DIRECTION('',(1.077074540829E-16,-0.242535625036,-0.970142500145
    ));
#3380 = ORIENTED_EDGE('',*,*,#3381,.T.);
#3381 = EDGE_CURVE('',#3374,#3382,#3384,.T.);
#3382 = VERTEX_POINT('',#3383);
#3383 = CARTESIAN_POINT('',(0.1,-0.15,-3.1));
#3384 = LINE('',#3385,#3386);
#3385 = CARTESIAN_POINT('',(0.1,1.820765760385E-15,-3.1));
#3386 = VECTOR('',#3387,1.);
#3387 = DIRECTION('',(4.440892098501E-16,-1.,0.));
#3388 = ORIENTED_EDGE('',*,*,#3389,.T.);
#3389 = EDGE_CURVE('',#3382,#3390,#3392,.T.);
#3390 = VERTEX_POINT('',#3391);
#3391 = CARTESIAN_POINT('',(0.1,-0.3,-2.5));
#3392 = LINE('',#3393,#3394);
#3393 = CARTESIAN_POINT('',(0.1,-0.15,-3.1));
#3394 = VECTOR('',#3395,1.);
#3395 = DIRECTION('',(1.077074540829E-16,-0.242535625036,0.970142500145)
  );
#3396 = ORIENTED_EDGE('',*,*,#3397,.T.);
#3397 = EDGE_CURVE('',#3390,#1970,#3398,.T.);
#3398 = LINE('',#3399,#3400);
#3399 = CARTESIAN_POINT('',(0.1,-0.3,-2.5));
#3400 = VECTOR('',#3401,1.);
#3401 = DIRECTION('',(0.,0.,1.));
#3402 = PLANE('',#3403);
#3403 = AXIS2_PLACEMENT_3D('',#3404,#3405,#3406);
#3404 = CARTESIAN_POINT('',(0.1,0.3,0.2));
#3405 = DIRECTION('',(-1.,-4.440892098501E-16,0.));
#3406 = DIRECTION('',(0.,0.,1.));
#3407 = ADVANCED_FACE('',(#3408),#3419,.T.);
#3408 = FACE_BOUND('',#3409,.T.);
#3409 = EDGE_LOOP('',(#3410,#3411,#3412,#3418));
#3410 = ORIENTED_EDGE('',*,*,#1961,.F.);
#3411 = ORIENTED_EDGE('',*,*,#1953,.F.);
#3412 = ORIENTED_EDGE('',*,*,#3413,.T.);
#3413 = EDGE_CURVE('',#1946,#1970,#3414,.T.);
#3414 = LINE('',#3415,#3416);
#3415 = CARTESIAN_POINT('',(-0.1,-0.3,0.2));
#3416 = VECTOR('',#3417,1.);
#3417 = DIRECTION('',(1.,4.440892098501E-16,0.));
#3418 = ORIENTED_EDGE('',*,*,#1969,.T.);
#3419 = PLANE('',#3420);
#3420 = AXIS2_PLACEMENT_3D('',#3421,#3422,#3423);
#3421 = CARTESIAN_POINT('',(-0.1,-0.45,0.2));
#3422 = DIRECTION('',(-0.,0.,-1.));
#3423 = DIRECTION('',(4.440892098501E-16,-1.,-0.));
#3424 = ADVANCED_FACE('',(#3425),#3466,.F.);
#3425 = FACE_BOUND('',#3426,.F.);
#3426 = EDGE_LOOP('',(#3427,#3435,#3436,#3444,#3452,#3460));
#3427 = ORIENTED_EDGE('',*,*,#3428,.F.);
#3428 = EDGE_CURVE('',#1938,#3429,#3431,.T.);
#3429 = VERTEX_POINT('',#3430);
#3430 = CARTESIAN_POINT('',(-0.1,0.3,-2.5));
#3431 = LINE('',#3432,#3433);
#3432 = CARTESIAN_POINT('',(-0.1,0.3,0.2));
#3433 = VECTOR('',#3434,1.);
#3434 = DIRECTION('',(-0.,0.,-1.));
#3435 = ORIENTED_EDGE('',*,*,#1945,.T.);
#3436 = ORIENTED_EDGE('',*,*,#3437,.F.);
#3437 = EDGE_CURVE('',#3438,#1946,#3440,.T.);
#3438 = VERTEX_POINT('',#3439);
#3439 = CARTESIAN_POINT('',(-0.1,-0.3,-2.5));
#3440 = LINE('',#3441,#3442);
#3441 = CARTESIAN_POINT('',(-0.1,-0.3,-2.5));
#3442 = VECTOR('',#3443,1.);
#3443 = DIRECTION('',(0.,0.,1.));
#3444 = ORIENTED_EDGE('',*,*,#3445,.F.);
#3445 = EDGE_CURVE('',#3446,#3438,#3448,.T.);
#3446 = VERTEX_POINT('',#3447);
#3447 = CARTESIAN_POINT('',(-0.1,-0.15,-3.1));
#3448 = LINE('',#3449,#3450);
#3449 = CARTESIAN_POINT('',(-0.1,-0.15,-3.1));
#3450 = VECTOR('',#3451,1.);
#3451 = DIRECTION('',(1.077074540829E-16,-0.242535625036,0.970142500145)
  );
#3452 = ORIENTED_EDGE('',*,*,#3453,.F.);
#3453 = EDGE_CURVE('',#3454,#3446,#3456,.T.);
#3454 = VERTEX_POINT('',#3455);
#3455 = CARTESIAN_POINT('',(-0.1,0.15,-3.1));
#3456 = LINE('',#3457,#3458);
#3457 = CARTESIAN_POINT('',(-0.1,0.15,-3.1));
#3458 = VECTOR('',#3459,1.);
#3459 = DIRECTION('',(4.440892098501E-16,-1.,0.));
#3460 = ORIENTED_EDGE('',*,*,#3461,.F.);
#3461 = EDGE_CURVE('',#3429,#3454,#3462,.T.);
#3462 = LINE('',#3463,#3464);
#3463 = CARTESIAN_POINT('',(-0.1,0.3,-2.5));
#3464 = VECTOR('',#3465,1.);
#3465 = DIRECTION('',(1.077074540829E-16,-0.242535625036,-0.970142500145
    ));
#3466 = PLANE('',#3467);
#3467 = AXIS2_PLACEMENT_3D('',#3468,#3469,#3470);
#3468 = CARTESIAN_POINT('',(-0.1,0.3,0.2));
#3469 = DIRECTION('',(1.,4.440892098501E-16,0.));
#3470 = DIRECTION('',(0.,0.,-1.));
#3471 = ADVANCED_FACE('',(#3472),#3513,.F.);
#3472 = FACE_BOUND('',#3473,.F.);
#3473 = EDGE_LOOP('',(#3474,#3482,#3483,#3491,#3499,#3507));
#3474 = ORIENTED_EDGE('',*,*,#3475,.F.);
#3475 = EDGE_CURVE('',#2002,#3476,#3478,.T.);
#3476 = VERTEX_POINT('',#3477);
#3477 = CARTESIAN_POINT('',(-0.1,-2.24,-2.5));
#3478 = LINE('',#3479,#3480);
#3479 = CARTESIAN_POINT('',(-0.1,-2.24,0.2));
#3480 = VECTOR('',#3481,1.);
#3481 = DIRECTION('',(-0.,0.,-1.));
#3482 = ORIENTED_EDGE('',*,*,#2001,.T.);
#3483 = ORIENTED_EDGE('',*,*,#3484,.F.);
#3484 = EDGE_CURVE('',#3485,#2004,#3487,.T.);
#3485 = VERTEX_POINT('',#3486);
#3486 = CARTESIAN_POINT('',(-0.1,-2.84,-2.5));
#3487 = LINE('',#3488,#3489);
#3488 = CARTESIAN_POINT('',(-0.1,-2.84,-2.5));
#3489 = VECTOR('',#3490,1.);
#3490 = DIRECTION('',(0.,0.,1.));
#3491 = ORIENTED_EDGE('',*,*,#3492,.F.);
#3492 = EDGE_CURVE('',#3493,#3485,#3495,.T.);
#3493 = VERTEX_POINT('',#3494);
#3494 = CARTESIAN_POINT('',(-0.1,-2.69,-3.1));
#3495 = LINE('',#3496,#3497);
#3496 = CARTESIAN_POINT('',(-0.1,-2.69,-3.1));
#3497 = VECTOR('',#3498,1.);
#3498 = DIRECTION('',(1.077074540829E-16,-0.242535625036,0.970142500145)
  );
#3499 = ORIENTED_EDGE('',*,*,#3500,.F.);
#3500 = EDGE_CURVE('',#3501,#3493,#3503,.T.);
#3501 = VERTEX_POINT('',#3502);
#3502 = CARTESIAN_POINT('',(-0.1,-2.39,-3.1));
#3503 = LINE('',#3504,#3505);
#3504 = CARTESIAN_POINT('',(-0.1,-2.39,-3.1));
#3505 = VECTOR('',#3506,1.);
#3506 = DIRECTION('',(4.440892098501E-16,-1.,0.));
#3507 = ORIENTED_EDGE('',*,*,#3508,.F.);
#3508 = EDGE_CURVE('',#3476,#3501,#3509,.T.);
#3509 = LINE('',#3510,#3511);
#3510 = CARTESIAN_POINT('',(-0.1,-2.24,-2.5));
#3511 = VECTOR('',#3512,1.);
#3512 = DIRECTION('',(1.077074540829E-16,-0.242535625036,-0.970142500145
    ));
#3513 = PLANE('',#3514);
#3514 = AXIS2_PLACEMENT_3D('',#3515,#3516,#3517);
#3515 = CARTESIAN_POINT('',(-0.1,-2.24,0.2));
#3516 = DIRECTION('',(1.,4.440892098501E-16,0.));
#3517 = DIRECTION('',(0.,0.,-1.));
#3518 = ADVANCED_FACE('',(#3519),#3530,.T.);
#3519 = FACE_BOUND('',#3520,.T.);
#3520 = EDGE_LOOP('',(#3521,#3527,#3528,#3529));
#3521 = ORIENTED_EDGE('',*,*,#3522,.F.);
#3522 = EDGE_CURVE('',#2002,#2036,#3523,.T.);
#3523 = LINE('',#3524,#3525);
#3524 = CARTESIAN_POINT('',(-0.1,-2.24,0.2));
#3525 = VECTOR('',#3526,1.);
#3526 = DIRECTION('',(1.,4.440892098501E-16,0.));
#3527 = ORIENTED_EDGE('',*,*,#2059,.F.);
#3528 = ORIENTED_EDGE('',*,*,#2051,.T.);
#3529 = ORIENTED_EDGE('',*,*,#2043,.T.);
#3530 = PLANE('',#3531);
#3531 = AXIS2_PLACEMENT_3D('',#3532,#3533,#3534);
#3532 = CARTESIAN_POINT('',(-0.1,-2.99,0.2));
#3533 = DIRECTION('',(-0.,0.,-1.));
#3534 = DIRECTION('',(4.440892098501E-16,-1.,-0.));
#3535 = ADVANCED_FACE('',(#3536),#3577,.F.);
#3536 = FACE_BOUND('',#3537,.F.);
#3537 = EDGE_LOOP('',(#3538,#3539,#3547,#3555,#3563,#3571));
#3538 = ORIENTED_EDGE('',*,*,#2035,.T.);
#3539 = ORIENTED_EDGE('',*,*,#3540,.T.);
#3540 = EDGE_CURVE('',#2036,#3541,#3543,.T.);
#3541 = VERTEX_POINT('',#3542);
#3542 = CARTESIAN_POINT('',(0.1,-2.24,-2.5));
#3543 = LINE('',#3544,#3545);
#3544 = CARTESIAN_POINT('',(0.1,-2.24,0.2));
#3545 = VECTOR('',#3546,1.);
#3546 = DIRECTION('',(-0.,0.,-1.));
#3547 = ORIENTED_EDGE('',*,*,#3548,.T.);
#3548 = EDGE_CURVE('',#3541,#3549,#3551,.T.);
#3549 = VERTEX_POINT('',#3550);
#3550 = CARTESIAN_POINT('',(0.1,-2.39,-3.1));
#3551 = LINE('',#3552,#3553);
#3552 = CARTESIAN_POINT('',(0.1,-2.24,-2.5));
#3553 = VECTOR('',#3554,1.);
#3554 = DIRECTION('',(1.077074540829E-16,-0.242535625036,-0.970142500145
    ));
#3555 = ORIENTED_EDGE('',*,*,#3556,.T.);
#3556 = EDGE_CURVE('',#3549,#3557,#3559,.T.);
#3557 = VERTEX_POINT('',#3558);
#3558 = CARTESIAN_POINT('',(0.1,-2.69,-3.1));
#3559 = LINE('',#3560,#3561);
#3560 = CARTESIAN_POINT('',(0.1,-2.54,-3.1));
#3561 = VECTOR('',#3562,1.);
#3562 = DIRECTION('',(4.440892098501E-16,-1.,0.));
#3563 = ORIENTED_EDGE('',*,*,#3564,.T.);
#3564 = EDGE_CURVE('',#3557,#3565,#3567,.T.);
#3565 = VERTEX_POINT('',#3566);
#3566 = CARTESIAN_POINT('',(0.1,-2.84,-2.5));
#3567 = LINE('',#3568,#3569);
#3568 = CARTESIAN_POINT('',(0.1,-2.69,-3.1));
#3569 = VECTOR('',#3570,1.);
#3570 = DIRECTION('',(1.077074540829E-16,-0.242535625036,0.970142500145)
  );
#3571 = ORIENTED_EDGE('',*,*,#3572,.T.);
#3572 = EDGE_CURVE('',#3565,#2028,#3573,.T.);
#3573 = LINE('',#3574,#3575);
#3574 = CARTESIAN_POINT('',(0.1,-2.84,-2.5));
#3575 = VECTOR('',#3576,1.);
#3576 = DIRECTION('',(0.,0.,1.));
#3577 = PLANE('',#3578);
#3578 = AXIS2_PLACEMENT_3D('',#3579,#3580,#3581);
#3579 = CARTESIAN_POINT('',(0.1,-2.24,0.2));
#3580 = DIRECTION('',(-1.,-4.440892098501E-16,0.));
#3581 = DIRECTION('',(0.,0.,1.));
#3582 = ADVANCED_FACE('',(#3583),#3594,.T.);
#3583 = FACE_BOUND('',#3584,.T.);
#3584 = EDGE_LOOP('',(#3585,#3586,#3587,#3593));
#3585 = ORIENTED_EDGE('',*,*,#2019,.F.);
#3586 = ORIENTED_EDGE('',*,*,#2011,.F.);
#3587 = ORIENTED_EDGE('',*,*,#3588,.T.);
#3588 = EDGE_CURVE('',#2004,#2028,#3589,.T.);
#3589 = LINE('',#3590,#3591);
#3590 = CARTESIAN_POINT('',(-0.1,-2.84,0.2));
#3591 = VECTOR('',#3592,1.);
#3592 = DIRECTION('',(1.,4.440892098501E-16,0.));
#3593 = ORIENTED_EDGE('',*,*,#2027,.T.);
#3594 = PLANE('',#3595);
#3595 = AXIS2_PLACEMENT_3D('',#3596,#3597,#3598);
#3596 = CARTESIAN_POINT('',(-0.1,-2.99,0.2));
#3597 = DIRECTION('',(-0.,0.,-1.));
#3598 = DIRECTION('',(4.440892098501E-16,-1.,-0.));
#3599 = ADVANCED_FACE('',(#3600),#3611,.T.);
#3600 = FACE_BOUND('',#3601,.T.);
#3601 = EDGE_LOOP('',(#3602,#3608,#3609,#3610));
#3602 = ORIENTED_EDGE('',*,*,#3603,.F.);
#3603 = EDGE_CURVE('',#2070,#2110,#3604,.T.);
#3604 = LINE('',#3605,#3606);
#3605 = CARTESIAN_POINT('',(-0.1,-4.78,0.2));
#3606 = VECTOR('',#3607,1.);
#3607 = DIRECTION('',(1.,4.440892098501E-16,0.));
#3608 = ORIENTED_EDGE('',*,*,#2067,.F.);
#3609 = ORIENTED_EDGE('',*,*,#2125,.T.);
#3610 = ORIENTED_EDGE('',*,*,#2117,.T.);
#3611 = PLANE('',#3612);
#3612 = AXIS2_PLACEMENT_3D('',#3613,#3614,#3615);
#3613 = CARTESIAN_POINT('',(-0.1,-5.53,0.2));
#3614 = DIRECTION('',(-0.,0.,-1.));
#3615 = DIRECTION('',(4.440892098501E-16,-1.,-0.));
#3616 = ADVANCED_FACE('',(#3617),#3658,.F.);
#3617 = FACE_BOUND('',#3618,.F.);
#3618 = EDGE_LOOP('',(#3619,#3620,#3628,#3636,#3644,#3652));
#3619 = ORIENTED_EDGE('',*,*,#2109,.T.);
#3620 = ORIENTED_EDGE('',*,*,#3621,.T.);
#3621 = EDGE_CURVE('',#2110,#3622,#3624,.T.);
#3622 = VERTEX_POINT('',#3623);
#3623 = CARTESIAN_POINT('',(0.1,-4.78,-2.5));
#3624 = LINE('',#3625,#3626);
#3625 = CARTESIAN_POINT('',(0.1,-4.78,0.2));
#3626 = VECTOR('',#3627,1.);
#3627 = DIRECTION('',(-0.,0.,-1.));
#3628 = ORIENTED_EDGE('',*,*,#3629,.T.);
#3629 = EDGE_CURVE('',#3622,#3630,#3632,.T.);
#3630 = VERTEX_POINT('',#3631);
#3631 = CARTESIAN_POINT('',(0.1,-4.93,-3.1));
#3632 = LINE('',#3633,#3634);
#3633 = CARTESIAN_POINT('',(0.1,-4.78,-2.5));
#3634 = VECTOR('',#3635,1.);
#3635 = DIRECTION('',(1.077074540829E-16,-0.242535625036,-0.970142500145
    ));
#3636 = ORIENTED_EDGE('',*,*,#3637,.T.);
#3637 = EDGE_CURVE('',#3630,#3638,#3640,.T.);
#3638 = VERTEX_POINT('',#3639);
#3639 = CARTESIAN_POINT('',(0.1,-5.23,-3.1));
#3640 = LINE('',#3641,#3642);
#3641 = CARTESIAN_POINT('',(0.1,-5.08,-3.1));
#3642 = VECTOR('',#3643,1.);
#3643 = DIRECTION('',(4.440892098501E-16,-1.,0.));
#3644 = ORIENTED_EDGE('',*,*,#3645,.T.);
#3645 = EDGE_CURVE('',#3638,#3646,#3648,.T.);
#3646 = VERTEX_POINT('',#3647);
#3647 = CARTESIAN_POINT('',(0.1,-5.38,-2.5));
#3648 = LINE('',#3649,#3650);
#3649 = CARTESIAN_POINT('',(0.1,-5.23,-3.1));
#3650 = VECTOR('',#3651,1.);
#3651 = DIRECTION('',(1.077074540829E-16,-0.242535625036,0.970142500145)
  );
#3652 = ORIENTED_EDGE('',*,*,#3653,.T.);
#3653 = EDGE_CURVE('',#3646,#2102,#3654,.T.);
#3654 = LINE('',#3655,#3656);
#3655 = CARTESIAN_POINT('',(0.1,-5.38,-2.5));
#3656 = VECTOR('',#3657,1.);
#3657 = DIRECTION('',(0.,0.,1.));
#3658 = PLANE('',#3659);
#3659 = AXIS2_PLACEMENT_3D('',#3660,#3661,#3662);
#3660 = CARTESIAN_POINT('',(0.1,-4.78,0.2));
#3661 = DIRECTION('',(-1.,-4.440892098501E-16,0.));
#3662 = DIRECTION('',(0.,0.,1.));
#3663 = ADVANCED_FACE('',(#3664),#3675,.T.);
#3664 = FACE_BOUND('',#3665,.T.);
#3665 = EDGE_LOOP('',(#3666,#3667,#3668,#3674));
#3666 = ORIENTED_EDGE('',*,*,#2093,.F.);
#3667 = ORIENTED_EDGE('',*,*,#2085,.F.);
#3668 = ORIENTED_EDGE('',*,*,#3669,.T.);
#3669 = EDGE_CURVE('',#2078,#2102,#3670,.T.);
#3670 = LINE('',#3671,#3672);
#3671 = CARTESIAN_POINT('',(-0.1,-5.38,0.2));
#3672 = VECTOR('',#3673,1.);
#3673 = DIRECTION('',(1.,4.440892098501E-16,0.));
#3674 = ORIENTED_EDGE('',*,*,#2101,.T.);
#3675 = PLANE('',#3676);
#3676 = AXIS2_PLACEMENT_3D('',#3677,#3678,#3679);
#3677 = CARTESIAN_POINT('',(-0.1,-5.53,0.2));
#3678 = DIRECTION('',(-0.,0.,-1.));
#3679 = DIRECTION('',(4.440892098501E-16,-1.,-0.));
#3680 = ADVANCED_FACE('',(#3681),#3722,.F.);
#3681 = FACE_BOUND('',#3682,.F.);
#3682 = EDGE_LOOP('',(#3683,#3691,#3692,#3700,#3708,#3716));
#3683 = ORIENTED_EDGE('',*,*,#3684,.F.);
#3684 = EDGE_CURVE('',#2070,#3685,#3687,.T.);
#3685 = VERTEX_POINT('',#3686);
#3686 = CARTESIAN_POINT('',(-0.1,-4.78,-2.5));
#3687 = LINE('',#3688,#3689);
#3688 = CARTESIAN_POINT('',(-0.1,-4.78,0.2));
#3689 = VECTOR('',#3690,1.);
#3690 = DIRECTION('',(-0.,0.,-1.));
#3691 = ORIENTED_EDGE('',*,*,#2077,.T.);
#3692 = ORIENTED_EDGE('',*,*,#3693,.F.);
#3693 = EDGE_CURVE('',#3694,#2078,#3696,.T.);
#3694 = VERTEX_POINT('',#3695);
#3695 = CARTESIAN_POINT('',(-0.1,-5.38,-2.5));
#3696 = LINE('',#3697,#3698);
#3697 = CARTESIAN_POINT('',(-0.1,-5.38,-2.5));
#3698 = VECTOR('',#3699,1.);
#3699 = DIRECTION('',(0.,0.,1.));
#3700 = ORIENTED_EDGE('',*,*,#3701,.F.);
#3701 = EDGE_CURVE('',#3702,#3694,#3704,.T.);
#3702 = VERTEX_POINT('',#3703);
#3703 = CARTESIAN_POINT('',(-0.1,-5.23,-3.1));
#3704 = LINE('',#3705,#3706);
#3705 = CARTESIAN_POINT('',(-0.1,-5.23,-3.1));
#3706 = VECTOR('',#3707,1.);
#3707 = DIRECTION('',(1.077074540829E-16,-0.242535625036,0.970142500145)
  );
#3708 = ORIENTED_EDGE('',*,*,#3709,.F.);
#3709 = EDGE_CURVE('',#3710,#3702,#3712,.T.);
#3710 = VERTEX_POINT('',#3711);
#3711 = CARTESIAN_POINT('',(-0.1,-4.93,-3.1));
#3712 = LINE('',#3713,#3714);
#3713 = CARTESIAN_POINT('',(-0.1,-4.93,-3.1));
#3714 = VECTOR('',#3715,1.);
#3715 = DIRECTION('',(4.440892098501E-16,-1.,0.));
#3716 = ORIENTED_EDGE('',*,*,#3717,.F.);
#3717 = EDGE_CURVE('',#3685,#3710,#3718,.T.);
#3718 = LINE('',#3719,#3720);
#3719 = CARTESIAN_POINT('',(-0.1,-4.78,-2.5));
#3720 = VECTOR('',#3721,1.);
#3721 = DIRECTION('',(1.077074540829E-16,-0.242535625036,-0.970142500145
    ));
#3722 = PLANE('',#3723);
#3723 = AXIS2_PLACEMENT_3D('',#3724,#3725,#3726);
#3724 = CARTESIAN_POINT('',(-0.1,-4.78,0.2));
#3725 = DIRECTION('',(1.,4.440892098501E-16,0.));
#3726 = DIRECTION('',(0.,0.,-1.));
#3727 = ADVANCED_FACE('',(#3728),#3753,.F.);
#3728 = FACE_BOUND('',#3729,.T.);
#3729 = EDGE_LOOP('',(#3730,#3738,#3739,#3747));
#3730 = ORIENTED_EDGE('',*,*,#3731,.F.);
#3731 = EDGE_CURVE('',#2164,#3732,#3734,.T.);
#3732 = VERTEX_POINT('',#3733);
#3733 = CARTESIAN_POINT('',(-0.301,-9.859,6.7));
#3734 = LINE('',#3735,#3736);
#3735 = CARTESIAN_POINT('',(-0.300333333333,-9.859666666667,
    6.699333333333));
#3736 = VECTOR('',#3737,1.);
#3737 = DIRECTION('',(0.57735026919,-0.57735026919,-0.57735026919));
#3738 = ORIENTED_EDGE('',*,*,#2171,.T.);
#3739 = ORIENTED_EDGE('',*,*,#3740,.T.);
#3740 = EDGE_CURVE('',#2172,#3741,#3743,.T.);
#3741 = VERTEX_POINT('',#3742);
#3742 = CARTESIAN_POINT('',(-0.301,-10.461,6.7));
#3743 = LINE('',#3744,#3745);
#3744 = CARTESIAN_POINT('',(-0.300333333333,-10.46033333333,
    6.699333333333));
#3745 = VECTOR('',#3746,1.);
#3746 = DIRECTION('',(0.57735026919,0.57735026919,-0.57735026919));
#3747 = ORIENTED_EDGE('',*,*,#3748,.F.);
#3748 = EDGE_CURVE('',#3732,#3741,#3749,.T.);
#3749 = LINE('',#3750,#3751);
#3750 = CARTESIAN_POINT('',(-0.301,-9.56,6.7));
#3751 = VECTOR('',#3752,1.);
#3752 = DIRECTION('',(4.440892098501E-16,-1.,0.));
#3753 = PLANE('',#3754);
#3754 = AXIS2_PLACEMENT_3D('',#3755,#3756,#3757);
#3755 = CARTESIAN_POINT('',(-0.4505,-9.56,6.8495));
#3756 = DIRECTION('',(-0.707106781187,-3.140184917366E-16,
    -0.707106781187));
#3757 = DIRECTION('',(-4.4408920985E-16,1.,1.289602665924E-28));
#3758 = ADVANCED_FACE('',(#3759),#3777,.F.);
#3759 = FACE_BOUND('',#3760,.T.);
#3760 = EDGE_LOOP('',(#3761,#3769,#3770,#3771));
#3761 = ORIENTED_EDGE('',*,*,#3762,.F.);
#3762 = EDGE_CURVE('',#2195,#3763,#3765,.T.);
#3763 = VERTEX_POINT('',#3764);
#3764 = CARTESIAN_POINT('',(0.301,-9.859,6.7));
#3765 = LINE('',#3766,#3767);
#3766 = CARTESIAN_POINT('',(0.300333333333,-9.859666666667,
    6.699333333333));
#3767 = VECTOR('',#3768,1.);
#3768 = DIRECTION('',(-0.57735026919,-0.57735026919,-0.57735026919));
#3769 = ORIENTED_EDGE('',*,*,#2202,.T.);
#3770 = ORIENTED_EDGE('',*,*,#3731,.T.);
#3771 = ORIENTED_EDGE('',*,*,#3772,.F.);
#3772 = EDGE_CURVE('',#3763,#3732,#3773,.T.);
#3773 = LINE('',#3774,#3775);
#3774 = CARTESIAN_POINT('',(0.6,-9.859,6.7));
#3775 = VECTOR('',#3776,1.);
#3776 = DIRECTION('',(-1.,-4.440892098501E-16,0.));
#3777 = PLANE('',#3778);
#3778 = AXIS2_PLACEMENT_3D('',#3779,#3780,#3781);
#3779 = CARTESIAN_POINT('',(0.6,-9.7095,6.8495));
#3780 = DIRECTION('',(-3.140184917366E-16,0.707106781187,-0.707106781187
    ));
#3781 = DIRECTION('',(1.,4.4408920985E-16,1.289769354385E-28));
#3782 = ADVANCED_FACE('',(#3783),#3801,.F.);
#3783 = FACE_BOUND('',#3784,.T.);
#3784 = EDGE_LOOP('',(#3785,#3793,#3794,#3795));
#3785 = ORIENTED_EDGE('',*,*,#3786,.F.);
#3786 = EDGE_CURVE('',#2219,#3787,#3789,.T.);
#3787 = VERTEX_POINT('',#3788);
#3788 = CARTESIAN_POINT('',(0.301,-10.461,6.7));
#3789 = LINE('',#3790,#3791);
#3790 = CARTESIAN_POINT('',(0.300333333333,-10.46033333333,
    6.699333333333));
#3791 = VECTOR('',#3792,1.);
#3792 = DIRECTION('',(-0.57735026919,0.57735026919,-0.57735026919));
#3793 = ORIENTED_EDGE('',*,*,#2226,.T.);
#3794 = ORIENTED_EDGE('',*,*,#3762,.T.);
#3795 = ORIENTED_EDGE('',*,*,#3796,.F.);
#3796 = EDGE_CURVE('',#3787,#3763,#3797,.T.);
#3797 = LINE('',#3798,#3799);
#3798 = CARTESIAN_POINT('',(0.301,-10.76,6.7));
#3799 = VECTOR('',#3800,1.);
#3800 = DIRECTION('',(-4.440892098501E-16,1.,0.));
#3801 = PLANE('',#3802);
#3802 = AXIS2_PLACEMENT_3D('',#3803,#3804,#3805);
#3803 = CARTESIAN_POINT('',(0.4505,-10.76,6.8495));
#3804 = DIRECTION('',(0.707106781187,3.140184917366E-16,-0.707106781187)
  );
#3805 = DIRECTION('',(4.4408920985E-16,-1.,1.289602665924E-28));
#3806 = ADVANCED_FACE('',(#3807),#3818,.F.);
#3807 = FACE_BOUND('',#3808,.T.);
#3808 = EDGE_LOOP('',(#3809,#3810,#3811,#3812));
#3809 = ORIENTED_EDGE('',*,*,#3740,.F.);
#3810 = ORIENTED_EDGE('',*,*,#2243,.T.);
#3811 = ORIENTED_EDGE('',*,*,#3786,.T.);
#3812 = ORIENTED_EDGE('',*,*,#3813,.F.);
#3813 = EDGE_CURVE('',#3741,#3787,#3814,.T.);
#3814 = LINE('',#3815,#3816);
#3815 = CARTESIAN_POINT('',(-0.6,-10.461,6.7));
#3816 = VECTOR('',#3817,1.);
#3817 = DIRECTION('',(1.,4.440892098501E-16,0.));
#3818 = PLANE('',#3819);
#3819 = AXIS2_PLACEMENT_3D('',#3820,#3821,#3822);
#3820 = CARTESIAN_POINT('',(-0.6,-10.6105,6.8495));
#3821 = DIRECTION('',(3.140184917366E-16,-0.707106781187,-0.707106781187
    ));
#3822 = DIRECTION('',(-1.,-4.4408920985E-16,1.289769354385E-28));
#3823 = ADVANCED_FACE('',(#3824),#3849,.F.);
#3824 = FACE_BOUND('',#3825,.T.);
#3825 = EDGE_LOOP('',(#3826,#3834,#3835,#3843));
#3826 = ORIENTED_EDGE('',*,*,#3827,.F.);
#3827 = EDGE_CURVE('',#2260,#3828,#3830,.T.);
#3828 = VERTEX_POINT('',#3829);
#3829 = CARTESIAN_POINT('',(-0.301,-13.001,6.7));
#3830 = LINE('',#3831,#3832);
#3831 = CARTESIAN_POINT('',(-0.300333333333,-13.00033333333,
    6.699333333333));
#3832 = VECTOR('',#3833,1.);
#3833 = DIRECTION('',(0.57735026919,0.57735026919,-0.57735026919));
#3834 = ORIENTED_EDGE('',*,*,#2267,.T.);
#3835 = ORIENTED_EDGE('',*,*,#3836,.T.);
#3836 = EDGE_CURVE('',#2268,#3837,#3839,.T.);
#3837 = VERTEX_POINT('',#3838);
#3838 = CARTESIAN_POINT('',(0.301,-13.001,6.7));
#3839 = LINE('',#3840,#3841);
#3840 = CARTESIAN_POINT('',(0.300333333333,-13.00033333333,
    6.699333333333));
#3841 = VECTOR('',#3842,1.);
#3842 = DIRECTION('',(-0.57735026919,0.57735026919,-0.57735026919));
#3843 = ORIENTED_EDGE('',*,*,#3844,.F.);
#3844 = EDGE_CURVE('',#3828,#3837,#3845,.T.);
#3845 = LINE('',#3846,#3847);
#3846 = CARTESIAN_POINT('',(-0.6,-13.001,6.7));
#3847 = VECTOR('',#3848,1.);
#3848 = DIRECTION('',(1.,4.440892098501E-16,0.));
#3849 = PLANE('',#3850);
#3850 = AXIS2_PLACEMENT_3D('',#3851,#3852,#3853);
#3851 = CARTESIAN_POINT('',(-0.6,-13.1505,6.8495));
#3852 = DIRECTION('',(3.140184917366E-16,-0.707106781187,-0.707106781187
    ));
#3853 = DIRECTION('',(-1.,-4.4408920985E-16,1.289769354385E-28));
#3854 = ADVANCED_FACE('',(#3855),#3873,.F.);
#3855 = FACE_BOUND('',#3856,.T.);
#3856 = EDGE_LOOP('',(#3857,#3865,#3866,#3867));
#3857 = ORIENTED_EDGE('',*,*,#3858,.F.);
#3858 = EDGE_CURVE('',#2291,#3859,#3861,.T.);
#3859 = VERTEX_POINT('',#3860);
#3860 = CARTESIAN_POINT('',(-0.301,-12.399,6.7));
#3861 = LINE('',#3862,#3863);
#3862 = CARTESIAN_POINT('',(-0.300333333333,-12.39966666666,
    6.699333333333));
#3863 = VECTOR('',#3864,1.);
#3864 = DIRECTION('',(0.57735026919,-0.57735026919,-0.57735026919));
#3865 = ORIENTED_EDGE('',*,*,#2298,.T.);
#3866 = ORIENTED_EDGE('',*,*,#3827,.T.);
#3867 = ORIENTED_EDGE('',*,*,#3868,.F.);
#3868 = EDGE_CURVE('',#3859,#3828,#3869,.T.);
#3869 = LINE('',#3870,#3871);
#3870 = CARTESIAN_POINT('',(-0.301,-12.1,6.7));
#3871 = VECTOR('',#3872,1.);
#3872 = DIRECTION('',(4.440892098501E-16,-1.,0.));
#3873 = PLANE('',#3874);
#3874 = AXIS2_PLACEMENT_3D('',#3875,#3876,#3877);
#3875 = CARTESIAN_POINT('',(-0.4505,-12.1,6.8495));
#3876 = DIRECTION('',(-0.707106781187,-3.140184917366E-16,
    -0.707106781187));
#3877 = DIRECTION('',(-4.4408920985E-16,1.,1.289602665924E-28));
#3878 = ADVANCED_FACE('',(#3879),#3897,.F.);
#3879 = FACE_BOUND('',#3880,.T.);
#3880 = EDGE_LOOP('',(#3881,#3889,#3890,#3891));
#3881 = ORIENTED_EDGE('',*,*,#3882,.F.);
#3882 = EDGE_CURVE('',#2315,#3883,#3885,.T.);
#3883 = VERTEX_POINT('',#3884);
#3884 = CARTESIAN_POINT('',(0.301,-12.399,6.7));
#3885 = LINE('',#3886,#3887);
#3886 = CARTESIAN_POINT('',(0.300333333333,-12.39966666666,
    6.699333333333));
#3887 = VECTOR('',#3888,1.);
#3888 = DIRECTION('',(-0.57735026919,-0.57735026919,-0.57735026919));
#3889 = ORIENTED_EDGE('',*,*,#2322,.T.);
#3890 = ORIENTED_EDGE('',*,*,#3858,.T.);
#3891 = ORIENTED_EDGE('',*,*,#3892,.F.);
#3892 = EDGE_CURVE('',#3883,#3859,#3893,.T.);
#3893 = LINE('',#3894,#3895);
#3894 = CARTESIAN_POINT('',(0.6,-12.399,6.7));
#3895 = VECTOR('',#3896,1.);
#3896 = DIRECTION('',(-1.,-4.440892098501E-16,0.));
#3897 = PLANE('',#3898);
#3898 = AXIS2_PLACEMENT_3D('',#3899,#3900,#3901);
#3899 = CARTESIAN_POINT('',(0.6,-12.2495,6.8495));
#3900 = DIRECTION('',(-3.140184917366E-16,0.707106781187,-0.707106781187
    ));
#3901 = DIRECTION('',(1.,4.4408920985E-16,1.289769354385E-28));
#3902 = ADVANCED_FACE('',(#3903),#3914,.F.);
#3903 = FACE_BOUND('',#3904,.T.);
#3904 = EDGE_LOOP('',(#3905,#3906,#3907,#3908));
#3905 = ORIENTED_EDGE('',*,*,#3836,.F.);
#3906 = ORIENTED_EDGE('',*,*,#2339,.T.);
#3907 = ORIENTED_EDGE('',*,*,#3882,.T.);
#3908 = ORIENTED_EDGE('',*,*,#3909,.F.);
#3909 = EDGE_CURVE('',#3837,#3883,#3910,.T.);
#3910 = LINE('',#3911,#3912);
#3911 = CARTESIAN_POINT('',(0.301,-13.3,6.7));
#3912 = VECTOR('',#3913,1.);
#3913 = DIRECTION('',(-4.440892098501E-16,1.,0.));
#3914 = PLANE('',#3915);
#3915 = AXIS2_PLACEMENT_3D('',#3916,#3917,#3918);
#3916 = CARTESIAN_POINT('',(0.4505,-13.3,6.8495));
#3917 = DIRECTION('',(0.707106781187,3.140184917366E-16,-0.707106781187)
  );
#3918 = DIRECTION('',(4.4408920985E-16,-1.,1.289602665924E-28));
#3919 = ADVANCED_FACE('',(#3920),#3945,.F.);
#3920 = FACE_BOUND('',#3921,.T.);
#3921 = EDGE_LOOP('',(#3922,#3930,#3931,#3939));
#3922 = ORIENTED_EDGE('',*,*,#3923,.F.);
#3923 = EDGE_CURVE('',#2356,#3924,#3926,.T.);
#3924 = VERTEX_POINT('',#3925);
#3925 = CARTESIAN_POINT('',(0.301,-15.541,6.7));
#3926 = LINE('',#3927,#3928);
#3927 = CARTESIAN_POINT('',(0.300333333333,-15.54033333333,
    6.699333333333));
#3928 = VECTOR('',#3929,1.);
#3929 = DIRECTION('',(-0.57735026919,0.57735026919,-0.57735026919));
#3930 = ORIENTED_EDGE('',*,*,#2363,.T.);
#3931 = ORIENTED_EDGE('',*,*,#3932,.T.);
#3932 = EDGE_CURVE('',#2364,#3933,#3935,.T.);
#3933 = VERTEX_POINT('',#3934);
#3934 = CARTESIAN_POINT('',(0.301,-14.939,6.7));
#3935 = LINE('',#3936,#3937);
#3936 = CARTESIAN_POINT('',(0.300333333333,-14.93966666666,
    6.699333333333));
#3937 = VECTOR('',#3938,1.);
#3938 = DIRECTION('',(-0.57735026919,-0.57735026919,-0.57735026919));
#3939 = ORIENTED_EDGE('',*,*,#3940,.F.);
#3940 = EDGE_CURVE('',#3924,#3933,#3941,.T.);
#3941 = LINE('',#3942,#3943);
#3942 = CARTESIAN_POINT('',(0.301,-15.84,6.7));
#3943 = VECTOR('',#3944,1.);
#3944 = DIRECTION('',(-4.440892098501E-16,1.,0.));
#3945 = PLANE('',#3946);
#3946 = AXIS2_PLACEMENT_3D('',#3947,#3948,#3949);
#3947 = CARTESIAN_POINT('',(0.4505,-15.84,6.8495));
#3948 = DIRECTION('',(0.707106781187,3.140184917366E-16,-0.707106781187)
  );
#3949 = DIRECTION('',(4.4408920985E-16,-1.,1.289602665924E-28));
#3950 = ADVANCED_FACE('',(#3951),#3969,.F.);
#3951 = FACE_BOUND('',#3952,.T.);
#3952 = EDGE_LOOP('',(#3953,#3961,#3962,#3963));
#3953 = ORIENTED_EDGE('',*,*,#3954,.F.);
#3954 = EDGE_CURVE('',#2387,#3955,#3957,.T.);
#3955 = VERTEX_POINT('',#3956);
#3956 = CARTESIAN_POINT('',(-0.301,-15.541,6.7));
#3957 = LINE('',#3958,#3959);
#3958 = CARTESIAN_POINT('',(-0.300333333333,-15.54033333333,
    6.699333333333));
#3959 = VECTOR('',#3960,1.);
#3960 = DIRECTION('',(0.57735026919,0.57735026919,-0.57735026919));
#3961 = ORIENTED_EDGE('',*,*,#2394,.T.);
#3962 = ORIENTED_EDGE('',*,*,#3923,.T.);
#3963 = ORIENTED_EDGE('',*,*,#3964,.F.);
#3964 = EDGE_CURVE('',#3955,#3924,#3965,.T.);
#3965 = LINE('',#3966,#3967);
#3966 = CARTESIAN_POINT('',(-0.6,-15.541,6.7));
#3967 = VECTOR('',#3968,1.);
#3968 = DIRECTION('',(1.,4.440892098501E-16,0.));
#3969 = PLANE('',#3970);
#3970 = AXIS2_PLACEMENT_3D('',#3971,#3972,#3973);
#3971 = CARTESIAN_POINT('',(-0.6,-15.6905,6.8495));
#3972 = DIRECTION('',(3.140184917366E-16,-0.707106781187,-0.707106781187
    ));
#3973 = DIRECTION('',(-1.,-4.4408920985E-16,1.289769354385E-28));
#3974 = ADVANCED_FACE('',(#3975),#3993,.F.);
#3975 = FACE_BOUND('',#3976,.T.);
#3976 = EDGE_LOOP('',(#3977,#3985,#3986,#3987));
#3977 = ORIENTED_EDGE('',*,*,#3978,.F.);
#3978 = EDGE_CURVE('',#2411,#3979,#3981,.T.);
#3979 = VERTEX_POINT('',#3980);
#3980 = CARTESIAN_POINT('',(-0.301,-14.939,6.7));
#3981 = LINE('',#3982,#3983);
#3982 = CARTESIAN_POINT('',(-0.300333333333,-14.93966666666,
    6.699333333333));
#3983 = VECTOR('',#3984,1.);
#3984 = DIRECTION('',(0.57735026919,-0.57735026919,-0.57735026919));
#3985 = ORIENTED_EDGE('',*,*,#2418,.T.);
#3986 = ORIENTED_EDGE('',*,*,#3954,.T.);
#3987 = ORIENTED_EDGE('',*,*,#3988,.F.);
#3988 = EDGE_CURVE('',#3979,#3955,#3989,.T.);
#3989 = LINE('',#3990,#3991);
#3990 = CARTESIAN_POINT('',(-0.301,-14.64,6.7));
#3991 = VECTOR('',#3992,1.);
#3992 = DIRECTION('',(4.440892098501E-16,-1.,0.));
#3993 = PLANE('',#3994);
#3994 = AXIS2_PLACEMENT_3D('',#3995,#3996,#3997);
#3995 = CARTESIAN_POINT('',(-0.4505,-14.64,6.8495));
#3996 = DIRECTION('',(-0.707106781187,-3.140184917366E-16,
    -0.707106781187));
#3997 = DIRECTION('',(-4.4408920985E-16,1.,1.289602665924E-28));
#3998 = ADVANCED_FACE('',(#3999),#4010,.F.);
#3999 = FACE_BOUND('',#4000,.T.);
#4000 = EDGE_LOOP('',(#4001,#4002,#4003,#4004));
#4001 = ORIENTED_EDGE('',*,*,#3932,.F.);
#4002 = ORIENTED_EDGE('',*,*,#2435,.T.);
#4003 = ORIENTED_EDGE('',*,*,#3978,.T.);
#4004 = ORIENTED_EDGE('',*,*,#4005,.F.);
#4005 = EDGE_CURVE('',#3933,#3979,#4006,.T.);
#4006 = LINE('',#4007,#4008);
#4007 = CARTESIAN_POINT('',(0.6,-14.939,6.7));
#4008 = VECTOR('',#4009,1.);
#4009 = DIRECTION('',(-1.,-4.440892098501E-16,0.));
#4010 = PLANE('',#4011);
#4011 = AXIS2_PLACEMENT_3D('',#4012,#4013,#4014);
#4012 = CARTESIAN_POINT('',(0.6,-14.7895,6.8495));
#4013 = DIRECTION('',(-3.140184917366E-16,0.707106781187,-0.707106781187
    ));
#4014 = DIRECTION('',(1.,4.4408920985E-16,1.289769354385E-28));
#4015 = ADVANCED_FACE('',(#4016),#4041,.F.);
#4016 = FACE_BOUND('',#4017,.T.);
#4017 = EDGE_LOOP('',(#4018,#4026,#4027,#4035));
#4018 = ORIENTED_EDGE('',*,*,#4019,.F.);
#4019 = EDGE_CURVE('',#2452,#4020,#4022,.T.);
#4020 = VERTEX_POINT('',#4021);
#4021 = CARTESIAN_POINT('',(0.301,-5.381,6.7));
#4022 = LINE('',#4023,#4024);
#4023 = CARTESIAN_POINT('',(0.300333333333,-5.380333333333,
    6.699333333333));
#4024 = VECTOR('',#4025,1.);
#4025 = DIRECTION('',(-0.57735026919,0.57735026919,-0.57735026919));
#4026 = ORIENTED_EDGE('',*,*,#2459,.T.);
#4027 = ORIENTED_EDGE('',*,*,#4028,.T.);
#4028 = EDGE_CURVE('',#2460,#4029,#4031,.T.);
#4029 = VERTEX_POINT('',#4030);
#4030 = CARTESIAN_POINT('',(0.301,-4.779,6.7));
#4031 = LINE('',#4032,#4033);
#4032 = CARTESIAN_POINT('',(0.300333333333,-4.779666666667,
    6.699333333333));
#4033 = VECTOR('',#4034,1.);
#4034 = DIRECTION('',(-0.57735026919,-0.57735026919,-0.57735026919));
#4035 = ORIENTED_EDGE('',*,*,#4036,.F.);
#4036 = EDGE_CURVE('',#4020,#4029,#4037,.T.);
#4037 = LINE('',#4038,#4039);
#4038 = CARTESIAN_POINT('',(0.301,-5.68,6.7));
#4039 = VECTOR('',#4040,1.);
#4040 = DIRECTION('',(-4.440892098501E-16,1.,0.));
#4041 = PLANE('',#4042);
#4042 = AXIS2_PLACEMENT_3D('',#4043,#4044,#4045);
#4043 = CARTESIAN_POINT('',(0.4505,-5.68,6.8495));
#4044 = DIRECTION('',(0.707106781187,3.140184917366E-16,-0.707106781187)
  );
#4045 = DIRECTION('',(4.4408920985E-16,-1.,1.289602665924E-28));
#4046 = ADVANCED_FACE('',(#4047),#4065,.F.);
#4047 = FACE_BOUND('',#4048,.T.);
#4048 = EDGE_LOOP('',(#4049,#4057,#4058,#4059));
#4049 = ORIENTED_EDGE('',*,*,#4050,.F.);
#4050 = EDGE_CURVE('',#2483,#4051,#4053,.T.);
#4051 = VERTEX_POINT('',#4052);
#4052 = CARTESIAN_POINT('',(-0.301,-5.381,6.7));
#4053 = LINE('',#4054,#4055);
#4054 = CARTESIAN_POINT('',(-0.300333333333,-5.380333333333,
    6.699333333333));
#4055 = VECTOR('',#4056,1.);
#4056 = DIRECTION('',(0.57735026919,0.57735026919,-0.57735026919));
#4057 = ORIENTED_EDGE('',*,*,#2490,.T.);
#4058 = ORIENTED_EDGE('',*,*,#4019,.T.);
#4059 = ORIENTED_EDGE('',*,*,#4060,.F.);
#4060 = EDGE_CURVE('',#4051,#4020,#4061,.T.);
#4061 = LINE('',#4062,#4063);
#4062 = CARTESIAN_POINT('',(-0.6,-5.381,6.7));
#4063 = VECTOR('',#4064,1.);
#4064 = DIRECTION('',(1.,4.440892098501E-16,0.));
#4065 = PLANE('',#4066);
#4066 = AXIS2_PLACEMENT_3D('',#4067,#4068,#4069);
#4067 = CARTESIAN_POINT('',(-0.6,-5.5305,6.8495));
#4068 = DIRECTION('',(3.140184917366E-16,-0.707106781187,-0.707106781187
    ));
#4069 = DIRECTION('',(-1.,-4.4408920985E-16,1.289769354385E-28));
#4070 = ADVANCED_FACE('',(#4071),#4089,.F.);
#4071 = FACE_BOUND('',#4072,.T.);
#4072 = EDGE_LOOP('',(#4073,#4081,#4082,#4083));
#4073 = ORIENTED_EDGE('',*,*,#4074,.F.);
#4074 = EDGE_CURVE('',#2507,#4075,#4077,.T.);
#4075 = VERTEX_POINT('',#4076);
#4076 = CARTESIAN_POINT('',(-0.301,-4.779,6.7));
#4077 = LINE('',#4078,#4079);
#4078 = CARTESIAN_POINT('',(-0.300333333333,-4.779666666667,
    6.699333333333));
#4079 = VECTOR('',#4080,1.);
#4080 = DIRECTION('',(0.57735026919,-0.57735026919,-0.57735026919));
#4081 = ORIENTED_EDGE('',*,*,#2514,.T.);
#4082 = ORIENTED_EDGE('',*,*,#4050,.T.);
#4083 = ORIENTED_EDGE('',*,*,#4084,.F.);
#4084 = EDGE_CURVE('',#4075,#4051,#4085,.T.);
#4085 = LINE('',#4086,#4087);
#4086 = CARTESIAN_POINT('',(-0.301,-4.48,6.7));
#4087 = VECTOR('',#4088,1.);
#4088 = DIRECTION('',(4.440892098501E-16,-1.,0.));
#4089 = PLANE('',#4090);
#4090 = AXIS2_PLACEMENT_3D('',#4091,#4092,#4093);
#4091 = CARTESIAN_POINT('',(-0.4505,-4.48,6.8495));
#4092 = DIRECTION('',(-0.707106781187,-3.140184917366E-16,
    -0.707106781187));
#4093 = DIRECTION('',(-4.4408920985E-16,1.,1.289602665924E-28));
#4094 = ADVANCED_FACE('',(#4095),#4106,.F.);
#4095 = FACE_BOUND('',#4096,.T.);
#4096 = EDGE_LOOP('',(#4097,#4098,#4099,#4100));
#4097 = ORIENTED_EDGE('',*,*,#4028,.F.);
#4098 = ORIENTED_EDGE('',*,*,#2531,.T.);
#4099 = ORIENTED_EDGE('',*,*,#4074,.T.);
#4100 = ORIENTED_EDGE('',*,*,#4101,.F.);
#4101 = EDGE_CURVE('',#4029,#4075,#4102,.T.);
#4102 = LINE('',#4103,#4104);
#4103 = CARTESIAN_POINT('',(0.6,-4.779,6.7));
#4104 = VECTOR('',#4105,1.);
#4105 = DIRECTION('',(-1.,-4.440892098501E-16,0.));
#4106 = PLANE('',#4107);
#4107 = AXIS2_PLACEMENT_3D('',#4108,#4109,#4110);
#4108 = CARTESIAN_POINT('',(0.6,-4.6295,6.8495));
#4109 = DIRECTION('',(-3.140184917366E-16,0.707106781187,-0.707106781187
    ));
#4110 = DIRECTION('',(1.,4.4408920985E-16,1.289769354385E-28));
#4111 = ADVANCED_FACE('',(#4112),#4137,.F.);
#4112 = FACE_BOUND('',#4113,.T.);
#4113 = EDGE_LOOP('',(#4114,#4122,#4123,#4131));
#4114 = ORIENTED_EDGE('',*,*,#4115,.F.);
#4115 = EDGE_CURVE('',#2548,#4116,#4118,.T.);
#4116 = VERTEX_POINT('',#4117);
#4117 = CARTESIAN_POINT('',(-0.301,-7.319,6.7));
#4118 = LINE('',#4119,#4120);
#4119 = CARTESIAN_POINT('',(-0.300333333333,-7.319666666667,
    6.699333333333));
#4120 = VECTOR('',#4121,1.);
#4121 = DIRECTION('',(0.57735026919,-0.57735026919,-0.57735026919));
#4122 = ORIENTED_EDGE('',*,*,#2555,.T.);
#4123 = ORIENTED_EDGE('',*,*,#4124,.T.);
#4124 = EDGE_CURVE('',#2556,#4125,#4127,.T.);
#4125 = VERTEX_POINT('',#4126);
#4126 = CARTESIAN_POINT('',(-0.301,-7.921,6.7));
#4127 = LINE('',#4128,#4129);
#4128 = CARTESIAN_POINT('',(-0.300333333333,-7.920333333333,
    6.699333333333));
#4129 = VECTOR('',#4130,1.);
#4130 = DIRECTION('',(0.57735026919,0.57735026919,-0.57735026919));
#4131 = ORIENTED_EDGE('',*,*,#4132,.F.);
#4132 = EDGE_CURVE('',#4116,#4125,#4133,.T.);
#4133 = LINE('',#4134,#4135);
#4134 = CARTESIAN_POINT('',(-0.301,-7.02,6.7));
#4135 = VECTOR('',#4136,1.);
#4136 = DIRECTION('',(4.440892098501E-16,-1.,0.));
#4137 = PLANE('',#4138);
#4138 = AXIS2_PLACEMENT_3D('',#4139,#4140,#4141);
#4139 = CARTESIAN_POINT('',(-0.4505,-7.02,6.8495));
#4140 = DIRECTION('',(-0.707106781187,-3.140184917366E-16,
    -0.707106781187));
#4141 = DIRECTION('',(-4.4408920985E-16,1.,1.289602665924E-28));
#4142 = ADVANCED_FACE('',(#4143),#4161,.F.);
#4143 = FACE_BOUND('',#4144,.T.);
#4144 = EDGE_LOOP('',(#4145,#4153,#4154,#4155));
#4145 = ORIENTED_EDGE('',*,*,#4146,.F.);
#4146 = EDGE_CURVE('',#2579,#4147,#4149,.T.);
#4147 = VERTEX_POINT('',#4148);
#4148 = CARTESIAN_POINT('',(0.301,-7.319,6.7));
#4149 = LINE('',#4150,#4151);
#4150 = CARTESIAN_POINT('',(0.300333333333,-7.319666666667,
    6.699333333333));
#4151 = VECTOR('',#4152,1.);
#4152 = DIRECTION('',(-0.57735026919,-0.57735026919,-0.57735026919));
#4153 = ORIENTED_EDGE('',*,*,#2586,.T.);
#4154 = ORIENTED_EDGE('',*,*,#4115,.T.);
#4155 = ORIENTED_EDGE('',*,*,#4156,.F.);
#4156 = EDGE_CURVE('',#4147,#4116,#4157,.T.);
#4157 = LINE('',#4158,#4159);
#4158 = CARTESIAN_POINT('',(0.6,-7.319,6.7));
#4159 = VECTOR('',#4160,1.);
#4160 = DIRECTION('',(-1.,-4.440892098501E-16,0.));
#4161 = PLANE('',#4162);
#4162 = AXIS2_PLACEMENT_3D('',#4163,#4164,#4165);
#4163 = CARTESIAN_POINT('',(0.6,-7.1695,6.8495));
#4164 = DIRECTION('',(-3.140184917366E-16,0.707106781187,-0.707106781187
    ));
#4165 = DIRECTION('',(1.,4.4408920985E-16,1.289769354385E-28));
#4166 = ADVANCED_FACE('',(#4167),#4185,.F.);
#4167 = FACE_BOUND('',#4168,.T.);
#4168 = EDGE_LOOP('',(#4169,#4177,#4178,#4179));
#4169 = ORIENTED_EDGE('',*,*,#4170,.F.);
#4170 = EDGE_CURVE('',#2603,#4171,#4173,.T.);
#4171 = VERTEX_POINT('',#4172);
#4172 = CARTESIAN_POINT('',(0.301,-7.921,6.7));
#4173 = LINE('',#4174,#4175);
#4174 = CARTESIAN_POINT('',(0.300333333333,-7.920333333333,
    6.699333333333));
#4175 = VECTOR('',#4176,1.);
#4176 = DIRECTION('',(-0.57735026919,0.57735026919,-0.57735026919));
#4177 = ORIENTED_EDGE('',*,*,#2610,.T.);
#4178 = ORIENTED_EDGE('',*,*,#4146,.T.);
#4179 = ORIENTED_EDGE('',*,*,#4180,.F.);
#4180 = EDGE_CURVE('',#4171,#4147,#4181,.T.);
#4181 = LINE('',#4182,#4183);
#4182 = CARTESIAN_POINT('',(0.301,-8.22,6.7));
#4183 = VECTOR('',#4184,1.);
#4184 = DIRECTION('',(-4.440892098501E-16,1.,0.));
#4185 = PLANE('',#4186);
#4186 = AXIS2_PLACEMENT_3D('',#4187,#4188,#4189);
#4187 = CARTESIAN_POINT('',(0.4505,-8.22,6.8495));
#4188 = DIRECTION('',(0.707106781187,3.140184917366E-16,-0.707106781187)
  );
#4189 = DIRECTION('',(4.4408920985E-16,-1.,1.289602665924E-28));
#4190 = ADVANCED_FACE('',(#4191),#4202,.F.);
#4191 = FACE_BOUND('',#4192,.T.);
#4192 = EDGE_LOOP('',(#4193,#4194,#4195,#4196));
#4193 = ORIENTED_EDGE('',*,*,#4124,.F.);
#4194 = ORIENTED_EDGE('',*,*,#2627,.T.);
#4195 = ORIENTED_EDGE('',*,*,#4170,.T.);
#4196 = ORIENTED_EDGE('',*,*,#4197,.F.);
#4197 = EDGE_CURVE('',#4125,#4171,#4198,.T.);
#4198 = LINE('',#4199,#4200);
#4199 = CARTESIAN_POINT('',(-0.6,-7.921,6.7));
#4200 = VECTOR('',#4201,1.);
#4201 = DIRECTION('',(1.,4.440892098501E-16,0.));
#4202 = PLANE('',#4203);
#4203 = AXIS2_PLACEMENT_3D('',#4204,#4205,#4206);
#4204 = CARTESIAN_POINT('',(-0.6,-8.0705,6.8495));
#4205 = DIRECTION('',(3.140184917366E-16,-0.707106781187,-0.707106781187
    ));
#4206 = DIRECTION('',(-1.,-4.4408920985E-16,1.289769354385E-28));
#4207 = ADVANCED_FACE('',(#4208),#4233,.F.);
#4208 = FACE_BOUND('',#4209,.T.);
#4209 = EDGE_LOOP('',(#4210,#4218,#4219,#4227));
#4210 = ORIENTED_EDGE('',*,*,#4211,.F.);
#4211 = EDGE_CURVE('',#2644,#4212,#4214,.T.);
#4212 = VERTEX_POINT('',#4213);
#4213 = CARTESIAN_POINT('',(-0.301,0.301,6.7));
#4214 = LINE('',#4215,#4216);
#4215 = CARTESIAN_POINT('',(-0.300333333333,0.300333333333,
    6.699333333333));
#4216 = VECTOR('',#4217,1.);
#4217 = DIRECTION('',(0.57735026919,-0.57735026919,-0.57735026919));
#4218 = ORIENTED_EDGE('',*,*,#2651,.T.);
#4219 = ORIENTED_EDGE('',*,*,#4220,.T.);
#4220 = EDGE_CURVE('',#2652,#4221,#4223,.T.);
#4221 = VERTEX_POINT('',#4222);
#4222 = CARTESIAN_POINT('',(-0.301,-0.301,6.7));
#4223 = LINE('',#4224,#4225);
#4224 = CARTESIAN_POINT('',(-0.300333333333,-0.300333333333,
    6.699333333333));
#4225 = VECTOR('',#4226,1.);
#4226 = DIRECTION('',(0.57735026919,0.57735026919,-0.57735026919));
#4227 = ORIENTED_EDGE('',*,*,#4228,.F.);
#4228 = EDGE_CURVE('',#4212,#4221,#4229,.T.);
#4229 = LINE('',#4230,#4231);
#4230 = CARTESIAN_POINT('',(-0.301,0.6,6.7));
#4231 = VECTOR('',#4232,1.);
#4232 = DIRECTION('',(4.440892098501E-16,-1.,0.));
#4233 = PLANE('',#4234);
#4234 = AXIS2_PLACEMENT_3D('',#4235,#4236,#4237);
#4235 = CARTESIAN_POINT('',(-0.4505,0.6,6.8495));
#4236 = DIRECTION('',(-0.707106781187,-3.140184917366E-16,
    -0.707106781187));
#4237 = DIRECTION('',(-4.4408920985E-16,1.,1.289602665924E-28));
#4238 = ADVANCED_FACE('',(#4239),#4257,.F.);
#4239 = FACE_BOUND('',#4240,.T.);
#4240 = EDGE_LOOP('',(#4241,#4249,#4250,#4251));
#4241 = ORIENTED_EDGE('',*,*,#4242,.F.);
#4242 = EDGE_CURVE('',#2675,#4243,#4245,.T.);
#4243 = VERTEX_POINT('',#4244);
#4244 = CARTESIAN_POINT('',(0.301,0.301,6.7));
#4245 = LINE('',#4246,#4247);
#4246 = CARTESIAN_POINT('',(0.300333333333,0.300333333333,6.699333333333
    ));
#4247 = VECTOR('',#4248,1.);
#4248 = DIRECTION('',(-0.57735026919,-0.57735026919,-0.57735026919));
#4249 = ORIENTED_EDGE('',*,*,#2682,.T.);
#4250 = ORIENTED_EDGE('',*,*,#4211,.T.);
#4251 = ORIENTED_EDGE('',*,*,#4252,.F.);
#4252 = EDGE_CURVE('',#4243,#4212,#4253,.T.);
#4253 = LINE('',#4254,#4255);
#4254 = CARTESIAN_POINT('',(0.6,0.301,6.7));
#4255 = VECTOR('',#4256,1.);
#4256 = DIRECTION('',(-1.,-4.440892098501E-16,0.));
#4257 = PLANE('',#4258);
#4258 = AXIS2_PLACEMENT_3D('',#4259,#4260,#4261);
#4259 = CARTESIAN_POINT('',(0.6,0.4505,6.8495));
#4260 = DIRECTION('',(-3.140184917366E-16,0.707106781187,-0.707106781187
    ));
#4261 = DIRECTION('',(1.,4.4408920985E-16,1.289769354385E-28));
#4262 = ADVANCED_FACE('',(#4263),#4281,.F.);
#4263 = FACE_BOUND('',#4264,.T.);
#4264 = EDGE_LOOP('',(#4265,#4273,#4274,#4275));
#4265 = ORIENTED_EDGE('',*,*,#4266,.F.);
#4266 = EDGE_CURVE('',#2699,#4267,#4269,.T.);
#4267 = VERTEX_POINT('',#4268);
#4268 = CARTESIAN_POINT('',(0.301,-0.301,6.7));
#4269 = LINE('',#4270,#4271);
#4270 = CARTESIAN_POINT('',(0.300333333333,-0.300333333333,
    6.699333333333));
#4271 = VECTOR('',#4272,1.);
#4272 = DIRECTION('',(-0.57735026919,0.57735026919,-0.57735026919));
#4273 = ORIENTED_EDGE('',*,*,#2706,.T.);
#4274 = ORIENTED_EDGE('',*,*,#4242,.T.);
#4275 = ORIENTED_EDGE('',*,*,#4276,.F.);
#4276 = EDGE_CURVE('',#4267,#4243,#4277,.T.);
#4277 = LINE('',#4278,#4279);
#4278 = CARTESIAN_POINT('',(0.301,-0.6,6.7));
#4279 = VECTOR('',#4280,1.);
#4280 = DIRECTION('',(-4.440892098501E-16,1.,0.));
#4281 = PLANE('',#4282);
#4282 = AXIS2_PLACEMENT_3D('',#4283,#4284,#4285);
#4283 = CARTESIAN_POINT('',(0.4505,-0.6,6.8495));
#4284 = DIRECTION('',(0.707106781187,3.140184917366E-16,-0.707106781187)
  );
#4285 = DIRECTION('',(4.4408920985E-16,-1.,1.289602665924E-28));
#4286 = ADVANCED_FACE('',(#4287),#4298,.F.);
#4287 = FACE_BOUND('',#4288,.T.);
#4288 = EDGE_LOOP('',(#4289,#4290,#4291,#4292));
#4289 = ORIENTED_EDGE('',*,*,#4220,.F.);
#4290 = ORIENTED_EDGE('',*,*,#2723,.T.);
#4291 = ORIENTED_EDGE('',*,*,#4266,.T.);
#4292 = ORIENTED_EDGE('',*,*,#4293,.F.);
#4293 = EDGE_CURVE('',#4221,#4267,#4294,.T.);
#4294 = LINE('',#4295,#4296);
#4295 = CARTESIAN_POINT('',(-0.6,-0.301,6.7));
#4296 = VECTOR('',#4297,1.);
#4297 = DIRECTION('',(1.,4.440892098501E-16,0.));
#4298 = PLANE('',#4299);
#4299 = AXIS2_PLACEMENT_3D('',#4300,#4301,#4302);
#4300 = CARTESIAN_POINT('',(-0.6,-0.4505,6.8495));
#4301 = DIRECTION('',(3.140184917366E-16,-0.707106781187,-0.707106781187
    ));
#4302 = DIRECTION('',(-1.,-4.4408920985E-16,1.289769354385E-28));
#4303 = ADVANCED_FACE('',(#4304),#4329,.F.);
#4304 = FACE_BOUND('',#4305,.T.);
#4305 = EDGE_LOOP('',(#4306,#4314,#4315,#4323));
#4306 = ORIENTED_EDGE('',*,*,#4307,.F.);
#4307 = EDGE_CURVE('',#2740,#4308,#4310,.T.);
#4308 = VERTEX_POINT('',#4309);
#4309 = CARTESIAN_POINT('',(0.301,-2.841,6.7));
#4310 = LINE('',#4311,#4312);
#4311 = CARTESIAN_POINT('',(0.300333333333,-2.840333333333,
    6.699333333333));
#4312 = VECTOR('',#4313,1.);
#4313 = DIRECTION('',(-0.57735026919,0.57735026919,-0.57735026919));
#4314 = ORIENTED_EDGE('',*,*,#2747,.T.);
#4315 = ORIENTED_EDGE('',*,*,#4316,.T.);
#4316 = EDGE_CURVE('',#2748,#4317,#4319,.T.);
#4317 = VERTEX_POINT('',#4318);
#4318 = CARTESIAN_POINT('',(0.301,-2.239,6.7));
#4319 = LINE('',#4320,#4321);
#4320 = CARTESIAN_POINT('',(0.300333333333,-2.239666666667,
    6.699333333333));
#4321 = VECTOR('',#4322,1.);
#4322 = DIRECTION('',(-0.57735026919,-0.57735026919,-0.57735026919));
#4323 = ORIENTED_EDGE('',*,*,#4324,.F.);
#4324 = EDGE_CURVE('',#4308,#4317,#4325,.T.);
#4325 = LINE('',#4326,#4327);
#4326 = CARTESIAN_POINT('',(0.301,-3.14,6.7));
#4327 = VECTOR('',#4328,1.);
#4328 = DIRECTION('',(-4.440892098501E-16,1.,0.));
#4329 = PLANE('',#4330);
#4330 = AXIS2_PLACEMENT_3D('',#4331,#4332,#4333);
#4331 = CARTESIAN_POINT('',(0.4505,-3.14,6.8495));
#4332 = DIRECTION('',(0.707106781187,3.140184917366E-16,-0.707106781187)
  );
#4333 = DIRECTION('',(4.4408920985E-16,-1.,1.289602665924E-28));
#4334 = ADVANCED_FACE('',(#4335),#4353,.F.);
#4335 = FACE_BOUND('',#4336,.T.);
#4336 = EDGE_LOOP('',(#4337,#4345,#4346,#4347));
#4337 = ORIENTED_EDGE('',*,*,#4338,.F.);
#4338 = EDGE_CURVE('',#2771,#4339,#4341,.T.);
#4339 = VERTEX_POINT('',#4340);
#4340 = CARTESIAN_POINT('',(-0.301,-2.841,6.7));
#4341 = LINE('',#4342,#4343);
#4342 = CARTESIAN_POINT('',(-0.300333333333,-2.840333333333,
    6.699333333333));
#4343 = VECTOR('',#4344,1.);
#4344 = DIRECTION('',(0.57735026919,0.57735026919,-0.57735026919));
#4345 = ORIENTED_EDGE('',*,*,#2778,.T.);
#4346 = ORIENTED_EDGE('',*,*,#4307,.T.);
#4347 = ORIENTED_EDGE('',*,*,#4348,.F.);
#4348 = EDGE_CURVE('',#4339,#4308,#4349,.T.);
#4349 = LINE('',#4350,#4351);
#4350 = CARTESIAN_POINT('',(-0.6,-2.841,6.7));
#4351 = VECTOR('',#4352,1.);
#4352 = DIRECTION('',(1.,4.440892098501E-16,0.));
#4353 = PLANE('',#4354);
#4354 = AXIS2_PLACEMENT_3D('',#4355,#4356,#4357);
#4355 = CARTESIAN_POINT('',(-0.6,-2.9905,6.8495));
#4356 = DIRECTION('',(3.140184917366E-16,-0.707106781187,-0.707106781187
    ));
#4357 = DIRECTION('',(-1.,-4.4408920985E-16,1.289769354385E-28));
#4358 = ADVANCED_FACE('',(#4359),#4377,.F.);
#4359 = FACE_BOUND('',#4360,.T.);
#4360 = EDGE_LOOP('',(#4361,#4369,#4370,#4371));
#4361 = ORIENTED_EDGE('',*,*,#4362,.F.);
#4362 = EDGE_CURVE('',#2795,#4363,#4365,.T.);
#4363 = VERTEX_POINT('',#4364);
#4364 = CARTESIAN_POINT('',(-0.301,-2.239,6.7));
#4365 = LINE('',#4366,#4367);
#4366 = CARTESIAN_POINT('',(-0.300333333333,-2.239666666667,
    6.699333333333));
#4367 = VECTOR('',#4368,1.);
#4368 = DIRECTION('',(0.57735026919,-0.57735026919,-0.57735026919));
#4369 = ORIENTED_EDGE('',*,*,#2802,.T.);
#4370 = ORIENTED_EDGE('',*,*,#4338,.T.);
#4371 = ORIENTED_EDGE('',*,*,#4372,.F.);
#4372 = EDGE_CURVE('',#4363,#4339,#4373,.T.);
#4373 = LINE('',#4374,#4375);
#4374 = CARTESIAN_POINT('',(-0.301,-1.94,6.7));
#4375 = VECTOR('',#4376,1.);
#4376 = DIRECTION('',(4.440892098501E-16,-1.,0.));
#4377 = PLANE('',#4378);
#4378 = AXIS2_PLACEMENT_3D('',#4379,#4380,#4381);
#4379 = CARTESIAN_POINT('',(-0.4505,-1.94,6.8495));
#4380 = DIRECTION('',(-0.707106781187,-3.140184917366E-16,
    -0.707106781187));
#4381 = DIRECTION('',(-4.4408920985E-16,1.,1.289602665924E-28));
#4382 = ADVANCED_FACE('',(#4383),#4394,.F.);
#4383 = FACE_BOUND('',#4384,.T.);
#4384 = EDGE_LOOP('',(#4385,#4386,#4387,#4388));
#4385 = ORIENTED_EDGE('',*,*,#4316,.F.);
#4386 = ORIENTED_EDGE('',*,*,#2819,.T.);
#4387 = ORIENTED_EDGE('',*,*,#4362,.T.);
#4388 = ORIENTED_EDGE('',*,*,#4389,.F.);
#4389 = EDGE_CURVE('',#4317,#4363,#4390,.T.);
#4390 = LINE('',#4391,#4392);
#4391 = CARTESIAN_POINT('',(0.6,-2.239,6.7));
#4392 = VECTOR('',#4393,1.);
#4393 = DIRECTION('',(-1.,-4.440892098501E-16,0.));
#4394 = PLANE('',#4395);
#4395 = AXIS2_PLACEMENT_3D('',#4396,#4397,#4398);
#4396 = CARTESIAN_POINT('',(0.6,-2.0895,6.8495));
#4397 = DIRECTION('',(-3.140184917366E-16,0.707106781187,-0.707106781187
    ));
#4398 = DIRECTION('',(1.,4.4408920985E-16,1.289769354385E-28));
#4399 = ADVANCED_FACE('',(#4400),#4411,.T.);
#4400 = FACE_BOUND('',#4401,.T.);
#4401 = EDGE_LOOP('',(#4402,#4403,#4404,#4410));
#4402 = ORIENTED_EDGE('',*,*,#2835,.T.);
#4403 = ORIENTED_EDGE('',*,*,#2853,.T.);
#4404 = ORIENTED_EDGE('',*,*,#4405,.F.);
#4405 = EDGE_CURVE('',#2917,#2854,#4406,.T.);
#4406 = LINE('',#4407,#4408);
#4407 = CARTESIAN_POINT('',(-0.1,-12.4,-2.5));
#4408 = VECTOR('',#4409,1.);
#4409 = DIRECTION('',(1.,4.440892098501E-16,0.));
#4410 = ORIENTED_EDGE('',*,*,#2916,.F.);
#4411 = PLANE('',#4412);
#4412 = AXIS2_PLACEMENT_3D('',#4413,#4414,#4415);
#4413 = CARTESIAN_POINT('',(-0.1,-12.4,0.2));
#4414 = DIRECTION('',(-4.440892098501E-16,1.,0.));
#4415 = DIRECTION('',(0.,0.,-1.));
#4416 = ADVANCED_FACE('',(#4417),#4428,.T.);
#4417 = FACE_BOUND('',#4418,.T.);
#4418 = EDGE_LOOP('',(#4419,#4425,#4426,#4427));
#4419 = ORIENTED_EDGE('',*,*,#4420,.T.);
#4420 = EDGE_CURVE('',#2926,#2878,#4421,.T.);
#4421 = LINE('',#4422,#4423);
#4422 = CARTESIAN_POINT('',(-0.1,-13.,-2.5));
#4423 = VECTOR('',#4424,1.);
#4424 = DIRECTION('',(1.,4.440892098501E-16,0.));
#4425 = ORIENTED_EDGE('',*,*,#2885,.T.);
#4426 = ORIENTED_EDGE('',*,*,#2901,.F.);
#4427 = ORIENTED_EDGE('',*,*,#2925,.F.);
#4428 = PLANE('',#4429);
#4429 = AXIS2_PLACEMENT_3D('',#4430,#4431,#4432);
#4430 = CARTESIAN_POINT('',(-0.1,-13.,-2.5));
#4431 = DIRECTION('',(4.440892098501E-16,-1.,0.));
#4432 = DIRECTION('',(0.,0.,1.));
#4433 = ADVANCED_FACE('',(#4434),#4445,.T.);
#4434 = FACE_BOUND('',#4435,.T.);
#4435 = EDGE_LOOP('',(#4436,#4442,#4443,#4444));
#4436 = ORIENTED_EDGE('',*,*,#4437,.T.);
#4437 = EDGE_CURVE('',#2934,#2870,#4438,.T.);
#4438 = LINE('',#4439,#4440);
#4439 = CARTESIAN_POINT('',(-0.1,-12.85,-3.1));
#4440 = VECTOR('',#4441,1.);
#4441 = DIRECTION('',(1.,4.440892098501E-16,0.));
#4442 = ORIENTED_EDGE('',*,*,#2877,.T.);
#4443 = ORIENTED_EDGE('',*,*,#4420,.F.);
#4444 = ORIENTED_EDGE('',*,*,#2933,.F.);
#4445 = PLANE('',#4446);
#4446 = AXIS2_PLACEMENT_3D('',#4447,#4448,#4449);
#4447 = CARTESIAN_POINT('',(-0.1,-12.85,-3.1));
#4448 = DIRECTION('',(4.308298163317E-16,-0.970142500145,-0.242535625036
    ));
#4449 = DIRECTION('',(1.077074540829E-16,-0.242535625036,0.970142500145)
  );
#4450 = ADVANCED_FACE('',(#4451),#4462,.F.);
#4451 = FACE_BOUND('',#4452,.T.);
#4452 = EDGE_LOOP('',(#4453,#4459,#4460,#4461));
#4453 = ORIENTED_EDGE('',*,*,#4454,.T.);
#4454 = EDGE_CURVE('',#2942,#2862,#4455,.T.);
#4455 = LINE('',#4456,#4457);
#4456 = CARTESIAN_POINT('',(-0.1,-12.55,-3.1));
#4457 = VECTOR('',#4458,1.);
#4458 = DIRECTION('',(1.,4.440892098501E-16,0.));
#4459 = ORIENTED_EDGE('',*,*,#2869,.T.);
#4460 = ORIENTED_EDGE('',*,*,#4437,.F.);
#4461 = ORIENTED_EDGE('',*,*,#2941,.F.);
#4462 = PLANE('',#4463);
#4463 = AXIS2_PLACEMENT_3D('',#4464,#4465,#4466);
#4464 = CARTESIAN_POINT('',(-0.1,-12.55,-3.1));
#4465 = DIRECTION('',(0.,0.,1.));
#4466 = DIRECTION('',(-4.440892098501E-16,1.,0.));
#4467 = ADVANCED_FACE('',(#4468),#4474,.T.);
#4468 = FACE_BOUND('',#4469,.T.);
#4469 = EDGE_LOOP('',(#4470,#4471,#4472,#4473));
#4470 = ORIENTED_EDGE('',*,*,#4405,.T.);
#4471 = ORIENTED_EDGE('',*,*,#2861,.T.);
#4472 = ORIENTED_EDGE('',*,*,#4454,.F.);
#4473 = ORIENTED_EDGE('',*,*,#2949,.F.);
#4474 = PLANE('',#4475);
#4475 = AXIS2_PLACEMENT_3D('',#4476,#4477,#4478);
#4476 = CARTESIAN_POINT('',(-0.1,-12.4,-2.5));
#4477 = DIRECTION('',(-4.308298163317E-16,0.970142500145,-0.242535625036
    ));
#4478 = DIRECTION('',(1.077074540829E-16,-0.242535625036,-0.970142500145
    ));
#4479 = ADVANCED_FACE('',(#4480),#4491,.T.);
#4480 = FACE_BOUND('',#4481,.T.);
#4481 = EDGE_LOOP('',(#4482,#4483,#4484,#4490));
#4482 = ORIENTED_EDGE('',*,*,#2963,.T.);
#4483 = ORIENTED_EDGE('',*,*,#2981,.T.);
#4484 = ORIENTED_EDGE('',*,*,#4485,.F.);
#4485 = EDGE_CURVE('',#3045,#2982,#4486,.T.);
#4486 = LINE('',#4487,#4488);
#4487 = CARTESIAN_POINT('',(-0.1,-9.86,-2.5));
#4488 = VECTOR('',#4489,1.);
#4489 = DIRECTION('',(1.,4.440892098501E-16,0.));
#4490 = ORIENTED_EDGE('',*,*,#3044,.F.);
#4491 = PLANE('',#4492);
#4492 = AXIS2_PLACEMENT_3D('',#4493,#4494,#4495);
#4493 = CARTESIAN_POINT('',(-0.1,-9.86,0.2));
#4494 = DIRECTION('',(-4.440892098501E-16,1.,0.));
#4495 = DIRECTION('',(0.,0.,-1.));
#4496 = ADVANCED_FACE('',(#4497),#4508,.T.);
#4497 = FACE_BOUND('',#4498,.T.);
#4498 = EDGE_LOOP('',(#4499,#4505,#4506,#4507));
#4499 = ORIENTED_EDGE('',*,*,#4500,.T.);
#4500 = EDGE_CURVE('',#3054,#3006,#4501,.T.);
#4501 = LINE('',#4502,#4503);
#4502 = CARTESIAN_POINT('',(-0.1,-10.46,-2.5));
#4503 = VECTOR('',#4504,1.);
#4504 = DIRECTION('',(1.,4.440892098501E-16,0.));
#4505 = ORIENTED_EDGE('',*,*,#3013,.T.);
#4506 = ORIENTED_EDGE('',*,*,#3029,.F.);
#4507 = ORIENTED_EDGE('',*,*,#3053,.F.);
#4508 = PLANE('',#4509);
#4509 = AXIS2_PLACEMENT_3D('',#4510,#4511,#4512);
#4510 = CARTESIAN_POINT('',(-0.1,-10.46,-2.5));
#4511 = DIRECTION('',(4.440892098501E-16,-1.,0.));
#4512 = DIRECTION('',(0.,0.,1.));
#4513 = ADVANCED_FACE('',(#4514),#4525,.T.);
#4514 = FACE_BOUND('',#4515,.T.);
#4515 = EDGE_LOOP('',(#4516,#4522,#4523,#4524));
#4516 = ORIENTED_EDGE('',*,*,#4517,.T.);
#4517 = EDGE_CURVE('',#3062,#2998,#4518,.T.);
#4518 = LINE('',#4519,#4520);
#4519 = CARTESIAN_POINT('',(-0.1,-10.31,-3.1));
#4520 = VECTOR('',#4521,1.);
#4521 = DIRECTION('',(1.,4.440892098501E-16,0.));
#4522 = ORIENTED_EDGE('',*,*,#3005,.T.);
#4523 = ORIENTED_EDGE('',*,*,#4500,.F.);
#4524 = ORIENTED_EDGE('',*,*,#3061,.F.);
#4525 = PLANE('',#4526);
#4526 = AXIS2_PLACEMENT_3D('',#4527,#4528,#4529);
#4527 = CARTESIAN_POINT('',(-0.1,-10.31,-3.1));
#4528 = DIRECTION('',(4.308298163317E-16,-0.970142500145,-0.242535625036
    ));
#4529 = DIRECTION('',(1.077074540829E-16,-0.242535625036,0.970142500145)
  );
#4530 = ADVANCED_FACE('',(#4531),#4542,.F.);
#4531 = FACE_BOUND('',#4532,.T.);
#4532 = EDGE_LOOP('',(#4533,#4539,#4540,#4541));
#4533 = ORIENTED_EDGE('',*,*,#4534,.T.);
#4534 = EDGE_CURVE('',#3070,#2990,#4535,.T.);
#4535 = LINE('',#4536,#4537);
#4536 = CARTESIAN_POINT('',(-0.1,-10.01,-3.1));
#4537 = VECTOR('',#4538,1.);
#4538 = DIRECTION('',(1.,4.440892098501E-16,0.));
#4539 = ORIENTED_EDGE('',*,*,#2997,.T.);
#4540 = ORIENTED_EDGE('',*,*,#4517,.F.);
#4541 = ORIENTED_EDGE('',*,*,#3069,.F.);
#4542 = PLANE('',#4543);
#4543 = AXIS2_PLACEMENT_3D('',#4544,#4545,#4546);
#4544 = CARTESIAN_POINT('',(-0.1,-10.01,-3.1));
#4545 = DIRECTION('',(0.,0.,1.));
#4546 = DIRECTION('',(-4.440892098501E-16,1.,0.));
#4547 = ADVANCED_FACE('',(#4548),#4554,.T.);
#4548 = FACE_BOUND('',#4549,.T.);
#4549 = EDGE_LOOP('',(#4550,#4551,#4552,#4553));
#4550 = ORIENTED_EDGE('',*,*,#4485,.T.);
#4551 = ORIENTED_EDGE('',*,*,#2989,.T.);
#4552 = ORIENTED_EDGE('',*,*,#4534,.F.);
#4553 = ORIENTED_EDGE('',*,*,#3077,.F.);
#4554 = PLANE('',#4555);
#4555 = AXIS2_PLACEMENT_3D('',#4556,#4557,#4558);
#4556 = CARTESIAN_POINT('',(-0.1,-9.86,-2.5));
#4557 = DIRECTION('',(-4.308298163317E-16,0.970142500145,-0.242535625036
    ));
#4558 = DIRECTION('',(1.077074540829E-16,-0.242535625036,-0.970142500145
    ));
#4559 = ADVANCED_FACE('',(#4560),#4571,.T.);
#4560 = FACE_BOUND('',#4561,.T.);
#4561 = EDGE_LOOP('',(#4562,#4563,#4564,#4570));
#4562 = ORIENTED_EDGE('',*,*,#3091,.T.);
#4563 = ORIENTED_EDGE('',*,*,#3109,.T.);
#4564 = ORIENTED_EDGE('',*,*,#4565,.F.);
#4565 = EDGE_CURVE('',#3173,#3110,#4566,.T.);
#4566 = LINE('',#4567,#4568);
#4567 = CARTESIAN_POINT('',(-0.1,-14.94,-2.5));
#4568 = VECTOR('',#4569,1.);
#4569 = DIRECTION('',(1.,4.440892098501E-16,0.));
#4570 = ORIENTED_EDGE('',*,*,#3172,.F.);
#4571 = PLANE('',#4572);
#4572 = AXIS2_PLACEMENT_3D('',#4573,#4574,#4575);
#4573 = CARTESIAN_POINT('',(-0.1,-14.94,0.2));
#4574 = DIRECTION('',(-4.440892098501E-16,1.,0.));
#4575 = DIRECTION('',(0.,0.,-1.));
#4576 = ADVANCED_FACE('',(#4577),#4588,.T.);
#4577 = FACE_BOUND('',#4578,.T.);
#4578 = EDGE_LOOP('',(#4579,#4585,#4586,#4587));
#4579 = ORIENTED_EDGE('',*,*,#4580,.T.);
#4580 = EDGE_CURVE('',#3182,#3134,#4581,.T.);
#4581 = LINE('',#4582,#4583);
#4582 = CARTESIAN_POINT('',(-0.1,-15.54,-2.5));
#4583 = VECTOR('',#4584,1.);
#4584 = DIRECTION('',(1.,4.440892098501E-16,0.));
#4585 = ORIENTED_EDGE('',*,*,#3141,.T.);
#4586 = ORIENTED_EDGE('',*,*,#3157,.F.);
#4587 = ORIENTED_EDGE('',*,*,#3181,.F.);
#4588 = PLANE('',#4589);
#4589 = AXIS2_PLACEMENT_3D('',#4590,#4591,#4592);
#4590 = CARTESIAN_POINT('',(-0.1,-15.54,-2.5));
#4591 = DIRECTION('',(4.440892098501E-16,-1.,0.));
#4592 = DIRECTION('',(0.,0.,1.));
#4593 = ADVANCED_FACE('',(#4594),#4605,.T.);
#4594 = FACE_BOUND('',#4595,.T.);
#4595 = EDGE_LOOP('',(#4596,#4602,#4603,#4604));
#4596 = ORIENTED_EDGE('',*,*,#4597,.T.);
#4597 = EDGE_CURVE('',#3190,#3126,#4598,.T.);
#4598 = LINE('',#4599,#4600);
#4599 = CARTESIAN_POINT('',(-0.1,-15.39,-3.1));
#4600 = VECTOR('',#4601,1.);
#4601 = DIRECTION('',(1.,4.440892098501E-16,0.));
#4602 = ORIENTED_EDGE('',*,*,#3133,.T.);
#4603 = ORIENTED_EDGE('',*,*,#4580,.F.);
#4604 = ORIENTED_EDGE('',*,*,#3189,.F.);
#4605 = PLANE('',#4606);
#4606 = AXIS2_PLACEMENT_3D('',#4607,#4608,#4609);
#4607 = CARTESIAN_POINT('',(-0.1,-15.39,-3.1));
#4608 = DIRECTION('',(4.308298163317E-16,-0.970142500145,-0.242535625036
    ));
#4609 = DIRECTION('',(1.077074540829E-16,-0.242535625036,0.970142500145)
  );
#4610 = ADVANCED_FACE('',(#4611),#4622,.F.);
#4611 = FACE_BOUND('',#4612,.T.);
#4612 = EDGE_LOOP('',(#4613,#4619,#4620,#4621));
#4613 = ORIENTED_EDGE('',*,*,#4614,.T.);
#4614 = EDGE_CURVE('',#3198,#3118,#4615,.T.);
#4615 = LINE('',#4616,#4617);
#4616 = CARTESIAN_POINT('',(-0.1,-15.09,-3.1));
#4617 = VECTOR('',#4618,1.);
#4618 = DIRECTION('',(1.,4.440892098501E-16,0.));
#4619 = ORIENTED_EDGE('',*,*,#3125,.T.);
#4620 = ORIENTED_EDGE('',*,*,#4597,.F.);
#4621 = ORIENTED_EDGE('',*,*,#3197,.F.);
#4622 = PLANE('',#4623);
#4623 = AXIS2_PLACEMENT_3D('',#4624,#4625,#4626);
#4624 = CARTESIAN_POINT('',(-0.1,-15.09,-3.1));
#4625 = DIRECTION('',(0.,0.,1.));
#4626 = DIRECTION('',(-4.440892098501E-16,1.,0.));
#4627 = ADVANCED_FACE('',(#4628),#4634,.T.);
#4628 = FACE_BOUND('',#4629,.T.);
#4629 = EDGE_LOOP('',(#4630,#4631,#4632,#4633));
#4630 = ORIENTED_EDGE('',*,*,#4565,.T.);
#4631 = ORIENTED_EDGE('',*,*,#3117,.T.);
#4632 = ORIENTED_EDGE('',*,*,#4614,.F.);
#4633 = ORIENTED_EDGE('',*,*,#3205,.F.);
#4634 = PLANE('',#4635);
#4635 = AXIS2_PLACEMENT_3D('',#4636,#4637,#4638);
#4636 = CARTESIAN_POINT('',(-0.1,-14.94,-2.5));
#4637 = DIRECTION('',(-4.308298163317E-16,0.970142500145,-0.242535625036
    ));
#4638 = DIRECTION('',(1.077074540829E-16,-0.242535625036,-0.970142500145
    ));
#4639 = ADVANCED_FACE('',(#4640),#4651,.T.);
#4640 = FACE_BOUND('',#4641,.T.);
#4641 = EDGE_LOOP('',(#4642,#4643,#4644,#4650));
#4642 = ORIENTED_EDGE('',*,*,#3219,.T.);
#4643 = ORIENTED_EDGE('',*,*,#3237,.T.);
#4644 = ORIENTED_EDGE('',*,*,#4645,.F.);
#4645 = EDGE_CURVE('',#3301,#3238,#4646,.T.);
#4646 = LINE('',#4647,#4648);
#4647 = CARTESIAN_POINT('',(-0.1,-7.32,-2.5));
#4648 = VECTOR('',#4649,1.);
#4649 = DIRECTION('',(1.,4.440892098501E-16,0.));
#4650 = ORIENTED_EDGE('',*,*,#3300,.F.);
#4651 = PLANE('',#4652);
#4652 = AXIS2_PLACEMENT_3D('',#4653,#4654,#4655);
#4653 = CARTESIAN_POINT('',(-0.1,-7.32,0.2));
#4654 = DIRECTION('',(-4.440892098501E-16,1.,0.));
#4655 = DIRECTION('',(0.,0.,-1.));
#4656 = ADVANCED_FACE('',(#4657),#4668,.T.);
#4657 = FACE_BOUND('',#4658,.T.);
#4658 = EDGE_LOOP('',(#4659,#4665,#4666,#4667));
#4659 = ORIENTED_EDGE('',*,*,#4660,.T.);
#4660 = EDGE_CURVE('',#3310,#3262,#4661,.T.);
#4661 = LINE('',#4662,#4663);
#4662 = CARTESIAN_POINT('',(-0.1,-7.92,-2.5));
#4663 = VECTOR('',#4664,1.);
#4664 = DIRECTION('',(1.,4.440892098501E-16,0.));
#4665 = ORIENTED_EDGE('',*,*,#3269,.T.);
#4666 = ORIENTED_EDGE('',*,*,#3285,.F.);
#4667 = ORIENTED_EDGE('',*,*,#3309,.F.);
#4668 = PLANE('',#4669);
#4669 = AXIS2_PLACEMENT_3D('',#4670,#4671,#4672);
#4670 = CARTESIAN_POINT('',(-0.1,-7.92,-2.5));
#4671 = DIRECTION('',(4.440892098501E-16,-1.,0.));
#4672 = DIRECTION('',(0.,0.,1.));
#4673 = ADVANCED_FACE('',(#4674),#4685,.T.);
#4674 = FACE_BOUND('',#4675,.T.);
#4675 = EDGE_LOOP('',(#4676,#4682,#4683,#4684));
#4676 = ORIENTED_EDGE('',*,*,#4677,.T.);
#4677 = EDGE_CURVE('',#3318,#3254,#4678,.T.);
#4678 = LINE('',#4679,#4680);
#4679 = CARTESIAN_POINT('',(-0.1,-7.77,-3.1));
#4680 = VECTOR('',#4681,1.);
#4681 = DIRECTION('',(1.,4.440892098501E-16,0.));
#4682 = ORIENTED_EDGE('',*,*,#3261,.T.);
#4683 = ORIENTED_EDGE('',*,*,#4660,.F.);
#4684 = ORIENTED_EDGE('',*,*,#3317,.F.);
#4685 = PLANE('',#4686);
#4686 = AXIS2_PLACEMENT_3D('',#4687,#4688,#4689);
#4687 = CARTESIAN_POINT('',(-0.1,-7.77,-3.1));
#4688 = DIRECTION('',(4.308298163317E-16,-0.970142500145,-0.242535625036
    ));
#4689 = DIRECTION('',(1.077074540829E-16,-0.242535625036,0.970142500145)
  );
#4690 = ADVANCED_FACE('',(#4691),#4702,.F.);
#4691 = FACE_BOUND('',#4692,.T.);
#4692 = EDGE_LOOP('',(#4693,#4699,#4700,#4701));
#4693 = ORIENTED_EDGE('',*,*,#4694,.T.);
#4694 = EDGE_CURVE('',#3326,#3246,#4695,.T.);
#4695 = LINE('',#4696,#4697);
#4696 = CARTESIAN_POINT('',(-0.1,-7.47,-3.1));
#4697 = VECTOR('',#4698,1.);
#4698 = DIRECTION('',(1.,4.440892098501E-16,0.));
#4699 = ORIENTED_EDGE('',*,*,#3253,.T.);
#4700 = ORIENTED_EDGE('',*,*,#4677,.F.);
#4701 = ORIENTED_EDGE('',*,*,#3325,.F.);
#4702 = PLANE('',#4703);
#4703 = AXIS2_PLACEMENT_3D('',#4704,#4705,#4706);
#4704 = CARTESIAN_POINT('',(-0.1,-7.47,-3.1));
#4705 = DIRECTION('',(0.,0.,1.));
#4706 = DIRECTION('',(-4.440892098501E-16,1.,0.));
#4707 = ADVANCED_FACE('',(#4708),#4714,.T.);
#4708 = FACE_BOUND('',#4709,.T.);
#4709 = EDGE_LOOP('',(#4710,#4711,#4712,#4713));
#4710 = ORIENTED_EDGE('',*,*,#4645,.T.);
#4711 = ORIENTED_EDGE('',*,*,#3245,.T.);
#4712 = ORIENTED_EDGE('',*,*,#4694,.F.);
#4713 = ORIENTED_EDGE('',*,*,#3333,.F.);
#4714 = PLANE('',#4715);
#4715 = AXIS2_PLACEMENT_3D('',#4716,#4717,#4718);
#4716 = CARTESIAN_POINT('',(-0.1,-7.32,-2.5));
#4717 = DIRECTION('',(-4.308298163317E-16,0.970142500145,-0.242535625036
    ));
#4718 = DIRECTION('',(1.077074540829E-16,-0.242535625036,-0.970142500145
    ));
#4719 = ADVANCED_FACE('',(#4720),#4731,.T.);
#4720 = FACE_BOUND('',#4721,.T.);
#4721 = EDGE_LOOP('',(#4722,#4723,#4724,#4730));
#4722 = ORIENTED_EDGE('',*,*,#3347,.T.);
#4723 = ORIENTED_EDGE('',*,*,#3365,.T.);
#4724 = ORIENTED_EDGE('',*,*,#4725,.F.);
#4725 = EDGE_CURVE('',#3429,#3366,#4726,.T.);
#4726 = LINE('',#4727,#4728);
#4727 = CARTESIAN_POINT('',(-0.1,0.3,-2.5));
#4728 = VECTOR('',#4729,1.);
#4729 = DIRECTION('',(1.,4.440892098501E-16,0.));
#4730 = ORIENTED_EDGE('',*,*,#3428,.F.);
#4731 = PLANE('',#4732);
#4732 = AXIS2_PLACEMENT_3D('',#4733,#4734,#4735);
#4733 = CARTESIAN_POINT('',(-0.1,0.3,0.2));
#4734 = DIRECTION('',(-4.440892098501E-16,1.,0.));
#4735 = DIRECTION('',(0.,0.,-1.));
#4736 = ADVANCED_FACE('',(#4737),#4748,.T.);
#4737 = FACE_BOUND('',#4738,.T.);
#4738 = EDGE_LOOP('',(#4739,#4745,#4746,#4747));
#4739 = ORIENTED_EDGE('',*,*,#4740,.T.);
#4740 = EDGE_CURVE('',#3438,#3390,#4741,.T.);
#4741 = LINE('',#4742,#4743);
#4742 = CARTESIAN_POINT('',(-0.1,-0.3,-2.5));
#4743 = VECTOR('',#4744,1.);
#4744 = DIRECTION('',(1.,4.440892098501E-16,0.));
#4745 = ORIENTED_EDGE('',*,*,#3397,.T.);
#4746 = ORIENTED_EDGE('',*,*,#3413,.F.);
#4747 = ORIENTED_EDGE('',*,*,#3437,.F.);
#4748 = PLANE('',#4749);
#4749 = AXIS2_PLACEMENT_3D('',#4750,#4751,#4752);
#4750 = CARTESIAN_POINT('',(-0.1,-0.3,-2.5));
#4751 = DIRECTION('',(4.440892098501E-16,-1.,0.));
#4752 = DIRECTION('',(0.,0.,1.));
#4753 = ADVANCED_FACE('',(#4754),#4765,.T.);
#4754 = FACE_BOUND('',#4755,.T.);
#4755 = EDGE_LOOP('',(#4756,#4762,#4763,#4764));
#4756 = ORIENTED_EDGE('',*,*,#4757,.T.);
#4757 = EDGE_CURVE('',#3446,#3382,#4758,.T.);
#4758 = LINE('',#4759,#4760);
#4759 = CARTESIAN_POINT('',(-0.1,-0.15,-3.1));
#4760 = VECTOR('',#4761,1.);
#4761 = DIRECTION('',(1.,4.440892098501E-16,0.));
#4762 = ORIENTED_EDGE('',*,*,#3389,.T.);
#4763 = ORIENTED_EDGE('',*,*,#4740,.F.);
#4764 = ORIENTED_EDGE('',*,*,#3445,.F.);
#4765 = PLANE('',#4766);
#4766 = AXIS2_PLACEMENT_3D('',#4767,#4768,#4769);
#4767 = CARTESIAN_POINT('',(-0.1,-0.15,-3.1));
#4768 = DIRECTION('',(4.308298163317E-16,-0.970142500145,-0.242535625036
    ));
#4769 = DIRECTION('',(1.077074540829E-16,-0.242535625036,0.970142500145)
  );
#4770 = ADVANCED_FACE('',(#4771),#4782,.F.);
#4771 = FACE_BOUND('',#4772,.T.);
#4772 = EDGE_LOOP('',(#4773,#4779,#4780,#4781));
#4773 = ORIENTED_EDGE('',*,*,#4774,.T.);
#4774 = EDGE_CURVE('',#3454,#3374,#4775,.T.);
#4775 = LINE('',#4776,#4777);
#4776 = CARTESIAN_POINT('',(-0.1,0.15,-3.1));
#4777 = VECTOR('',#4778,1.);
#4778 = DIRECTION('',(1.,4.440892098501E-16,0.));
#4779 = ORIENTED_EDGE('',*,*,#3381,.T.);
#4780 = ORIENTED_EDGE('',*,*,#4757,.F.);
#4781 = ORIENTED_EDGE('',*,*,#3453,.F.);
#4782 = PLANE('',#4783);
#4783 = AXIS2_PLACEMENT_3D('',#4784,#4785,#4786);
#4784 = CARTESIAN_POINT('',(-0.1,0.15,-3.1));
#4785 = DIRECTION('',(0.,0.,1.));
#4786 = DIRECTION('',(-4.440892098501E-16,1.,0.));
#4787 = ADVANCED_FACE('',(#4788),#4794,.T.);
#4788 = FACE_BOUND('',#4789,.T.);
#4789 = EDGE_LOOP('',(#4790,#4791,#4792,#4793));
#4790 = ORIENTED_EDGE('',*,*,#4725,.T.);
#4791 = ORIENTED_EDGE('',*,*,#3373,.T.);
#4792 = ORIENTED_EDGE('',*,*,#4774,.F.);
#4793 = ORIENTED_EDGE('',*,*,#3461,.F.);
#4794 = PLANE('',#4795);
#4795 = AXIS2_PLACEMENT_3D('',#4796,#4797,#4798);
#4796 = CARTESIAN_POINT('',(-0.1,0.3,-2.5));
#4797 = DIRECTION('',(-4.308298163317E-16,0.970142500145,-0.242535625036
    ));
#4798 = DIRECTION('',(1.077074540829E-16,-0.242535625036,-0.970142500145
    ));
#4799 = ADVANCED_FACE('',(#4800),#4811,.T.);
#4800 = FACE_BOUND('',#4801,.T.);
#4801 = EDGE_LOOP('',(#4802,#4803,#4804,#4810));
#4802 = ORIENTED_EDGE('',*,*,#3522,.T.);
#4803 = ORIENTED_EDGE('',*,*,#3540,.T.);
#4804 = ORIENTED_EDGE('',*,*,#4805,.F.);
#4805 = EDGE_CURVE('',#3476,#3541,#4806,.T.);
#4806 = LINE('',#4807,#4808);
#4807 = CARTESIAN_POINT('',(-0.1,-2.24,-2.5));
#4808 = VECTOR('',#4809,1.);
#4809 = DIRECTION('',(1.,4.440892098501E-16,0.));
#4810 = ORIENTED_EDGE('',*,*,#3475,.F.);
#4811 = PLANE('',#4812);
#4812 = AXIS2_PLACEMENT_3D('',#4813,#4814,#4815);
#4813 = CARTESIAN_POINT('',(-0.1,-2.24,0.2));
#4814 = DIRECTION('',(-4.440892098501E-16,1.,0.));
#4815 = DIRECTION('',(0.,0.,-1.));
#4816 = ADVANCED_FACE('',(#4817),#4828,.T.);
#4817 = FACE_BOUND('',#4818,.T.);
#4818 = EDGE_LOOP('',(#4819,#4820,#4821,#4827));
#4819 = ORIENTED_EDGE('',*,*,#4805,.T.);
#4820 = ORIENTED_EDGE('',*,*,#3548,.T.);
#4821 = ORIENTED_EDGE('',*,*,#4822,.F.);
#4822 = EDGE_CURVE('',#3501,#3549,#4823,.T.);
#4823 = LINE('',#4824,#4825);
#4824 = CARTESIAN_POINT('',(-0.1,-2.39,-3.1));
#4825 = VECTOR('',#4826,1.);
#4826 = DIRECTION('',(1.,4.440892098501E-16,0.));
#4827 = ORIENTED_EDGE('',*,*,#3508,.F.);
#4828 = PLANE('',#4829);
#4829 = AXIS2_PLACEMENT_3D('',#4830,#4831,#4832);
#4830 = CARTESIAN_POINT('',(-0.1,-2.24,-2.5));
#4831 = DIRECTION('',(-4.308298163317E-16,0.970142500145,-0.242535625036
    ));
#4832 = DIRECTION('',(1.077074540829E-16,-0.242535625036,-0.970142500145
    ));
#4833 = ADVANCED_FACE('',(#4834),#4845,.F.);
#4834 = FACE_BOUND('',#4835,.T.);
#4835 = EDGE_LOOP('',(#4836,#4837,#4838,#4844));
#4836 = ORIENTED_EDGE('',*,*,#4822,.T.);
#4837 = ORIENTED_EDGE('',*,*,#3556,.T.);
#4838 = ORIENTED_EDGE('',*,*,#4839,.F.);
#4839 = EDGE_CURVE('',#3493,#3557,#4840,.T.);
#4840 = LINE('',#4841,#4842);
#4841 = CARTESIAN_POINT('',(-0.1,-2.69,-3.1));
#4842 = VECTOR('',#4843,1.);
#4843 = DIRECTION('',(1.,4.440892098501E-16,0.));
#4844 = ORIENTED_EDGE('',*,*,#3500,.F.);
#4845 = PLANE('',#4846);
#4846 = AXIS2_PLACEMENT_3D('',#4847,#4848,#4849);
#4847 = CARTESIAN_POINT('',(-0.1,-2.39,-3.1));
#4848 = DIRECTION('',(0.,0.,1.));
#4849 = DIRECTION('',(-4.440892098501E-16,1.,0.));
#4850 = ADVANCED_FACE('',(#4851),#4862,.T.);
#4851 = FACE_BOUND('',#4852,.T.);
#4852 = EDGE_LOOP('',(#4853,#4854,#4855,#4861));
#4853 = ORIENTED_EDGE('',*,*,#4839,.T.);
#4854 = ORIENTED_EDGE('',*,*,#3564,.T.);
#4855 = ORIENTED_EDGE('',*,*,#4856,.F.);
#4856 = EDGE_CURVE('',#3485,#3565,#4857,.T.);
#4857 = LINE('',#4858,#4859);
#4858 = CARTESIAN_POINT('',(-0.1,-2.84,-2.5));
#4859 = VECTOR('',#4860,1.);
#4860 = DIRECTION('',(1.,4.440892098501E-16,0.));
#4861 = ORIENTED_EDGE('',*,*,#3492,.F.);
#4862 = PLANE('',#4863);
#4863 = AXIS2_PLACEMENT_3D('',#4864,#4865,#4866);
#4864 = CARTESIAN_POINT('',(-0.1,-2.69,-3.1));
#4865 = DIRECTION('',(4.308298163317E-16,-0.970142500145,-0.242535625036
    ));
#4866 = DIRECTION('',(1.077074540829E-16,-0.242535625036,0.970142500145)
  );
#4867 = ADVANCED_FACE('',(#4868),#4874,.T.);
#4868 = FACE_BOUND('',#4869,.T.);
#4869 = EDGE_LOOP('',(#4870,#4871,#4872,#4873));
#4870 = ORIENTED_EDGE('',*,*,#4856,.T.);
#4871 = ORIENTED_EDGE('',*,*,#3572,.T.);
#4872 = ORIENTED_EDGE('',*,*,#3588,.F.);
#4873 = ORIENTED_EDGE('',*,*,#3484,.F.);
#4874 = PLANE('',#4875);
#4875 = AXIS2_PLACEMENT_3D('',#4876,#4877,#4878);
#4876 = CARTESIAN_POINT('',(-0.1,-2.84,-2.5));
#4877 = DIRECTION('',(4.440892098501E-16,-1.,0.));
#4878 = DIRECTION('',(0.,0.,1.));
#4879 = ADVANCED_FACE('',(#4880),#4891,.T.);
#4880 = FACE_BOUND('',#4881,.T.);
#4881 = EDGE_LOOP('',(#4882,#4883,#4884,#4890));
#4882 = ORIENTED_EDGE('',*,*,#3603,.T.);
#4883 = ORIENTED_EDGE('',*,*,#3621,.T.);
#4884 = ORIENTED_EDGE('',*,*,#4885,.F.);
#4885 = EDGE_CURVE('',#3685,#3622,#4886,.T.);
#4886 = LINE('',#4887,#4888);
#4887 = CARTESIAN_POINT('',(-0.1,-4.78,-2.5));
#4888 = VECTOR('',#4889,1.);
#4889 = DIRECTION('',(1.,4.440892098501E-16,0.));
#4890 = ORIENTED_EDGE('',*,*,#3684,.F.);
#4891 = PLANE('',#4892);
#4892 = AXIS2_PLACEMENT_3D('',#4893,#4894,#4895);
#4893 = CARTESIAN_POINT('',(-0.1,-4.78,0.2));
#4894 = DIRECTION('',(-4.440892098501E-16,1.,0.));
#4895 = DIRECTION('',(0.,0.,-1.));
#4896 = ADVANCED_FACE('',(#4897),#4908,.T.);
#4897 = FACE_BOUND('',#4898,.T.);
#4898 = EDGE_LOOP('',(#4899,#4905,#4906,#4907));
#4899 = ORIENTED_EDGE('',*,*,#4900,.T.);
#4900 = EDGE_CURVE('',#3694,#3646,#4901,.T.);
#4901 = LINE('',#4902,#4903);
#4902 = CARTESIAN_POINT('',(-0.1,-5.38,-2.5));
#4903 = VECTOR('',#4904,1.);
#4904 = DIRECTION('',(1.,4.440892098501E-16,0.));
#4905 = ORIENTED_EDGE('',*,*,#3653,.T.);
#4906 = ORIENTED_EDGE('',*,*,#3669,.F.);
#4907 = ORIENTED_EDGE('',*,*,#3693,.F.);
#4908 = PLANE('',#4909);
#4909 = AXIS2_PLACEMENT_3D('',#4910,#4911,#4912);
#4910 = CARTESIAN_POINT('',(-0.1,-5.38,-2.5));
#4911 = DIRECTION('',(4.440892098501E-16,-1.,0.));
#4912 = DIRECTION('',(0.,0.,1.));
#4913 = ADVANCED_FACE('',(#4914),#4925,.T.);
#4914 = FACE_BOUND('',#4915,.T.);
#4915 = EDGE_LOOP('',(#4916,#4922,#4923,#4924));
#4916 = ORIENTED_EDGE('',*,*,#4917,.T.);
#4917 = EDGE_CURVE('',#3702,#3638,#4918,.T.);
#4918 = LINE('',#4919,#4920);
#4919 = CARTESIAN_POINT('',(-0.1,-5.23,-3.1));
#4920 = VECTOR('',#4921,1.);
#4921 = DIRECTION('',(1.,4.440892098501E-16,0.));
#4922 = ORIENTED_EDGE('',*,*,#3645,.T.);
#4923 = ORIENTED_EDGE('',*,*,#4900,.F.);
#4924 = ORIENTED_EDGE('',*,*,#3701,.F.);
#4925 = PLANE('',#4926);
#4926 = AXIS2_PLACEMENT_3D('',#4927,#4928,#4929);
#4927 = CARTESIAN_POINT('',(-0.1,-5.23,-3.1));
#4928 = DIRECTION('',(4.308298163317E-16,-0.970142500145,-0.242535625036
    ));
#4929 = DIRECTION('',(1.077074540829E-16,-0.242535625036,0.970142500145)
  );
#4930 = ADVANCED_FACE('',(#4931),#4942,.F.);
#4931 = FACE_BOUND('',#4932,.T.);
#4932 = EDGE_LOOP('',(#4933,#4939,#4940,#4941));
#4933 = ORIENTED_EDGE('',*,*,#4934,.T.);
#4934 = EDGE_CURVE('',#3710,#3630,#4935,.T.);
#4935 = LINE('',#4936,#4937);
#4936 = CARTESIAN_POINT('',(-0.1,-4.93,-3.1));
#4937 = VECTOR('',#4938,1.);
#4938 = DIRECTION('',(1.,4.440892098501E-16,0.));
#4939 = ORIENTED_EDGE('',*,*,#3637,.T.);
#4940 = ORIENTED_EDGE('',*,*,#4917,.F.);
#4941 = ORIENTED_EDGE('',*,*,#3709,.F.);
#4942 = PLANE('',#4943);
#4943 = AXIS2_PLACEMENT_3D('',#4944,#4945,#4946);
#4944 = CARTESIAN_POINT('',(-0.1,-4.93,-3.1));
#4945 = DIRECTION('',(0.,0.,1.));
#4946 = DIRECTION('',(-4.440892098501E-16,1.,0.));
#4947 = ADVANCED_FACE('',(#4948),#4954,.T.);
#4948 = FACE_BOUND('',#4949,.T.);
#4949 = EDGE_LOOP('',(#4950,#4951,#4952,#4953));
#4950 = ORIENTED_EDGE('',*,*,#4885,.T.);
#4951 = ORIENTED_EDGE('',*,*,#3629,.T.);
#4952 = ORIENTED_EDGE('',*,*,#4934,.F.);
#4953 = ORIENTED_EDGE('',*,*,#3717,.F.);
#4954 = PLANE('',#4955);
#4955 = AXIS2_PLACEMENT_3D('',#4956,#4957,#4958);
#4956 = CARTESIAN_POINT('',(-0.1,-4.78,-2.5));
#4957 = DIRECTION('',(-4.308298163317E-16,0.970142500145,-0.242535625036
    ));
#4958 = DIRECTION('',(1.077074540829E-16,-0.242535625036,-0.970142500145
    ));
#4959 = ADVANCED_FACE('',(#4960,#4966),#5000,.F.);
#4960 = FACE_BOUND('',#4961,.F.);
#4961 = EDGE_LOOP('',(#4962,#4963,#4964,#4965));
#4962 = ORIENTED_EDGE('',*,*,#3796,.F.);
#4963 = ORIENTED_EDGE('',*,*,#3813,.F.);
#4964 = ORIENTED_EDGE('',*,*,#3748,.F.);
#4965 = ORIENTED_EDGE('',*,*,#3772,.F.);
#4966 = FACE_BOUND('',#4967,.F.);
#4967 = EDGE_LOOP('',(#4968,#4978,#4986,#4994));
#4968 = ORIENTED_EDGE('',*,*,#4969,.T.);
#4969 = EDGE_CURVE('',#4970,#4972,#4974,.T.);
#4970 = VERTEX_POINT('',#4971);
#4971 = CARTESIAN_POINT('',(-0.3,-10.46,6.7));
#4972 = VERTEX_POINT('',#4973);
#4973 = CARTESIAN_POINT('',(0.3,-10.46,6.7));
#4974 = LINE('',#4975,#4976);
#4975 = CARTESIAN_POINT('',(-0.3,-10.46,6.7));
#4976 = VECTOR('',#4977,1.);
#4977 = DIRECTION('',(1.,4.440892098501E-16,0.));
#4978 = ORIENTED_EDGE('',*,*,#4979,.T.);
#4979 = EDGE_CURVE('',#4972,#4980,#4982,.T.);
#4980 = VERTEX_POINT('',#4981);
#4981 = CARTESIAN_POINT('',(0.3,-9.86,6.7));
#4982 = LINE('',#4983,#4984);
#4983 = CARTESIAN_POINT('',(0.3,-10.46,6.7));
#4984 = VECTOR('',#4985,1.);
#4985 = DIRECTION('',(-4.440892098501E-16,1.,0.));
#4986 = ORIENTED_EDGE('',*,*,#4987,.T.);
#4987 = EDGE_CURVE('',#4980,#4988,#4990,.T.);
#4988 = VERTEX_POINT('',#4989);
#4989 = CARTESIAN_POINT('',(-0.3,-9.86,6.7));
#4990 = LINE('',#4991,#4992);
#4991 = CARTESIAN_POINT('',(0.3,-9.86,6.7));
#4992 = VECTOR('',#4993,1.);
#4993 = DIRECTION('',(-1.,-4.440892098501E-16,0.));
#4994 = ORIENTED_EDGE('',*,*,#4995,.T.);
#4995 = EDGE_CURVE('',#4988,#4970,#4996,.T.);
#4996 = LINE('',#4997,#4998);
#4997 = CARTESIAN_POINT('',(-0.3,-9.86,6.7));
#4998 = VECTOR('',#4999,1.);
#4999 = DIRECTION('',(4.440892098501E-16,-1.,0.));
#5000 = PLANE('',#5001);
#5001 = AXIS2_PLACEMENT_3D('',#5002,#5003,#5004);
#5002 = CARTESIAN_POINT('',(0.6,-10.76,6.7));
#5003 = DIRECTION('',(-0.,0.,-1.));
#5004 = DIRECTION('',(4.440892098501E-16,-1.,-0.));
#5005 = ADVANCED_FACE('',(#5006,#5012),#5046,.F.);
#5006 = FACE_BOUND('',#5007,.F.);
#5007 = EDGE_LOOP('',(#5008,#5009,#5010,#5011));
#5008 = ORIENTED_EDGE('',*,*,#3909,.F.);
#5009 = ORIENTED_EDGE('',*,*,#3844,.F.);
#5010 = ORIENTED_EDGE('',*,*,#3868,.F.);
#5011 = ORIENTED_EDGE('',*,*,#3892,.F.);
#5012 = FACE_BOUND('',#5013,.F.);
#5013 = EDGE_LOOP('',(#5014,#5024,#5032,#5040));
#5014 = ORIENTED_EDGE('',*,*,#5015,.T.);
#5015 = EDGE_CURVE('',#5016,#5018,#5020,.T.);
#5016 = VERTEX_POINT('',#5017);
#5017 = CARTESIAN_POINT('',(-0.3,-13.,6.7));
#5018 = VERTEX_POINT('',#5019);
#5019 = CARTESIAN_POINT('',(0.3,-13.,6.7));
#5020 = LINE('',#5021,#5022);
#5021 = CARTESIAN_POINT('',(-0.3,-13.,6.7));
#5022 = VECTOR('',#5023,1.);
#5023 = DIRECTION('',(1.,4.440892098501E-16,0.));
#5024 = ORIENTED_EDGE('',*,*,#5025,.T.);
#5025 = EDGE_CURVE('',#5018,#5026,#5028,.T.);
#5026 = VERTEX_POINT('',#5027);
#5027 = CARTESIAN_POINT('',(0.3,-12.4,6.7));
#5028 = LINE('',#5029,#5030);
#5029 = CARTESIAN_POINT('',(0.3,-13.,6.7));
#5030 = VECTOR('',#5031,1.);
#5031 = DIRECTION('',(-4.440892098501E-16,1.,0.));
#5032 = ORIENTED_EDGE('',*,*,#5033,.T.);
#5033 = EDGE_CURVE('',#5026,#5034,#5036,.T.);
#5034 = VERTEX_POINT('',#5035);
#5035 = CARTESIAN_POINT('',(-0.3,-12.4,6.7));
#5036 = LINE('',#5037,#5038);
#5037 = CARTESIAN_POINT('',(0.3,-12.4,6.7));
#5038 = VECTOR('',#5039,1.);
#5039 = DIRECTION('',(-1.,-4.440892098501E-16,0.));
#5040 = ORIENTED_EDGE('',*,*,#5041,.T.);
#5041 = EDGE_CURVE('',#5034,#5016,#5042,.T.);
#5042 = LINE('',#5043,#5044);
#5043 = CARTESIAN_POINT('',(-0.3,-12.4,6.7));
#5044 = VECTOR('',#5045,1.);
#5045 = DIRECTION('',(4.440892098501E-16,-1.,0.));
#5046 = PLANE('',#5047);
#5047 = AXIS2_PLACEMENT_3D('',#5048,#5049,#5050);
#5048 = CARTESIAN_POINT('',(0.6,-13.3,6.7));
#5049 = DIRECTION('',(-0.,0.,-1.));
#5050 = DIRECTION('',(4.440892098501E-16,-1.,-0.));
#5051 = ADVANCED_FACE('',(#5052,#5058),#5092,.F.);
#5052 = FACE_BOUND('',#5053,.F.);
#5053 = EDGE_LOOP('',(#5054,#5055,#5056,#5057));
#5054 = ORIENTED_EDGE('',*,*,#3940,.F.);
#5055 = ORIENTED_EDGE('',*,*,#3964,.F.);
#5056 = ORIENTED_EDGE('',*,*,#3988,.F.);
#5057 = ORIENTED_EDGE('',*,*,#4005,.F.);
#5058 = FACE_BOUND('',#5059,.F.);
#5059 = EDGE_LOOP('',(#5060,#5070,#5078,#5086));
#5060 = ORIENTED_EDGE('',*,*,#5061,.T.);
#5061 = EDGE_CURVE('',#5062,#5064,#5066,.T.);
#5062 = VERTEX_POINT('',#5063);
#5063 = CARTESIAN_POINT('',(-0.3,-15.54,6.7));
#5064 = VERTEX_POINT('',#5065);
#5065 = CARTESIAN_POINT('',(0.3,-15.54,6.7));
#5066 = LINE('',#5067,#5068);
#5067 = CARTESIAN_POINT('',(-0.3,-15.54,6.7));
#5068 = VECTOR('',#5069,1.);
#5069 = DIRECTION('',(1.,4.440892098501E-16,0.));
#5070 = ORIENTED_EDGE('',*,*,#5071,.T.);
#5071 = EDGE_CURVE('',#5064,#5072,#5074,.T.);
#5072 = VERTEX_POINT('',#5073);
#5073 = CARTESIAN_POINT('',(0.3,-14.94,6.7));
#5074 = LINE('',#5075,#5076);
#5075 = CARTESIAN_POINT('',(0.3,-15.54,6.7));
#5076 = VECTOR('',#5077,1.);
#5077 = DIRECTION('',(-4.440892098501E-16,1.,0.));
#5078 = ORIENTED_EDGE('',*,*,#5079,.T.);
#5079 = EDGE_CURVE('',#5072,#5080,#5082,.T.);
#5080 = VERTEX_POINT('',#5081);
#5081 = CARTESIAN_POINT('',(-0.3,-14.94,6.7));
#5082 = LINE('',#5083,#5084);
#5083 = CARTESIAN_POINT('',(0.3,-14.94,6.7));
#5084 = VECTOR('',#5085,1.);
#5085 = DIRECTION('',(-1.,-4.440892098501E-16,0.));
#5086 = ORIENTED_EDGE('',*,*,#5087,.T.);
#5087 = EDGE_CURVE('',#5080,#5062,#5088,.T.);
#5088 = LINE('',#5089,#5090);
#5089 = CARTESIAN_POINT('',(-0.3,-14.94,6.7));
#5090 = VECTOR('',#5091,1.);
#5091 = DIRECTION('',(4.440892098501E-16,-1.,0.));
#5092 = PLANE('',#5093);
#5093 = AXIS2_PLACEMENT_3D('',#5094,#5095,#5096);
#5094 = CARTESIAN_POINT('',(0.6,-15.84,6.7));
#5095 = DIRECTION('',(-0.,0.,-1.));
#5096 = DIRECTION('',(4.440892098501E-16,-1.,-0.));
#5097 = ADVANCED_FACE('',(#5098,#5104),#5138,.F.);
#5098 = FACE_BOUND('',#5099,.F.);
#5099 = EDGE_LOOP('',(#5100,#5101,#5102,#5103));
#5100 = ORIENTED_EDGE('',*,*,#4036,.F.);
#5101 = ORIENTED_EDGE('',*,*,#4060,.F.);
#5102 = ORIENTED_EDGE('',*,*,#4084,.F.);
#5103 = ORIENTED_EDGE('',*,*,#4101,.F.);
#5104 = FACE_BOUND('',#5105,.F.);
#5105 = EDGE_LOOP('',(#5106,#5116,#5124,#5132));
#5106 = ORIENTED_EDGE('',*,*,#5107,.T.);
#5107 = EDGE_CURVE('',#5108,#5110,#5112,.T.);
#5108 = VERTEX_POINT('',#5109);
#5109 = CARTESIAN_POINT('',(-0.3,-5.38,6.7));
#5110 = VERTEX_POINT('',#5111);
#5111 = CARTESIAN_POINT('',(0.3,-5.38,6.7));
#5112 = LINE('',#5113,#5114);
#5113 = CARTESIAN_POINT('',(-0.3,-5.38,6.7));
#5114 = VECTOR('',#5115,1.);
#5115 = DIRECTION('',(1.,4.440892098501E-16,0.));
#5116 = ORIENTED_EDGE('',*,*,#5117,.T.);
#5117 = EDGE_CURVE('',#5110,#5118,#5120,.T.);
#5118 = VERTEX_POINT('',#5119);
#5119 = CARTESIAN_POINT('',(0.3,-4.78,6.7));
#5120 = LINE('',#5121,#5122);
#5121 = CARTESIAN_POINT('',(0.3,-5.38,6.7));
#5122 = VECTOR('',#5123,1.);
#5123 = DIRECTION('',(-4.440892098501E-16,1.,0.));
#5124 = ORIENTED_EDGE('',*,*,#5125,.T.);
#5125 = EDGE_CURVE('',#5118,#5126,#5128,.T.);
#5126 = VERTEX_POINT('',#5127);
#5127 = CARTESIAN_POINT('',(-0.3,-4.78,6.7));
#5128 = LINE('',#5129,#5130);
#5129 = CARTESIAN_POINT('',(0.3,-4.78,6.7));
#5130 = VECTOR('',#5131,1.);
#5131 = DIRECTION('',(-1.,-4.440892098501E-16,0.));
#5132 = ORIENTED_EDGE('',*,*,#5133,.T.);
#5133 = EDGE_CURVE('',#5126,#5108,#5134,.T.);
#5134 = LINE('',#5135,#5136);
#5135 = CARTESIAN_POINT('',(-0.3,-4.78,6.7));
#5136 = VECTOR('',#5137,1.);
#5137 = DIRECTION('',(4.440892098501E-16,-1.,0.));
#5138 = PLANE('',#5139);
#5139 = AXIS2_PLACEMENT_3D('',#5140,#5141,#5142);
#5140 = CARTESIAN_POINT('',(0.6,-5.68,6.7));
#5141 = DIRECTION('',(-0.,0.,-1.));
#5142 = DIRECTION('',(4.440892098501E-16,-1.,-0.));
#5143 = ADVANCED_FACE('',(#5144,#5150),#5184,.F.);
#5144 = FACE_BOUND('',#5145,.F.);
#5145 = EDGE_LOOP('',(#5146,#5147,#5148,#5149));
#5146 = ORIENTED_EDGE('',*,*,#4180,.F.);
#5147 = ORIENTED_EDGE('',*,*,#4197,.F.);
#5148 = ORIENTED_EDGE('',*,*,#4132,.F.);
#5149 = ORIENTED_EDGE('',*,*,#4156,.F.);
#5150 = FACE_BOUND('',#5151,.F.);
#5151 = EDGE_LOOP('',(#5152,#5162,#5170,#5178));
#5152 = ORIENTED_EDGE('',*,*,#5153,.T.);
#5153 = EDGE_CURVE('',#5154,#5156,#5158,.T.);
#5154 = VERTEX_POINT('',#5155);
#5155 = CARTESIAN_POINT('',(-0.3,-7.92,6.7));
#5156 = VERTEX_POINT('',#5157);
#5157 = CARTESIAN_POINT('',(0.3,-7.92,6.7));
#5158 = LINE('',#5159,#5160);
#5159 = CARTESIAN_POINT('',(-0.3,-7.92,6.7));
#5160 = VECTOR('',#5161,1.);
#5161 = DIRECTION('',(1.,4.440892098501E-16,0.));
#5162 = ORIENTED_EDGE('',*,*,#5163,.T.);
#5163 = EDGE_CURVE('',#5156,#5164,#5166,.T.);
#5164 = VERTEX_POINT('',#5165);
#5165 = CARTESIAN_POINT('',(0.3,-7.32,6.7));
#5166 = LINE('',#5167,#5168);
#5167 = CARTESIAN_POINT('',(0.3,-7.92,6.7));
#5168 = VECTOR('',#5169,1.);
#5169 = DIRECTION('',(-4.440892098501E-16,1.,0.));
#5170 = ORIENTED_EDGE('',*,*,#5171,.T.);
#5171 = EDGE_CURVE('',#5164,#5172,#5174,.T.);
#5172 = VERTEX_POINT('',#5173);
#5173 = CARTESIAN_POINT('',(-0.3,-7.32,6.7));
#5174 = LINE('',#5175,#5176);
#5175 = CARTESIAN_POINT('',(0.3,-7.32,6.7));
#5176 = VECTOR('',#5177,1.);
#5177 = DIRECTION('',(-1.,-4.440892098501E-16,0.));
#5178 = ORIENTED_EDGE('',*,*,#5179,.T.);
#5179 = EDGE_CURVE('',#5172,#5154,#5180,.T.);
#5180 = LINE('',#5181,#5182);
#5181 = CARTESIAN_POINT('',(-0.3,-7.32,6.7));
#5182 = VECTOR('',#5183,1.);
#5183 = DIRECTION('',(4.440892098501E-16,-1.,0.));
#5184 = PLANE('',#5185);
#5185 = AXIS2_PLACEMENT_3D('',#5186,#5187,#5188);
#5186 = CARTESIAN_POINT('',(0.6,-8.22,6.7));
#5187 = DIRECTION('',(-0.,0.,-1.));
#5188 = DIRECTION('',(4.440892098501E-16,-1.,-0.));
#5189 = ADVANCED_FACE('',(#5190,#5196),#5230,.F.);
#5190 = FACE_BOUND('',#5191,.F.);
#5191 = EDGE_LOOP('',(#5192,#5193,#5194,#5195));
#5192 = ORIENTED_EDGE('',*,*,#4276,.F.);
#5193 = ORIENTED_EDGE('',*,*,#4293,.F.);
#5194 = ORIENTED_EDGE('',*,*,#4228,.F.);
#5195 = ORIENTED_EDGE('',*,*,#4252,.F.);
#5196 = FACE_BOUND('',#5197,.F.);
#5197 = EDGE_LOOP('',(#5198,#5208,#5216,#5224));
#5198 = ORIENTED_EDGE('',*,*,#5199,.T.);
#5199 = EDGE_CURVE('',#5200,#5202,#5204,.T.);
#5200 = VERTEX_POINT('',#5201);
#5201 = CARTESIAN_POINT('',(-0.3,-0.3,6.7));
#5202 = VERTEX_POINT('',#5203);
#5203 = CARTESIAN_POINT('',(0.3,-0.3,6.7));
#5204 = LINE('',#5205,#5206);
#5205 = CARTESIAN_POINT('',(-0.3,-0.3,6.7));
#5206 = VECTOR('',#5207,1.);
#5207 = DIRECTION('',(1.,4.440892098501E-16,0.));
#5208 = ORIENTED_EDGE('',*,*,#5209,.T.);
#5209 = EDGE_CURVE('',#5202,#5210,#5212,.T.);
#5210 = VERTEX_POINT('',#5211);
#5211 = CARTESIAN_POINT('',(0.3,0.3,6.7));
#5212 = LINE('',#5213,#5214);
#5213 = CARTESIAN_POINT('',(0.3,-0.3,6.7));
#5214 = VECTOR('',#5215,1.);
#5215 = DIRECTION('',(-4.440892098501E-16,1.,0.));
#5216 = ORIENTED_EDGE('',*,*,#5217,.T.);
#5217 = EDGE_CURVE('',#5210,#5218,#5220,.T.);
#5218 = VERTEX_POINT('',#5219);
#5219 = CARTESIAN_POINT('',(-0.3,0.3,6.7));
#5220 = LINE('',#5221,#5222);
#5221 = CARTESIAN_POINT('',(0.3,0.3,6.7));
#5222 = VECTOR('',#5223,1.);
#5223 = DIRECTION('',(-1.,-4.440892098501E-16,0.));
#5224 = ORIENTED_EDGE('',*,*,#5225,.T.);
#5225 = EDGE_CURVE('',#5218,#5200,#5226,.T.);
#5226 = LINE('',#5227,#5228);
#5227 = CARTESIAN_POINT('',(-0.3,0.3,6.7));
#5228 = VECTOR('',#5229,1.);
#5229 = DIRECTION('',(4.440892098501E-16,-1.,0.));
#5230 = PLANE('',#5231);
#5231 = AXIS2_PLACEMENT_3D('',#5232,#5233,#5234);
#5232 = CARTESIAN_POINT('',(0.6,-0.6,6.7));
#5233 = DIRECTION('',(-0.,0.,-1.));
#5234 = DIRECTION('',(4.440892098501E-16,-1.,-0.));
#5235 = ADVANCED_FACE('',(#5236,#5242),#5276,.F.);
#5236 = FACE_BOUND('',#5237,.F.);
#5237 = EDGE_LOOP('',(#5238,#5239,#5240,#5241));
#5238 = ORIENTED_EDGE('',*,*,#4324,.F.);
#5239 = ORIENTED_EDGE('',*,*,#4348,.F.);
#5240 = ORIENTED_EDGE('',*,*,#4372,.F.);
#5241 = ORIENTED_EDGE('',*,*,#4389,.F.);
#5242 = FACE_BOUND('',#5243,.F.);
#5243 = EDGE_LOOP('',(#5244,#5254,#5262,#5270));
#5244 = ORIENTED_EDGE('',*,*,#5245,.T.);
#5245 = EDGE_CURVE('',#5246,#5248,#5250,.T.);
#5246 = VERTEX_POINT('',#5247);
#5247 = CARTESIAN_POINT('',(-0.3,-2.84,6.7));
#5248 = VERTEX_POINT('',#5249);
#5249 = CARTESIAN_POINT('',(0.3,-2.84,6.7));
#5250 = LINE('',#5251,#5252);
#5251 = CARTESIAN_POINT('',(-0.3,-2.84,6.7));
#5252 = VECTOR('',#5253,1.);
#5253 = DIRECTION('',(1.,4.440892098501E-16,0.));
#5254 = ORIENTED_EDGE('',*,*,#5255,.T.);
#5255 = EDGE_CURVE('',#5248,#5256,#5258,.T.);
#5256 = VERTEX_POINT('',#5257);
#5257 = CARTESIAN_POINT('',(0.3,-2.24,6.7));
#5258 = LINE('',#5259,#5260);
#5259 = CARTESIAN_POINT('',(0.3,-2.84,6.7));
#5260 = VECTOR('',#5261,1.);
#5261 = DIRECTION('',(-4.440892098501E-16,1.,0.));
#5262 = ORIENTED_EDGE('',*,*,#5263,.T.);
#5263 = EDGE_CURVE('',#5256,#5264,#5266,.T.);
#5264 = VERTEX_POINT('',#5265);
#5265 = CARTESIAN_POINT('',(-0.3,-2.24,6.7));
#5266 = LINE('',#5267,#5268);
#5267 = CARTESIAN_POINT('',(0.3,-2.24,6.7));
#5268 = VECTOR('',#5269,1.);
#5269 = DIRECTION('',(-1.,-4.440892098501E-16,0.));
#5270 = ORIENTED_EDGE('',*,*,#5271,.T.);
#5271 = EDGE_CURVE('',#5264,#5246,#5272,.T.);
#5272 = LINE('',#5273,#5274);
#5273 = CARTESIAN_POINT('',(-0.3,-2.24,6.7));
#5274 = VECTOR('',#5275,1.);
#5275 = DIRECTION('',(4.440892098501E-16,-1.,0.));
#5276 = PLANE('',#5277);
#5277 = AXIS2_PLACEMENT_3D('',#5278,#5279,#5280);
#5278 = CARTESIAN_POINT('',(0.6,-3.14,6.7));
#5279 = DIRECTION('',(-0.,0.,-1.));
#5280 = DIRECTION('',(4.440892098501E-16,-1.,-0.));
#5281 = ADVANCED_FACE('',(#5282),#5339,.T.);
#5282 = FACE_BOUND('',#5283,.T.);
#5283 = EDGE_LOOP('',(#5284,#5292,#5293,#5301,#5309,#5317,#5325,#5333));
#5284 = ORIENTED_EDGE('',*,*,#5285,.F.);
#5285 = EDGE_CURVE('',#4970,#5286,#5288,.T.);
#5286 = VERTEX_POINT('',#5287);
#5287 = CARTESIAN_POINT('',(-0.3,-10.46,0.9));
#5288 = LINE('',#5289,#5290);
#5289 = CARTESIAN_POINT('',(-0.3,-10.46,6.7));
#5290 = VECTOR('',#5291,1.);
#5291 = DIRECTION('',(0.,0.,-1.));
#5292 = ORIENTED_EDGE('',*,*,#4969,.T.);
#5293 = ORIENTED_EDGE('',*,*,#5294,.T.);
#5294 = EDGE_CURVE('',#4972,#5295,#5297,.T.);
#5295 = VERTEX_POINT('',#5296);
#5296 = CARTESIAN_POINT('',(0.3,-10.46,0.9));
#5297 = LINE('',#5298,#5299);
#5298 = CARTESIAN_POINT('',(0.3,-10.46,6.7));
#5299 = VECTOR('',#5300,1.);
#5300 = DIRECTION('',(0.,0.,-1.));
#5301 = ORIENTED_EDGE('',*,*,#5302,.F.);
#5302 = EDGE_CURVE('',#5303,#5295,#5305,.T.);
#5303 = VERTEX_POINT('',#5304);
#5304 = CARTESIAN_POINT('',(0.1,-10.46,0.9));
#5305 = LINE('',#5306,#5307);
#5306 = CARTESIAN_POINT('',(-0.3,-10.46,0.9));
#5307 = VECTOR('',#5308,1.);
#5308 = DIRECTION('',(1.,4.440892098501E-16,0.));
#5309 = ORIENTED_EDGE('',*,*,#5310,.T.);
#5310 = EDGE_CURVE('',#5303,#5311,#5313,.T.);
#5311 = VERTEX_POINT('',#5312);
#5312 = CARTESIAN_POINT('',(0.1,-10.46,5.9));
#5313 = LINE('',#5314,#5315);
#5314 = CARTESIAN_POINT('',(0.1,-10.46,3.45));
#5315 = VECTOR('',#5316,1.);
#5316 = DIRECTION('',(0.,0.,1.));
#5317 = ORIENTED_EDGE('',*,*,#5318,.F.);
#5318 = EDGE_CURVE('',#5319,#5311,#5321,.T.);
#5319 = VERTEX_POINT('',#5320);
#5320 = CARTESIAN_POINT('',(-0.1,-10.46,5.9));
#5321 = LINE('',#5322,#5323);
#5322 = CARTESIAN_POINT('',(-0.1,-10.46,5.9));
#5323 = VECTOR('',#5324,1.);
#5324 = DIRECTION('',(1.,4.440892098501E-16,0.));
#5325 = ORIENTED_EDGE('',*,*,#5326,.T.);
#5326 = EDGE_CURVE('',#5319,#5327,#5329,.T.);
#5327 = VERTEX_POINT('',#5328);
#5328 = CARTESIAN_POINT('',(-0.1,-10.46,0.9));
#5329 = LINE('',#5330,#5331);
#5330 = CARTESIAN_POINT('',(-0.1,-10.46,3.45));
#5331 = VECTOR('',#5332,1.);
#5332 = DIRECTION('',(-0.,0.,-1.));
#5333 = ORIENTED_EDGE('',*,*,#5334,.F.);
#5334 = EDGE_CURVE('',#5286,#5327,#5335,.T.);
#5335 = LINE('',#5336,#5337);
#5336 = CARTESIAN_POINT('',(-0.3,-10.46,0.9));
#5337 = VECTOR('',#5338,1.);
#5338 = DIRECTION('',(1.,4.440892098501E-16,0.));
#5339 = PLANE('',#5340);
#5340 = AXIS2_PLACEMENT_3D('',#5341,#5342,#5343);
#5341 = CARTESIAN_POINT('',(-0.3,-10.46,6.7));
#5342 = DIRECTION('',(-4.440892098501E-16,1.,0.));
#5343 = DIRECTION('',(0.,0.,1.));
#5344 = ADVANCED_FACE('',(#5345),#5363,.F.);
#5345 = FACE_BOUND('',#5346,.F.);
#5346 = EDGE_LOOP('',(#5347,#5355,#5361,#5362));
#5347 = ORIENTED_EDGE('',*,*,#5348,.T.);
#5348 = EDGE_CURVE('',#4988,#5349,#5351,.T.);
#5349 = VERTEX_POINT('',#5350);
#5350 = CARTESIAN_POINT('',(-0.3,-9.86,0.9));
#5351 = LINE('',#5352,#5353);
#5352 = CARTESIAN_POINT('',(-0.3,-9.86,6.7));
#5353 = VECTOR('',#5354,1.);
#5354 = DIRECTION('',(0.,0.,-1.));
#5355 = ORIENTED_EDGE('',*,*,#5356,.T.);
#5356 = EDGE_CURVE('',#5349,#5286,#5357,.T.);
#5357 = LINE('',#5358,#5359);
#5358 = CARTESIAN_POINT('',(-0.3,-9.86,0.9));
#5359 = VECTOR('',#5360,1.);
#5360 = DIRECTION('',(4.440892098501E-16,-1.,0.));
#5361 = ORIENTED_EDGE('',*,*,#5285,.F.);
#5362 = ORIENTED_EDGE('',*,*,#4995,.F.);
#5363 = PLANE('',#5364);
#5364 = AXIS2_PLACEMENT_3D('',#5365,#5366,#5367);
#5365 = CARTESIAN_POINT('',(-0.3,-9.86,6.7));
#5366 = DIRECTION('',(-1.,-4.440892098501E-16,0.));
#5367 = DIRECTION('',(4.440892098501E-16,-1.,0.));
#5368 = ADVANCED_FACE('',(#5369),#5419,.T.);
#5369 = FACE_BOUND('',#5370,.T.);
#5370 = EDGE_LOOP('',(#5371,#5379,#5380,#5381,#5389,#5397,#5405,#5413));
#5371 = ORIENTED_EDGE('',*,*,#5372,.F.);
#5372 = EDGE_CURVE('',#4980,#5373,#5375,.T.);
#5373 = VERTEX_POINT('',#5374);
#5374 = CARTESIAN_POINT('',(0.3,-9.86,0.9));
#5375 = LINE('',#5376,#5377);
#5376 = CARTESIAN_POINT('',(0.3,-9.86,6.7));
#5377 = VECTOR('',#5378,1.);
#5378 = DIRECTION('',(0.,0.,-1.));
#5379 = ORIENTED_EDGE('',*,*,#4987,.T.);
#5380 = ORIENTED_EDGE('',*,*,#5348,.T.);
#5381 = ORIENTED_EDGE('',*,*,#5382,.F.);
#5382 = EDGE_CURVE('',#5383,#5349,#5385,.T.);
#5383 = VERTEX_POINT('',#5384);
#5384 = CARTESIAN_POINT('',(-0.1,-9.86,0.9));
#5385 = LINE('',#5386,#5387);
#5386 = CARTESIAN_POINT('',(0.3,-9.86,0.9));
#5387 = VECTOR('',#5388,1.);
#5388 = DIRECTION('',(-1.,-4.440892098501E-16,0.));
#5389 = ORIENTED_EDGE('',*,*,#5390,.T.);
#5390 = EDGE_CURVE('',#5383,#5391,#5393,.T.);
#5391 = VERTEX_POINT('',#5392);
#5392 = CARTESIAN_POINT('',(-0.1,-9.86,5.9));
#5393 = LINE('',#5394,#5395);
#5394 = CARTESIAN_POINT('',(-0.1,-9.86,3.45));
#5395 = VECTOR('',#5396,1.);
#5396 = DIRECTION('',(0.,0.,1.));
#5397 = ORIENTED_EDGE('',*,*,#5398,.T.);
#5398 = EDGE_CURVE('',#5391,#5399,#5401,.T.);
#5399 = VERTEX_POINT('',#5400);
#5400 = CARTESIAN_POINT('',(0.1,-9.86,5.9));
#5401 = LINE('',#5402,#5403);
#5402 = CARTESIAN_POINT('',(-0.1,-9.86,5.9));
#5403 = VECTOR('',#5404,1.);
#5404 = DIRECTION('',(1.,4.440892098501E-16,0.));
#5405 = ORIENTED_EDGE('',*,*,#5406,.T.);
#5406 = EDGE_CURVE('',#5399,#5407,#5409,.T.);
#5407 = VERTEX_POINT('',#5408);
#5408 = CARTESIAN_POINT('',(0.1,-9.86,0.9));
#5409 = LINE('',#5410,#5411);
#5410 = CARTESIAN_POINT('',(0.1,-9.86,3.45));
#5411 = VECTOR('',#5412,1.);
#5412 = DIRECTION('',(-0.,0.,-1.));
#5413 = ORIENTED_EDGE('',*,*,#5414,.F.);
#5414 = EDGE_CURVE('',#5373,#5407,#5415,.T.);
#5415 = LINE('',#5416,#5417);
#5416 = CARTESIAN_POINT('',(0.3,-9.86,0.9));
#5417 = VECTOR('',#5418,1.);
#5418 = DIRECTION('',(-1.,-4.440892098501E-16,0.));
#5419 = PLANE('',#5420);
#5420 = AXIS2_PLACEMENT_3D('',#5421,#5422,#5423);
#5421 = CARTESIAN_POINT('',(0.3,-9.86,6.7));
#5422 = DIRECTION('',(4.440892098501E-16,-1.,0.));
#5423 = DIRECTION('',(0.,-0.,-1.));
#5424 = ADVANCED_FACE('',(#5425),#5436,.F.);
#5425 = FACE_BOUND('',#5426,.F.);
#5426 = EDGE_LOOP('',(#5427,#5428,#5434,#5435));
#5427 = ORIENTED_EDGE('',*,*,#5294,.T.);
#5428 = ORIENTED_EDGE('',*,*,#5429,.T.);
#5429 = EDGE_CURVE('',#5295,#5373,#5430,.T.);
#5430 = LINE('',#5431,#5432);
#5431 = CARTESIAN_POINT('',(0.3,-10.46,0.9));
#5432 = VECTOR('',#5433,1.);
#5433 = DIRECTION('',(-4.440892098501E-16,1.,0.));
#5434 = ORIENTED_EDGE('',*,*,#5372,.F.);
#5435 = ORIENTED_EDGE('',*,*,#4979,.F.);
#5436 = PLANE('',#5437);
#5437 = AXIS2_PLACEMENT_3D('',#5438,#5439,#5440);
#5438 = CARTESIAN_POINT('',(0.3,-10.46,6.7));
#5439 = DIRECTION('',(1.,4.440892098501E-16,0.));
#5440 = DIRECTION('',(-4.440892098501E-16,1.,0.));
#5441 = ADVANCED_FACE('',(#5442),#5499,.T.);
#5442 = FACE_BOUND('',#5443,.T.);
#5443 = EDGE_LOOP('',(#5444,#5452,#5453,#5461,#5469,#5477,#5485,#5493));
#5444 = ORIENTED_EDGE('',*,*,#5445,.F.);
#5445 = EDGE_CURVE('',#5016,#5446,#5448,.T.);
#5446 = VERTEX_POINT('',#5447);
#5447 = CARTESIAN_POINT('',(-0.3,-13.,0.9));
#5448 = LINE('',#5449,#5450);
#5449 = CARTESIAN_POINT('',(-0.3,-13.,6.7));
#5450 = VECTOR('',#5451,1.);
#5451 = DIRECTION('',(0.,0.,-1.));
#5452 = ORIENTED_EDGE('',*,*,#5015,.T.);
#5453 = ORIENTED_EDGE('',*,*,#5454,.T.);
#5454 = EDGE_CURVE('',#5018,#5455,#5457,.T.);
#5455 = VERTEX_POINT('',#5456);
#5456 = CARTESIAN_POINT('',(0.3,-13.,0.9));
#5457 = LINE('',#5458,#5459);
#5458 = CARTESIAN_POINT('',(0.3,-13.,6.7));
#5459 = VECTOR('',#5460,1.);
#5460 = DIRECTION('',(0.,0.,-1.));
#5461 = ORIENTED_EDGE('',*,*,#5462,.F.);
#5462 = EDGE_CURVE('',#5463,#5455,#5465,.T.);
#5463 = VERTEX_POINT('',#5464);
#5464 = CARTESIAN_POINT('',(0.1,-13.,0.9));
#5465 = LINE('',#5466,#5467);
#5466 = CARTESIAN_POINT('',(-0.3,-13.,0.9));
#5467 = VECTOR('',#5468,1.);
#5468 = DIRECTION('',(1.,4.440892098501E-16,0.));
#5469 = ORIENTED_EDGE('',*,*,#5470,.T.);
#5470 = EDGE_CURVE('',#5463,#5471,#5473,.T.);
#5471 = VERTEX_POINT('',#5472);
#5472 = CARTESIAN_POINT('',(0.1,-13.,5.9));
#5473 = LINE('',#5474,#5475);
#5474 = CARTESIAN_POINT('',(0.1,-13.,3.45));
#5475 = VECTOR('',#5476,1.);
#5476 = DIRECTION('',(0.,0.,1.));
#5477 = ORIENTED_EDGE('',*,*,#5478,.F.);
#5478 = EDGE_CURVE('',#5479,#5471,#5481,.T.);
#5479 = VERTEX_POINT('',#5480);
#5480 = CARTESIAN_POINT('',(-0.1,-13.,5.9));
#5481 = LINE('',#5482,#5483);
#5482 = CARTESIAN_POINT('',(-0.1,-13.,5.9));
#5483 = VECTOR('',#5484,1.);
#5484 = DIRECTION('',(1.,4.440892098501E-16,0.));
#5485 = ORIENTED_EDGE('',*,*,#5486,.T.);
#5486 = EDGE_CURVE('',#5479,#5487,#5489,.T.);
#5487 = VERTEX_POINT('',#5488);
#5488 = CARTESIAN_POINT('',(-0.1,-13.,0.9));
#5489 = LINE('',#5490,#5491);
#5490 = CARTESIAN_POINT('',(-0.1,-13.,3.45));
#5491 = VECTOR('',#5492,1.);
#5492 = DIRECTION('',(-0.,0.,-1.));
#5493 = ORIENTED_EDGE('',*,*,#5494,.F.);
#5494 = EDGE_CURVE('',#5446,#5487,#5495,.T.);
#5495 = LINE('',#5496,#5497);
#5496 = CARTESIAN_POINT('',(-0.3,-13.,0.9));
#5497 = VECTOR('',#5498,1.);
#5498 = DIRECTION('',(1.,4.440892098501E-16,0.));
#5499 = PLANE('',#5500);
#5500 = AXIS2_PLACEMENT_3D('',#5501,#5502,#5503);
#5501 = CARTESIAN_POINT('',(-0.3,-13.,6.7));
#5502 = DIRECTION('',(-4.440892098501E-16,1.,0.));
#5503 = DIRECTION('',(0.,0.,1.));
#5504 = ADVANCED_FACE('',(#5505),#5523,.F.);
#5505 = FACE_BOUND('',#5506,.F.);
#5506 = EDGE_LOOP('',(#5507,#5515,#5521,#5522));
#5507 = ORIENTED_EDGE('',*,*,#5508,.T.);
#5508 = EDGE_CURVE('',#5034,#5509,#5511,.T.);
#5509 = VERTEX_POINT('',#5510);
#5510 = CARTESIAN_POINT('',(-0.3,-12.4,0.9));
#5511 = LINE('',#5512,#5513);
#5512 = CARTESIAN_POINT('',(-0.3,-12.4,6.7));
#5513 = VECTOR('',#5514,1.);
#5514 = DIRECTION('',(0.,0.,-1.));
#5515 = ORIENTED_EDGE('',*,*,#5516,.T.);
#5516 = EDGE_CURVE('',#5509,#5446,#5517,.T.);
#5517 = LINE('',#5518,#5519);
#5518 = CARTESIAN_POINT('',(-0.3,-12.4,0.9));
#5519 = VECTOR('',#5520,1.);
#5520 = DIRECTION('',(4.440892098501E-16,-1.,0.));
#5521 = ORIENTED_EDGE('',*,*,#5445,.F.);
#5522 = ORIENTED_EDGE('',*,*,#5041,.F.);
#5523 = PLANE('',#5524);
#5524 = AXIS2_PLACEMENT_3D('',#5525,#5526,#5527);
#5525 = CARTESIAN_POINT('',(-0.3,-12.4,6.7));
#5526 = DIRECTION('',(-1.,-4.440892098501E-16,0.));
#5527 = DIRECTION('',(4.440892098501E-16,-1.,0.));
#5528 = ADVANCED_FACE('',(#5529),#5579,.T.);
#5529 = FACE_BOUND('',#5530,.T.);
#5530 = EDGE_LOOP('',(#5531,#5539,#5540,#5541,#5549,#5557,#5565,#5573));
#5531 = ORIENTED_EDGE('',*,*,#5532,.F.);
#5532 = EDGE_CURVE('',#5026,#5533,#5535,.T.);
#5533 = VERTEX_POINT('',#5534);
#5534 = CARTESIAN_POINT('',(0.3,-12.4,0.9));
#5535 = LINE('',#5536,#5537);
#5536 = CARTESIAN_POINT('',(0.3,-12.4,6.7));
#5537 = VECTOR('',#5538,1.);
#5538 = DIRECTION('',(0.,0.,-1.));
#5539 = ORIENTED_EDGE('',*,*,#5033,.T.);
#5540 = ORIENTED_EDGE('',*,*,#5508,.T.);
#5541 = ORIENTED_EDGE('',*,*,#5542,.F.);
#5542 = EDGE_CURVE('',#5543,#5509,#5545,.T.);
#5543 = VERTEX_POINT('',#5544);
#5544 = CARTESIAN_POINT('',(-0.1,-12.4,0.9));
#5545 = LINE('',#5546,#5547);
#5546 = CARTESIAN_POINT('',(0.3,-12.4,0.9));
#5547 = VECTOR('',#5548,1.);
#5548 = DIRECTION('',(-1.,-4.440892098501E-16,0.));
#5549 = ORIENTED_EDGE('',*,*,#5550,.T.);
#5550 = EDGE_CURVE('',#5543,#5551,#5553,.T.);
#5551 = VERTEX_POINT('',#5552);
#5552 = CARTESIAN_POINT('',(-0.1,-12.4,5.9));
#5553 = LINE('',#5554,#5555);
#5554 = CARTESIAN_POINT('',(-0.1,-12.4,3.45));
#5555 = VECTOR('',#5556,1.);
#5556 = DIRECTION('',(0.,0.,1.));
#5557 = ORIENTED_EDGE('',*,*,#5558,.T.);
#5558 = EDGE_CURVE('',#5551,#5559,#5561,.T.);
#5559 = VERTEX_POINT('',#5560);
#5560 = CARTESIAN_POINT('',(0.1,-12.4,5.9));
#5561 = LINE('',#5562,#5563);
#5562 = CARTESIAN_POINT('',(-0.1,-12.4,5.9));
#5563 = VECTOR('',#5564,1.);
#5564 = DIRECTION('',(1.,4.440892098501E-16,0.));
#5565 = ORIENTED_EDGE('',*,*,#5566,.T.);
#5566 = EDGE_CURVE('',#5559,#5567,#5569,.T.);
#5567 = VERTEX_POINT('',#5568);
#5568 = CARTESIAN_POINT('',(0.1,-12.4,0.9));
#5569 = LINE('',#5570,#5571);
#5570 = CARTESIAN_POINT('',(0.1,-12.4,3.45));
#5571 = VECTOR('',#5572,1.);
#5572 = DIRECTION('',(-0.,0.,-1.));
#5573 = ORIENTED_EDGE('',*,*,#5574,.F.);
#5574 = EDGE_CURVE('',#5533,#5567,#5575,.T.);
#5575 = LINE('',#5576,#5577);
#5576 = CARTESIAN_POINT('',(0.3,-12.4,0.9));
#5577 = VECTOR('',#5578,1.);
#5578 = DIRECTION('',(-1.,-4.440892098501E-16,0.));
#5579 = PLANE('',#5580);
#5580 = AXIS2_PLACEMENT_3D('',#5581,#5582,#5583);
#5581 = CARTESIAN_POINT('',(0.3,-12.4,6.7));
#5582 = DIRECTION('',(4.440892098501E-16,-1.,0.));
#5583 = DIRECTION('',(0.,-0.,-1.));
#5584 = ADVANCED_FACE('',(#5585),#5596,.F.);
#5585 = FACE_BOUND('',#5586,.F.);
#5586 = EDGE_LOOP('',(#5587,#5588,#5594,#5595));
#5587 = ORIENTED_EDGE('',*,*,#5454,.T.);
#5588 = ORIENTED_EDGE('',*,*,#5589,.T.);
#5589 = EDGE_CURVE('',#5455,#5533,#5590,.T.);
#5590 = LINE('',#5591,#5592);
#5591 = CARTESIAN_POINT('',(0.3,-13.,0.9));
#5592 = VECTOR('',#5593,1.);
#5593 = DIRECTION('',(-4.440892098501E-16,1.,0.));
#5594 = ORIENTED_EDGE('',*,*,#5532,.F.);
#5595 = ORIENTED_EDGE('',*,*,#5025,.F.);
#5596 = PLANE('',#5597);
#5597 = AXIS2_PLACEMENT_3D('',#5598,#5599,#5600);
#5598 = CARTESIAN_POINT('',(0.3,-13.,6.7));
#5599 = DIRECTION('',(1.,4.440892098501E-16,0.));
#5600 = DIRECTION('',(-4.440892098501E-16,1.,0.));
#5601 = ADVANCED_FACE('',(#5602),#5659,.T.);
#5602 = FACE_BOUND('',#5603,.T.);
#5603 = EDGE_LOOP('',(#5604,#5612,#5613,#5621,#5629,#5637,#5645,#5653));
#5604 = ORIENTED_EDGE('',*,*,#5605,.F.);
#5605 = EDGE_CURVE('',#5062,#5606,#5608,.T.);
#5606 = VERTEX_POINT('',#5607);
#5607 = CARTESIAN_POINT('',(-0.3,-15.54,0.9));
#5608 = LINE('',#5609,#5610);
#5609 = CARTESIAN_POINT('',(-0.3,-15.54,6.7));
#5610 = VECTOR('',#5611,1.);
#5611 = DIRECTION('',(0.,0.,-1.));
#5612 = ORIENTED_EDGE('',*,*,#5061,.T.);
#5613 = ORIENTED_EDGE('',*,*,#5614,.T.);
#5614 = EDGE_CURVE('',#5064,#5615,#5617,.T.);
#5615 = VERTEX_POINT('',#5616);
#5616 = CARTESIAN_POINT('',(0.3,-15.54,0.9));
#5617 = LINE('',#5618,#5619);
#5618 = CARTESIAN_POINT('',(0.3,-15.54,6.7));
#5619 = VECTOR('',#5620,1.);
#5620 = DIRECTION('',(0.,0.,-1.));
#5621 = ORIENTED_EDGE('',*,*,#5622,.F.);
#5622 = EDGE_CURVE('',#5623,#5615,#5625,.T.);
#5623 = VERTEX_POINT('',#5624);
#5624 = CARTESIAN_POINT('',(0.1,-15.54,0.9));
#5625 = LINE('',#5626,#5627);
#5626 = CARTESIAN_POINT('',(-0.3,-15.54,0.9));
#5627 = VECTOR('',#5628,1.);
#5628 = DIRECTION('',(1.,4.440892098501E-16,0.));
#5629 = ORIENTED_EDGE('',*,*,#5630,.T.);
#5630 = EDGE_CURVE('',#5623,#5631,#5633,.T.);
#5631 = VERTEX_POINT('',#5632);
#5632 = CARTESIAN_POINT('',(0.1,-15.54,5.9));
#5633 = LINE('',#5634,#5635);
#5634 = CARTESIAN_POINT('',(0.1,-15.54,3.45));
#5635 = VECTOR('',#5636,1.);
#5636 = DIRECTION('',(0.,0.,1.));
#5637 = ORIENTED_EDGE('',*,*,#5638,.F.);
#5638 = EDGE_CURVE('',#5639,#5631,#5641,.T.);
#5639 = VERTEX_POINT('',#5640);
#5640 = CARTESIAN_POINT('',(-0.1,-15.54,5.9));
#5641 = LINE('',#5642,#5643);
#5642 = CARTESIAN_POINT('',(-0.1,-15.54,5.9));
#5643 = VECTOR('',#5644,1.);
#5644 = DIRECTION('',(1.,4.440892098501E-16,0.));
#5645 = ORIENTED_EDGE('',*,*,#5646,.T.);
#5646 = EDGE_CURVE('',#5639,#5647,#5649,.T.);
#5647 = VERTEX_POINT('',#5648);
#5648 = CARTESIAN_POINT('',(-0.1,-15.54,0.9));
#5649 = LINE('',#5650,#5651);
#5650 = CARTESIAN_POINT('',(-0.1,-15.54,3.45));
#5651 = VECTOR('',#5652,1.);
#5652 = DIRECTION('',(-0.,0.,-1.));
#5653 = ORIENTED_EDGE('',*,*,#5654,.F.);
#5654 = EDGE_CURVE('',#5606,#5647,#5655,.T.);
#5655 = LINE('',#5656,#5657);
#5656 = CARTESIAN_POINT('',(-0.3,-15.54,0.9));
#5657 = VECTOR('',#5658,1.);
#5658 = DIRECTION('',(1.,4.440892098501E-16,0.));
#5659 = PLANE('',#5660);
#5660 = AXIS2_PLACEMENT_3D('',#5661,#5662,#5663);
#5661 = CARTESIAN_POINT('',(-0.3,-15.54,6.7));
#5662 = DIRECTION('',(-4.440892098501E-16,1.,0.));
#5663 = DIRECTION('',(0.,0.,1.));
#5664 = ADVANCED_FACE('',(#5665),#5683,.F.);
#5665 = FACE_BOUND('',#5666,.F.);
#5666 = EDGE_LOOP('',(#5667,#5675,#5681,#5682));
#5667 = ORIENTED_EDGE('',*,*,#5668,.T.);
#5668 = EDGE_CURVE('',#5080,#5669,#5671,.T.);
#5669 = VERTEX_POINT('',#5670);
#5670 = CARTESIAN_POINT('',(-0.3,-14.94,0.9));
#5671 = LINE('',#5672,#5673);
#5672 = CARTESIAN_POINT('',(-0.3,-14.94,6.7));
#5673 = VECTOR('',#5674,1.);
#5674 = DIRECTION('',(0.,0.,-1.));
#5675 = ORIENTED_EDGE('',*,*,#5676,.T.);
#5676 = EDGE_CURVE('',#5669,#5606,#5677,.T.);
#5677 = LINE('',#5678,#5679);
#5678 = CARTESIAN_POINT('',(-0.3,-14.94,0.9));
#5679 = VECTOR('',#5680,1.);
#5680 = DIRECTION('',(4.440892098501E-16,-1.,0.));
#5681 = ORIENTED_EDGE('',*,*,#5605,.F.);
#5682 = ORIENTED_EDGE('',*,*,#5087,.F.);
#5683 = PLANE('',#5684);
#5684 = AXIS2_PLACEMENT_3D('',#5685,#5686,#5687);
#5685 = CARTESIAN_POINT('',(-0.3,-14.94,6.7));
#5686 = DIRECTION('',(-1.,-4.440892098501E-16,0.));
#5687 = DIRECTION('',(4.440892098501E-16,-1.,0.));
#5688 = ADVANCED_FACE('',(#5689),#5739,.T.);
#5689 = FACE_BOUND('',#5690,.T.);
#5690 = EDGE_LOOP('',(#5691,#5699,#5700,#5701,#5709,#5717,#5725,#5733));
#5691 = ORIENTED_EDGE('',*,*,#5692,.F.);
#5692 = EDGE_CURVE('',#5072,#5693,#5695,.T.);
#5693 = VERTEX_POINT('',#5694);
#5694 = CARTESIAN_POINT('',(0.3,-14.94,0.9));
#5695 = LINE('',#5696,#5697);
#5696 = CARTESIAN_POINT('',(0.3,-14.94,6.7));
#5697 = VECTOR('',#5698,1.);
#5698 = DIRECTION('',(0.,0.,-1.));
#5699 = ORIENTED_EDGE('',*,*,#5079,.T.);
#5700 = ORIENTED_EDGE('',*,*,#5668,.T.);
#5701 = ORIENTED_EDGE('',*,*,#5702,.F.);
#5702 = EDGE_CURVE('',#5703,#5669,#5705,.T.);
#5703 = VERTEX_POINT('',#5704);
#5704 = CARTESIAN_POINT('',(-0.1,-14.94,0.9));
#5705 = LINE('',#5706,#5707);
#5706 = CARTESIAN_POINT('',(0.3,-14.94,0.9));
#5707 = VECTOR('',#5708,1.);
#5708 = DIRECTION('',(-1.,-4.440892098501E-16,0.));
#5709 = ORIENTED_EDGE('',*,*,#5710,.T.);
#5710 = EDGE_CURVE('',#5703,#5711,#5713,.T.);
#5711 = VERTEX_POINT('',#5712);
#5712 = CARTESIAN_POINT('',(-0.1,-14.94,5.9));
#5713 = LINE('',#5714,#5715);
#5714 = CARTESIAN_POINT('',(-0.1,-14.94,3.45));
#5715 = VECTOR('',#5716,1.);
#5716 = DIRECTION('',(0.,0.,1.));
#5717 = ORIENTED_EDGE('',*,*,#5718,.T.);
#5718 = EDGE_CURVE('',#5711,#5719,#5721,.T.);
#5719 = VERTEX_POINT('',#5720);
#5720 = CARTESIAN_POINT('',(0.1,-14.94,5.9));
#5721 = LINE('',#5722,#5723);
#5722 = CARTESIAN_POINT('',(-0.1,-14.94,5.9));
#5723 = VECTOR('',#5724,1.);
#5724 = DIRECTION('',(1.,4.440892098501E-16,0.));
#5725 = ORIENTED_EDGE('',*,*,#5726,.T.);
#5726 = EDGE_CURVE('',#5719,#5727,#5729,.T.);
#5727 = VERTEX_POINT('',#5728);
#5728 = CARTESIAN_POINT('',(0.1,-14.94,0.9));
#5729 = LINE('',#5730,#5731);
#5730 = CARTESIAN_POINT('',(0.1,-14.94,3.45));
#5731 = VECTOR('',#5732,1.);
#5732 = DIRECTION('',(-0.,0.,-1.));
#5733 = ORIENTED_EDGE('',*,*,#5734,.F.);
#5734 = EDGE_CURVE('',#5693,#5727,#5735,.T.);
#5735 = LINE('',#5736,#5737);
#5736 = CARTESIAN_POINT('',(0.3,-14.94,0.9));
#5737 = VECTOR('',#5738,1.);
#5738 = DIRECTION('',(-1.,-4.440892098501E-16,0.));
#5739 = PLANE('',#5740);
#5740 = AXIS2_PLACEMENT_3D('',#5741,#5742,#5743);
#5741 = CARTESIAN_POINT('',(0.3,-14.94,6.7));
#5742 = DIRECTION('',(4.440892098501E-16,-1.,0.));
#5743 = DIRECTION('',(0.,-0.,-1.));
#5744 = ADVANCED_FACE('',(#5745),#5756,.F.);
#5745 = FACE_BOUND('',#5746,.F.);
#5746 = EDGE_LOOP('',(#5747,#5748,#5754,#5755));
#5747 = ORIENTED_EDGE('',*,*,#5614,.T.);
#5748 = ORIENTED_EDGE('',*,*,#5749,.T.);
#5749 = EDGE_CURVE('',#5615,#5693,#5750,.T.);
#5750 = LINE('',#5751,#5752);
#5751 = CARTESIAN_POINT('',(0.3,-15.54,0.9));
#5752 = VECTOR('',#5753,1.);
#5753 = DIRECTION('',(-4.440892098501E-16,1.,0.));
#5754 = ORIENTED_EDGE('',*,*,#5692,.F.);
#5755 = ORIENTED_EDGE('',*,*,#5071,.F.);
#5756 = PLANE('',#5757);
#5757 = AXIS2_PLACEMENT_3D('',#5758,#5759,#5760);
#5758 = CARTESIAN_POINT('',(0.3,-15.54,6.7));
#5759 = DIRECTION('',(1.,4.440892098501E-16,0.));
#5760 = DIRECTION('',(-4.440892098501E-16,1.,0.));
#5761 = ADVANCED_FACE('',(#5762),#5819,.T.);
#5762 = FACE_BOUND('',#5763,.T.);
#5763 = EDGE_LOOP('',(#5764,#5772,#5773,#5781,#5789,#5797,#5805,#5813));
#5764 = ORIENTED_EDGE('',*,*,#5765,.F.);
#5765 = EDGE_CURVE('',#5108,#5766,#5768,.T.);
#5766 = VERTEX_POINT('',#5767);
#5767 = CARTESIAN_POINT('',(-0.3,-5.38,0.9));
#5768 = LINE('',#5769,#5770);
#5769 = CARTESIAN_POINT('',(-0.3,-5.38,6.7));
#5770 = VECTOR('',#5771,1.);
#5771 = DIRECTION('',(0.,0.,-1.));
#5772 = ORIENTED_EDGE('',*,*,#5107,.T.);
#5773 = ORIENTED_EDGE('',*,*,#5774,.T.);
#5774 = EDGE_CURVE('',#5110,#5775,#5777,.T.);
#5775 = VERTEX_POINT('',#5776);
#5776 = CARTESIAN_POINT('',(0.3,-5.38,0.9));
#5777 = LINE('',#5778,#5779);
#5778 = CARTESIAN_POINT('',(0.3,-5.38,6.7));
#5779 = VECTOR('',#5780,1.);
#5780 = DIRECTION('',(0.,0.,-1.));
#5781 = ORIENTED_EDGE('',*,*,#5782,.F.);
#5782 = EDGE_CURVE('',#5783,#5775,#5785,.T.);
#5783 = VERTEX_POINT('',#5784);
#5784 = CARTESIAN_POINT('',(0.1,-5.38,0.9));
#5785 = LINE('',#5786,#5787);
#5786 = CARTESIAN_POINT('',(-0.3,-5.38,0.9));
#5787 = VECTOR('',#5788,1.);
#5788 = DIRECTION('',(1.,4.440892098501E-16,0.));
#5789 = ORIENTED_EDGE('',*,*,#5790,.T.);
#5790 = EDGE_CURVE('',#5783,#5791,#5793,.T.);
#5791 = VERTEX_POINT('',#5792);
#5792 = CARTESIAN_POINT('',(0.1,-5.38,5.9));
#5793 = LINE('',#5794,#5795);
#5794 = CARTESIAN_POINT('',(0.1,-5.38,3.45));
#5795 = VECTOR('',#5796,1.);
#5796 = DIRECTION('',(0.,0.,1.));
#5797 = ORIENTED_EDGE('',*,*,#5798,.F.);
#5798 = EDGE_CURVE('',#5799,#5791,#5801,.T.);
#5799 = VERTEX_POINT('',#5800);
#5800 = CARTESIAN_POINT('',(-0.1,-5.38,5.9));
#5801 = LINE('',#5802,#5803);
#5802 = CARTESIAN_POINT('',(-0.1,-5.38,5.9));
#5803 = VECTOR('',#5804,1.);
#5804 = DIRECTION('',(1.,4.440892098501E-16,0.));
#5805 = ORIENTED_EDGE('',*,*,#5806,.T.);
#5806 = EDGE_CURVE('',#5799,#5807,#5809,.T.);
#5807 = VERTEX_POINT('',#5808);
#5808 = CARTESIAN_POINT('',(-0.1,-5.38,0.9));
#5809 = LINE('',#5810,#5811);
#5810 = CARTESIAN_POINT('',(-0.1,-5.38,3.45));
#5811 = VECTOR('',#5812,1.);
#5812 = DIRECTION('',(-0.,0.,-1.));
#5813 = ORIENTED_EDGE('',*,*,#5814,.F.);
#5814 = EDGE_CURVE('',#5766,#5807,#5815,.T.);
#5815 = LINE('',#5816,#5817);
#5816 = CARTESIAN_POINT('',(-0.3,-5.38,0.9));
#5817 = VECTOR('',#5818,1.);
#5818 = DIRECTION('',(1.,4.440892098501E-16,0.));
#5819 = PLANE('',#5820);
#5820 = AXIS2_PLACEMENT_3D('',#5821,#5822,#5823);
#5821 = CARTESIAN_POINT('',(-0.3,-5.38,6.7));
#5822 = DIRECTION('',(-4.440892098501E-16,1.,0.));
#5823 = DIRECTION('',(0.,0.,1.));
#5824 = ADVANCED_FACE('',(#5825),#5843,.F.);
#5825 = FACE_BOUND('',#5826,.F.);
#5826 = EDGE_LOOP('',(#5827,#5835,#5841,#5842));
#5827 = ORIENTED_EDGE('',*,*,#5828,.T.);
#5828 = EDGE_CURVE('',#5126,#5829,#5831,.T.);
#5829 = VERTEX_POINT('',#5830);
#5830 = CARTESIAN_POINT('',(-0.3,-4.78,0.9));
#5831 = LINE('',#5832,#5833);
#5832 = CARTESIAN_POINT('',(-0.3,-4.78,6.7));
#5833 = VECTOR('',#5834,1.);
#5834 = DIRECTION('',(0.,0.,-1.));
#5835 = ORIENTED_EDGE('',*,*,#5836,.T.);
#5836 = EDGE_CURVE('',#5829,#5766,#5837,.T.);
#5837 = LINE('',#5838,#5839);
#5838 = CARTESIAN_POINT('',(-0.3,-4.78,0.9));
#5839 = VECTOR('',#5840,1.);
#5840 = DIRECTION('',(4.440892098501E-16,-1.,0.));
#5841 = ORIENTED_EDGE('',*,*,#5765,.F.);
#5842 = ORIENTED_EDGE('',*,*,#5133,.F.);
#5843 = PLANE('',#5844);
#5844 = AXIS2_PLACEMENT_3D('',#5845,#5846,#5847);
#5845 = CARTESIAN_POINT('',(-0.3,-4.78,6.7));
#5846 = DIRECTION('',(-1.,-4.440892098501E-16,0.));
#5847 = DIRECTION('',(4.440892098501E-16,-1.,0.));
#5848 = ADVANCED_FACE('',(#5849),#5899,.T.);
#5849 = FACE_BOUND('',#5850,.T.);
#5850 = EDGE_LOOP('',(#5851,#5859,#5860,#5861,#5869,#5877,#5885,#5893));
#5851 = ORIENTED_EDGE('',*,*,#5852,.F.);
#5852 = EDGE_CURVE('',#5118,#5853,#5855,.T.);
#5853 = VERTEX_POINT('',#5854);
#5854 = CARTESIAN_POINT('',(0.3,-4.78,0.9));
#5855 = LINE('',#5856,#5857);
#5856 = CARTESIAN_POINT('',(0.3,-4.78,6.7));
#5857 = VECTOR('',#5858,1.);
#5858 = DIRECTION('',(0.,0.,-1.));
#5859 = ORIENTED_EDGE('',*,*,#5125,.T.);
#5860 = ORIENTED_EDGE('',*,*,#5828,.T.);
#5861 = ORIENTED_EDGE('',*,*,#5862,.F.);
#5862 = EDGE_CURVE('',#5863,#5829,#5865,.T.);
#5863 = VERTEX_POINT('',#5864);
#5864 = CARTESIAN_POINT('',(-0.1,-4.78,0.9));
#5865 = LINE('',#5866,#5867);
#5866 = CARTESIAN_POINT('',(0.3,-4.78,0.9));
#5867 = VECTOR('',#5868,1.);
#5868 = DIRECTION('',(-1.,-4.440892098501E-16,0.));
#5869 = ORIENTED_EDGE('',*,*,#5870,.T.);
#5870 = EDGE_CURVE('',#5863,#5871,#5873,.T.);
#5871 = VERTEX_POINT('',#5872);
#5872 = CARTESIAN_POINT('',(-0.1,-4.78,5.9));
#5873 = LINE('',#5874,#5875);
#5874 = CARTESIAN_POINT('',(-0.1,-4.78,3.45));
#5875 = VECTOR('',#5876,1.);
#5876 = DIRECTION('',(0.,0.,1.));
#5877 = ORIENTED_EDGE('',*,*,#5878,.T.);
#5878 = EDGE_CURVE('',#5871,#5879,#5881,.T.);
#5879 = VERTEX_POINT('',#5880);
#5880 = CARTESIAN_POINT('',(0.1,-4.78,5.9));
#5881 = LINE('',#5882,#5883);
#5882 = CARTESIAN_POINT('',(-0.1,-4.78,5.9));
#5883 = VECTOR('',#5884,1.);
#5884 = DIRECTION('',(1.,4.440892098501E-16,0.));
#5885 = ORIENTED_EDGE('',*,*,#5886,.T.);
#5886 = EDGE_CURVE('',#5879,#5887,#5889,.T.);
#5887 = VERTEX_POINT('',#5888);
#5888 = CARTESIAN_POINT('',(0.1,-4.78,0.9));
#5889 = LINE('',#5890,#5891);
#5890 = CARTESIAN_POINT('',(0.1,-4.78,3.45));
#5891 = VECTOR('',#5892,1.);
#5892 = DIRECTION('',(-0.,0.,-1.));
#5893 = ORIENTED_EDGE('',*,*,#5894,.F.);
#5894 = EDGE_CURVE('',#5853,#5887,#5895,.T.);
#5895 = LINE('',#5896,#5897);
#5896 = CARTESIAN_POINT('',(0.3,-4.78,0.9));
#5897 = VECTOR('',#5898,1.);
#5898 = DIRECTION('',(-1.,-4.440892098501E-16,0.));
#5899 = PLANE('',#5900);
#5900 = AXIS2_PLACEMENT_3D('',#5901,#5902,#5903);
#5901 = CARTESIAN_POINT('',(0.3,-4.78,6.7));
#5902 = DIRECTION('',(4.440892098501E-16,-1.,0.));
#5903 = DIRECTION('',(0.,-0.,-1.));
#5904 = ADVANCED_FACE('',(#5905),#5916,.F.);
#5905 = FACE_BOUND('',#5906,.F.);
#5906 = EDGE_LOOP('',(#5907,#5908,#5914,#5915));
#5907 = ORIENTED_EDGE('',*,*,#5774,.T.);
#5908 = ORIENTED_EDGE('',*,*,#5909,.T.);
#5909 = EDGE_CURVE('',#5775,#5853,#5910,.T.);
#5910 = LINE('',#5911,#5912);
#5911 = CARTESIAN_POINT('',(0.3,-5.38,0.9));
#5912 = VECTOR('',#5913,1.);
#5913 = DIRECTION('',(-4.440892098501E-16,1.,0.));
#5914 = ORIENTED_EDGE('',*,*,#5852,.F.);
#5915 = ORIENTED_EDGE('',*,*,#5117,.F.);
#5916 = PLANE('',#5917);
#5917 = AXIS2_PLACEMENT_3D('',#5918,#5919,#5920);
#5918 = CARTESIAN_POINT('',(0.3,-5.38,6.7));
#5919 = DIRECTION('',(1.,4.440892098501E-16,0.));
#5920 = DIRECTION('',(-4.440892098501E-16,1.,0.));
#5921 = ADVANCED_FACE('',(#5922),#5979,.T.);
#5922 = FACE_BOUND('',#5923,.T.);
#5923 = EDGE_LOOP('',(#5924,#5932,#5933,#5941,#5949,#5957,#5965,#5973));
#5924 = ORIENTED_EDGE('',*,*,#5925,.F.);
#5925 = EDGE_CURVE('',#5154,#5926,#5928,.T.);
#5926 = VERTEX_POINT('',#5927);
#5927 = CARTESIAN_POINT('',(-0.3,-7.92,0.9));
#5928 = LINE('',#5929,#5930);
#5929 = CARTESIAN_POINT('',(-0.3,-7.92,6.7));
#5930 = VECTOR('',#5931,1.);
#5931 = DIRECTION('',(0.,0.,-1.));
#5932 = ORIENTED_EDGE('',*,*,#5153,.T.);
#5933 = ORIENTED_EDGE('',*,*,#5934,.T.);
#5934 = EDGE_CURVE('',#5156,#5935,#5937,.T.);
#5935 = VERTEX_POINT('',#5936);
#5936 = CARTESIAN_POINT('',(0.3,-7.92,0.9));
#5937 = LINE('',#5938,#5939);
#5938 = CARTESIAN_POINT('',(0.3,-7.92,6.7));
#5939 = VECTOR('',#5940,1.);
#5940 = DIRECTION('',(0.,0.,-1.));
#5941 = ORIENTED_EDGE('',*,*,#5942,.F.);
#5942 = EDGE_CURVE('',#5943,#5935,#5945,.T.);
#5943 = VERTEX_POINT('',#5944);
#5944 = CARTESIAN_POINT('',(0.1,-7.92,0.9));
#5945 = LINE('',#5946,#5947);
#5946 = CARTESIAN_POINT('',(-0.3,-7.92,0.9));
#5947 = VECTOR('',#5948,1.);
#5948 = DIRECTION('',(1.,4.440892098501E-16,0.));
#5949 = ORIENTED_EDGE('',*,*,#5950,.T.);
#5950 = EDGE_CURVE('',#5943,#5951,#5953,.T.);
#5951 = VERTEX_POINT('',#5952);
#5952 = CARTESIAN_POINT('',(0.1,-7.92,5.9));
#5953 = LINE('',#5954,#5955);
#5954 = CARTESIAN_POINT('',(0.1,-7.92,3.45));
#5955 = VECTOR('',#5956,1.);
#5956 = DIRECTION('',(0.,0.,1.));
#5957 = ORIENTED_EDGE('',*,*,#5958,.F.);
#5958 = EDGE_CURVE('',#5959,#5951,#5961,.T.);
#5959 = VERTEX_POINT('',#5960);
#5960 = CARTESIAN_POINT('',(-0.1,-7.92,5.9));
#5961 = LINE('',#5962,#5963);
#5962 = CARTESIAN_POINT('',(-0.1,-7.92,5.9));
#5963 = VECTOR('',#5964,1.);
#5964 = DIRECTION('',(1.,4.440892098501E-16,0.));
#5965 = ORIENTED_EDGE('',*,*,#5966,.T.);
#5966 = EDGE_CURVE('',#5959,#5967,#5969,.T.);
#5967 = VERTEX_POINT('',#5968);
#5968 = CARTESIAN_POINT('',(-0.1,-7.92,0.9));
#5969 = LINE('',#5970,#5971);
#5970 = CARTESIAN_POINT('',(-0.1,-7.92,3.45));
#5971 = VECTOR('',#5972,1.);
#5972 = DIRECTION('',(-0.,0.,-1.));
#5973 = ORIENTED_EDGE('',*,*,#5974,.F.);
#5974 = EDGE_CURVE('',#5926,#5967,#5975,.T.);
#5975 = LINE('',#5976,#5977);
#5976 = CARTESIAN_POINT('',(-0.3,-7.92,0.9));
#5977 = VECTOR('',#5978,1.);
#5978 = DIRECTION('',(1.,4.440892098501E-16,0.));
#5979 = PLANE('',#5980);
#5980 = AXIS2_PLACEMENT_3D('',#5981,#5982,#5983);
#5981 = CARTESIAN_POINT('',(-0.3,-7.92,6.7));
#5982 = DIRECTION('',(-4.440892098501E-16,1.,0.));
#5983 = DIRECTION('',(0.,0.,1.));
#5984 = ADVANCED_FACE('',(#5985),#6003,.F.);
#5985 = FACE_BOUND('',#5986,.F.);
#5986 = EDGE_LOOP('',(#5987,#5995,#6001,#6002));
#5987 = ORIENTED_EDGE('',*,*,#5988,.T.);
#5988 = EDGE_CURVE('',#5172,#5989,#5991,.T.);
#5989 = VERTEX_POINT('',#5990);
#5990 = CARTESIAN_POINT('',(-0.3,-7.32,0.9));
#5991 = LINE('',#5992,#5993);
#5992 = CARTESIAN_POINT('',(-0.3,-7.32,6.7));
#5993 = VECTOR('',#5994,1.);
#5994 = DIRECTION('',(0.,0.,-1.));
#5995 = ORIENTED_EDGE('',*,*,#5996,.T.);
#5996 = EDGE_CURVE('',#5989,#5926,#5997,.T.);
#5997 = LINE('',#5998,#5999);
#5998 = CARTESIAN_POINT('',(-0.3,-7.32,0.9));
#5999 = VECTOR('',#6000,1.);
#6000 = DIRECTION('',(4.440892098501E-16,-1.,0.));
#6001 = ORIENTED_EDGE('',*,*,#5925,.F.);
#6002 = ORIENTED_EDGE('',*,*,#5179,.F.);
#6003 = PLANE('',#6004);
#6004 = AXIS2_PLACEMENT_3D('',#6005,#6006,#6007);
#6005 = CARTESIAN_POINT('',(-0.3,-7.32,6.7));
#6006 = DIRECTION('',(-1.,-4.440892098501E-16,0.));
#6007 = DIRECTION('',(4.440892098501E-16,-1.,0.));
#6008 = ADVANCED_FACE('',(#6009),#6059,.T.);
#6009 = FACE_BOUND('',#6010,.T.);
#6010 = EDGE_LOOP('',(#6011,#6019,#6020,#6021,#6029,#6037,#6045,#6053));
#6011 = ORIENTED_EDGE('',*,*,#6012,.F.);
#6012 = EDGE_CURVE('',#5164,#6013,#6015,.T.);
#6013 = VERTEX_POINT('',#6014);
#6014 = CARTESIAN_POINT('',(0.3,-7.32,0.9));
#6015 = LINE('',#6016,#6017);
#6016 = CARTESIAN_POINT('',(0.3,-7.32,6.7));
#6017 = VECTOR('',#6018,1.);
#6018 = DIRECTION('',(0.,0.,-1.));
#6019 = ORIENTED_EDGE('',*,*,#5171,.T.);
#6020 = ORIENTED_EDGE('',*,*,#5988,.T.);
#6021 = ORIENTED_EDGE('',*,*,#6022,.F.);
#6022 = EDGE_CURVE('',#6023,#5989,#6025,.T.);
#6023 = VERTEX_POINT('',#6024);
#6024 = CARTESIAN_POINT('',(-0.1,-7.32,0.9));
#6025 = LINE('',#6026,#6027);
#6026 = CARTESIAN_POINT('',(0.3,-7.32,0.9));
#6027 = VECTOR('',#6028,1.);
#6028 = DIRECTION('',(-1.,-4.440892098501E-16,0.));
#6029 = ORIENTED_EDGE('',*,*,#6030,.T.);
#6030 = EDGE_CURVE('',#6023,#6031,#6033,.T.);
#6031 = VERTEX_POINT('',#6032);
#6032 = CARTESIAN_POINT('',(-0.1,-7.32,5.9));
#6033 = LINE('',#6034,#6035);
#6034 = CARTESIAN_POINT('',(-0.1,-7.32,3.45));
#6035 = VECTOR('',#6036,1.);
#6036 = DIRECTION('',(0.,0.,1.));
#6037 = ORIENTED_EDGE('',*,*,#6038,.T.);
#6038 = EDGE_CURVE('',#6031,#6039,#6041,.T.);
#6039 = VERTEX_POINT('',#6040);
#6040 = CARTESIAN_POINT('',(0.1,-7.32,5.9));
#6041 = LINE('',#6042,#6043);
#6042 = CARTESIAN_POINT('',(-0.1,-7.32,5.9));
#6043 = VECTOR('',#6044,1.);
#6044 = DIRECTION('',(1.,4.440892098501E-16,0.));
#6045 = ORIENTED_EDGE('',*,*,#6046,.T.);
#6046 = EDGE_CURVE('',#6039,#6047,#6049,.T.);
#6047 = VERTEX_POINT('',#6048);
#6048 = CARTESIAN_POINT('',(0.1,-7.32,0.9));
#6049 = LINE('',#6050,#6051);
#6050 = CARTESIAN_POINT('',(0.1,-7.32,3.45));
#6051 = VECTOR('',#6052,1.);
#6052 = DIRECTION('',(-0.,0.,-1.));
#6053 = ORIENTED_EDGE('',*,*,#6054,.F.);
#6054 = EDGE_CURVE('',#6013,#6047,#6055,.T.);
#6055 = LINE('',#6056,#6057);
#6056 = CARTESIAN_POINT('',(0.3,-7.32,0.9));
#6057 = VECTOR('',#6058,1.);
#6058 = DIRECTION('',(-1.,-4.440892098501E-16,0.));
#6059 = PLANE('',#6060);
#6060 = AXIS2_PLACEMENT_3D('',#6061,#6062,#6063);
#6061 = CARTESIAN_POINT('',(0.3,-7.32,6.7));
#6062 = DIRECTION('',(4.440892098501E-16,-1.,0.));
#6063 = DIRECTION('',(0.,-0.,-1.));
#6064 = ADVANCED_FACE('',(#6065),#6076,.F.);
#6065 = FACE_BOUND('',#6066,.F.);
#6066 = EDGE_LOOP('',(#6067,#6068,#6074,#6075));
#6067 = ORIENTED_EDGE('',*,*,#5934,.T.);
#6068 = ORIENTED_EDGE('',*,*,#6069,.T.);
#6069 = EDGE_CURVE('',#5935,#6013,#6070,.T.);
#6070 = LINE('',#6071,#6072);
#6071 = CARTESIAN_POINT('',(0.3,-7.92,0.9));
#6072 = VECTOR('',#6073,1.);
#6073 = DIRECTION('',(-4.440892098501E-16,1.,0.));
#6074 = ORIENTED_EDGE('',*,*,#6012,.F.);
#6075 = ORIENTED_EDGE('',*,*,#5163,.F.);
#6076 = PLANE('',#6077);
#6077 = AXIS2_PLACEMENT_3D('',#6078,#6079,#6080);
#6078 = CARTESIAN_POINT('',(0.3,-7.92,6.7));
#6079 = DIRECTION('',(1.,4.440892098501E-16,0.));
#6080 = DIRECTION('',(-4.440892098501E-16,1.,0.));
#6081 = ADVANCED_FACE('',(#6082),#6139,.T.);
#6082 = FACE_BOUND('',#6083,.T.);
#6083 = EDGE_LOOP('',(#6084,#6092,#6093,#6101,#6109,#6117,#6125,#6133));
#6084 = ORIENTED_EDGE('',*,*,#6085,.F.);
#6085 = EDGE_CURVE('',#5200,#6086,#6088,.T.);
#6086 = VERTEX_POINT('',#6087);
#6087 = CARTESIAN_POINT('',(-0.3,-0.3,0.9));
#6088 = LINE('',#6089,#6090);
#6089 = CARTESIAN_POINT('',(-0.3,-0.3,6.7));
#6090 = VECTOR('',#6091,1.);
#6091 = DIRECTION('',(0.,0.,-1.));
#6092 = ORIENTED_EDGE('',*,*,#5199,.T.);
#6093 = ORIENTED_EDGE('',*,*,#6094,.T.);
#6094 = EDGE_CURVE('',#5202,#6095,#6097,.T.);
#6095 = VERTEX_POINT('',#6096);
#6096 = CARTESIAN_POINT('',(0.3,-0.3,0.9));
#6097 = LINE('',#6098,#6099);
#6098 = CARTESIAN_POINT('',(0.3,-0.3,6.7));
#6099 = VECTOR('',#6100,1.);
#6100 = DIRECTION('',(0.,0.,-1.));
#6101 = ORIENTED_EDGE('',*,*,#6102,.F.);
#6102 = EDGE_CURVE('',#6103,#6095,#6105,.T.);
#6103 = VERTEX_POINT('',#6104);
#6104 = CARTESIAN_POINT('',(0.1,-0.3,0.9));
#6105 = LINE('',#6106,#6107);
#6106 = CARTESIAN_POINT('',(-0.3,-0.3,0.9));
#6107 = VECTOR('',#6108,1.);
#6108 = DIRECTION('',(1.,4.440892098501E-16,0.));
#6109 = ORIENTED_EDGE('',*,*,#6110,.T.);
#6110 = EDGE_CURVE('',#6103,#6111,#6113,.T.);
#6111 = VERTEX_POINT('',#6112);
#6112 = CARTESIAN_POINT('',(0.1,-0.3,5.9));
#6113 = LINE('',#6114,#6115);
#6114 = CARTESIAN_POINT('',(0.1,-0.3,3.45));
#6115 = VECTOR('',#6116,1.);
#6116 = DIRECTION('',(0.,0.,1.));
#6117 = ORIENTED_EDGE('',*,*,#6118,.F.);
#6118 = EDGE_CURVE('',#6119,#6111,#6121,.T.);
#6119 = VERTEX_POINT('',#6120);
#6120 = CARTESIAN_POINT('',(-0.1,-0.3,5.9));
#6121 = LINE('',#6122,#6123);
#6122 = CARTESIAN_POINT('',(-0.1,-0.3,5.9));
#6123 = VECTOR('',#6124,1.);
#6124 = DIRECTION('',(1.,4.440892098501E-16,0.));
#6125 = ORIENTED_EDGE('',*,*,#6126,.T.);
#6126 = EDGE_CURVE('',#6119,#6127,#6129,.T.);
#6127 = VERTEX_POINT('',#6128);
#6128 = CARTESIAN_POINT('',(-0.1,-0.3,0.9));
#6129 = LINE('',#6130,#6131);
#6130 = CARTESIAN_POINT('',(-0.1,-0.3,3.45));
#6131 = VECTOR('',#6132,1.);
#6132 = DIRECTION('',(-0.,0.,-1.));
#6133 = ORIENTED_EDGE('',*,*,#6134,.F.);
#6134 = EDGE_CURVE('',#6086,#6127,#6135,.T.);
#6135 = LINE('',#6136,#6137);
#6136 = CARTESIAN_POINT('',(-0.3,-0.3,0.9));
#6137 = VECTOR('',#6138,1.);
#6138 = DIRECTION('',(1.,4.440892098501E-16,0.));
#6139 = PLANE('',#6140);
#6140 = AXIS2_PLACEMENT_3D('',#6141,#6142,#6143);
#6141 = CARTESIAN_POINT('',(-0.3,-0.3,6.7));
#6142 = DIRECTION('',(-4.440892098501E-16,1.,0.));
#6143 = DIRECTION('',(0.,0.,1.));
#6144 = ADVANCED_FACE('',(#6145),#6163,.F.);
#6145 = FACE_BOUND('',#6146,.F.);
#6146 = EDGE_LOOP('',(#6147,#6155,#6161,#6162));
#6147 = ORIENTED_EDGE('',*,*,#6148,.T.);
#6148 = EDGE_CURVE('',#5218,#6149,#6151,.T.);
#6149 = VERTEX_POINT('',#6150);
#6150 = CARTESIAN_POINT('',(-0.3,0.3,0.9));
#6151 = LINE('',#6152,#6153);
#6152 = CARTESIAN_POINT('',(-0.3,0.3,6.7));
#6153 = VECTOR('',#6154,1.);
#6154 = DIRECTION('',(0.,0.,-1.));
#6155 = ORIENTED_EDGE('',*,*,#6156,.T.);
#6156 = EDGE_CURVE('',#6149,#6086,#6157,.T.);
#6157 = LINE('',#6158,#6159);
#6158 = CARTESIAN_POINT('',(-0.3,0.3,0.9));
#6159 = VECTOR('',#6160,1.);
#6160 = DIRECTION('',(4.440892098501E-16,-1.,0.));
#6161 = ORIENTED_EDGE('',*,*,#6085,.F.);
#6162 = ORIENTED_EDGE('',*,*,#5225,.F.);
#6163 = PLANE('',#6164);
#6164 = AXIS2_PLACEMENT_3D('',#6165,#6166,#6167);
#6165 = CARTESIAN_POINT('',(-0.3,0.3,6.7));
#6166 = DIRECTION('',(-1.,-4.440892098501E-16,0.));
#6167 = DIRECTION('',(4.440892098501E-16,-1.,0.));
#6168 = ADVANCED_FACE('',(#6169),#6219,.T.);
#6169 = FACE_BOUND('',#6170,.T.);
#6170 = EDGE_LOOP('',(#6171,#6179,#6180,#6181,#6189,#6197,#6205,#6213));
#6171 = ORIENTED_EDGE('',*,*,#6172,.F.);
#6172 = EDGE_CURVE('',#5210,#6173,#6175,.T.);
#6173 = VERTEX_POINT('',#6174);
#6174 = CARTESIAN_POINT('',(0.3,0.3,0.9));
#6175 = LINE('',#6176,#6177);
#6176 = CARTESIAN_POINT('',(0.3,0.3,6.7));
#6177 = VECTOR('',#6178,1.);
#6178 = DIRECTION('',(0.,0.,-1.));
#6179 = ORIENTED_EDGE('',*,*,#5217,.T.);
#6180 = ORIENTED_EDGE('',*,*,#6148,.T.);
#6181 = ORIENTED_EDGE('',*,*,#6182,.F.);
#6182 = EDGE_CURVE('',#6183,#6149,#6185,.T.);
#6183 = VERTEX_POINT('',#6184);
#6184 = CARTESIAN_POINT('',(-0.1,0.3,0.9));
#6185 = LINE('',#6186,#6187);
#6186 = CARTESIAN_POINT('',(0.3,0.3,0.9));
#6187 = VECTOR('',#6188,1.);
#6188 = DIRECTION('',(-1.,-4.440892098501E-16,0.));
#6189 = ORIENTED_EDGE('',*,*,#6190,.T.);
#6190 = EDGE_CURVE('',#6183,#6191,#6193,.T.);
#6191 = VERTEX_POINT('',#6192);
#6192 = CARTESIAN_POINT('',(-0.1,0.3,5.9));
#6193 = LINE('',#6194,#6195);
#6194 = CARTESIAN_POINT('',(-0.1,0.3,3.45));
#6195 = VECTOR('',#6196,1.);
#6196 = DIRECTION('',(0.,0.,1.));
#6197 = ORIENTED_EDGE('',*,*,#6198,.T.);
#6198 = EDGE_CURVE('',#6191,#6199,#6201,.T.);
#6199 = VERTEX_POINT('',#6200);
#6200 = CARTESIAN_POINT('',(0.1,0.3,5.9));
#6201 = LINE('',#6202,#6203);
#6202 = CARTESIAN_POINT('',(-0.1,0.3,5.9));
#6203 = VECTOR('',#6204,1.);
#6204 = DIRECTION('',(1.,4.440892098501E-16,0.));
#6205 = ORIENTED_EDGE('',*,*,#6206,.T.);
#6206 = EDGE_CURVE('',#6199,#6207,#6209,.T.);
#6207 = VERTEX_POINT('',#6208);
#6208 = CARTESIAN_POINT('',(0.1,0.3,0.9));
#6209 = LINE('',#6210,#6211);
#6210 = CARTESIAN_POINT('',(0.1,0.3,3.45));
#6211 = VECTOR('',#6212,1.);
#6212 = DIRECTION('',(-0.,0.,-1.));
#6213 = ORIENTED_EDGE('',*,*,#6214,.F.);
#6214 = EDGE_CURVE('',#6173,#6207,#6215,.T.);
#6215 = LINE('',#6216,#6217);
#6216 = CARTESIAN_POINT('',(0.3,0.3,0.9));
#6217 = VECTOR('',#6218,1.);
#6218 = DIRECTION('',(-1.,-4.440892098501E-16,0.));
#6219 = PLANE('',#6220);
#6220 = AXIS2_PLACEMENT_3D('',#6221,#6222,#6223);
#6221 = CARTESIAN_POINT('',(0.3,0.3,6.7));
#6222 = DIRECTION('',(4.440892098501E-16,-1.,0.));
#6223 = DIRECTION('',(0.,-0.,-1.));
#6224 = ADVANCED_FACE('',(#6225),#6236,.F.);
#6225 = FACE_BOUND('',#6226,.F.);
#6226 = EDGE_LOOP('',(#6227,#6228,#6234,#6235));
#6227 = ORIENTED_EDGE('',*,*,#6094,.T.);
#6228 = ORIENTED_EDGE('',*,*,#6229,.T.);
#6229 = EDGE_CURVE('',#6095,#6173,#6230,.T.);
#6230 = LINE('',#6231,#6232);
#6231 = CARTESIAN_POINT('',(0.3,-0.3,0.9));
#6232 = VECTOR('',#6233,1.);
#6233 = DIRECTION('',(-4.440892098501E-16,1.,0.));
#6234 = ORIENTED_EDGE('',*,*,#6172,.F.);
#6235 = ORIENTED_EDGE('',*,*,#5209,.F.);
#6236 = PLANE('',#6237);
#6237 = AXIS2_PLACEMENT_3D('',#6238,#6239,#6240);
#6238 = CARTESIAN_POINT('',(0.3,-0.3,6.7));
#6239 = DIRECTION('',(1.,4.440892098501E-16,0.));
#6240 = DIRECTION('',(-4.440892098501E-16,1.,0.));
#6241 = ADVANCED_FACE('',(#6242),#6299,.T.);
#6242 = FACE_BOUND('',#6243,.T.);
#6243 = EDGE_LOOP('',(#6244,#6252,#6253,#6261,#6269,#6277,#6285,#6293));
#6244 = ORIENTED_EDGE('',*,*,#6245,.F.);
#6245 = EDGE_CURVE('',#5246,#6246,#6248,.T.);
#6246 = VERTEX_POINT('',#6247);
#6247 = CARTESIAN_POINT('',(-0.3,-2.84,0.9));
#6248 = LINE('',#6249,#6250);
#6249 = CARTESIAN_POINT('',(-0.3,-2.84,6.7));
#6250 = VECTOR('',#6251,1.);
#6251 = DIRECTION('',(0.,0.,-1.));
#6252 = ORIENTED_EDGE('',*,*,#5245,.T.);
#6253 = ORIENTED_EDGE('',*,*,#6254,.T.);
#6254 = EDGE_CURVE('',#5248,#6255,#6257,.T.);
#6255 = VERTEX_POINT('',#6256);
#6256 = CARTESIAN_POINT('',(0.3,-2.84,0.9));
#6257 = LINE('',#6258,#6259);
#6258 = CARTESIAN_POINT('',(0.3,-2.84,6.7));
#6259 = VECTOR('',#6260,1.);
#6260 = DIRECTION('',(0.,0.,-1.));
#6261 = ORIENTED_EDGE('',*,*,#6262,.F.);
#6262 = EDGE_CURVE('',#6263,#6255,#6265,.T.);
#6263 = VERTEX_POINT('',#6264);
#6264 = CARTESIAN_POINT('',(0.1,-2.84,0.9));
#6265 = LINE('',#6266,#6267);
#6266 = CARTESIAN_POINT('',(-0.3,-2.84,0.9));
#6267 = VECTOR('',#6268,1.);
#6268 = DIRECTION('',(1.,4.440892098501E-16,0.));
#6269 = ORIENTED_EDGE('',*,*,#6270,.T.);
#6270 = EDGE_CURVE('',#6263,#6271,#6273,.T.);
#6271 = VERTEX_POINT('',#6272);
#6272 = CARTESIAN_POINT('',(0.1,-2.84,5.9));
#6273 = LINE('',#6274,#6275);
#6274 = CARTESIAN_POINT('',(0.1,-2.84,3.45));
#6275 = VECTOR('',#6276,1.);
#6276 = DIRECTION('',(0.,0.,1.));
#6277 = ORIENTED_EDGE('',*,*,#6278,.F.);
#6278 = EDGE_CURVE('',#6279,#6271,#6281,.T.);
#6279 = VERTEX_POINT('',#6280);
#6280 = CARTESIAN_POINT('',(-0.1,-2.84,5.9));
#6281 = LINE('',#6282,#6283);
#6282 = CARTESIAN_POINT('',(-0.1,-2.84,5.9));
#6283 = VECTOR('',#6284,1.);
#6284 = DIRECTION('',(1.,4.440892098501E-16,0.));
#6285 = ORIENTED_EDGE('',*,*,#6286,.T.);
#6286 = EDGE_CURVE('',#6279,#6287,#6289,.T.);
#6287 = VERTEX_POINT('',#6288);
#6288 = CARTESIAN_POINT('',(-0.1,-2.84,0.9));
#6289 = LINE('',#6290,#6291);
#6290 = CARTESIAN_POINT('',(-0.1,-2.84,3.45));
#6291 = VECTOR('',#6292,1.);
#6292 = DIRECTION('',(-0.,0.,-1.));
#6293 = ORIENTED_EDGE('',*,*,#6294,.F.);
#6294 = EDGE_CURVE('',#6246,#6287,#6295,.T.);
#6295 = LINE('',#6296,#6297);
#6296 = CARTESIAN_POINT('',(-0.3,-2.84,0.9));
#6297 = VECTOR('',#6298,1.);
#6298 = DIRECTION('',(1.,4.440892098501E-16,0.));
#6299 = PLANE('',#6300);
#6300 = AXIS2_PLACEMENT_3D('',#6301,#6302,#6303);
#6301 = CARTESIAN_POINT('',(-0.3,-2.84,6.7));
#6302 = DIRECTION('',(-4.440892098501E-16,1.,0.));
#6303 = DIRECTION('',(0.,0.,1.));
#6304 = ADVANCED_FACE('',(#6305),#6323,.F.);
#6305 = FACE_BOUND('',#6306,.F.);
#6306 = EDGE_LOOP('',(#6307,#6315,#6321,#6322));
#6307 = ORIENTED_EDGE('',*,*,#6308,.T.);
#6308 = EDGE_CURVE('',#5264,#6309,#6311,.T.);
#6309 = VERTEX_POINT('',#6310);
#6310 = CARTESIAN_POINT('',(-0.3,-2.24,0.9));
#6311 = LINE('',#6312,#6313);
#6312 = CARTESIAN_POINT('',(-0.3,-2.24,6.7));
#6313 = VECTOR('',#6314,1.);
#6314 = DIRECTION('',(0.,0.,-1.));
#6315 = ORIENTED_EDGE('',*,*,#6316,.T.);
#6316 = EDGE_CURVE('',#6309,#6246,#6317,.T.);
#6317 = LINE('',#6318,#6319);
#6318 = CARTESIAN_POINT('',(-0.3,-2.24,0.9));
#6319 = VECTOR('',#6320,1.);
#6320 = DIRECTION('',(4.440892098501E-16,-1.,0.));
#6321 = ORIENTED_EDGE('',*,*,#6245,.F.);
#6322 = ORIENTED_EDGE('',*,*,#5271,.F.);
#6323 = PLANE('',#6324);
#6324 = AXIS2_PLACEMENT_3D('',#6325,#6326,#6327);
#6325 = CARTESIAN_POINT('',(-0.3,-2.24,6.7));
#6326 = DIRECTION('',(-1.,-4.440892098501E-16,0.));
#6327 = DIRECTION('',(4.440892098501E-16,-1.,0.));
#6328 = ADVANCED_FACE('',(#6329),#6379,.T.);
#6329 = FACE_BOUND('',#6330,.T.);
#6330 = EDGE_LOOP('',(#6331,#6339,#6340,#6341,#6349,#6357,#6365,#6373));
#6331 = ORIENTED_EDGE('',*,*,#6332,.F.);
#6332 = EDGE_CURVE('',#5256,#6333,#6335,.T.);
#6333 = VERTEX_POINT('',#6334);
#6334 = CARTESIAN_POINT('',(0.3,-2.24,0.9));
#6335 = LINE('',#6336,#6337);
#6336 = CARTESIAN_POINT('',(0.3,-2.24,6.7));
#6337 = VECTOR('',#6338,1.);
#6338 = DIRECTION('',(0.,0.,-1.));
#6339 = ORIENTED_EDGE('',*,*,#5263,.T.);
#6340 = ORIENTED_EDGE('',*,*,#6308,.T.);
#6341 = ORIENTED_EDGE('',*,*,#6342,.F.);
#6342 = EDGE_CURVE('',#6343,#6309,#6345,.T.);
#6343 = VERTEX_POINT('',#6344);
#6344 = CARTESIAN_POINT('',(-0.1,-2.24,0.9));
#6345 = LINE('',#6346,#6347);
#6346 = CARTESIAN_POINT('',(0.3,-2.24,0.9));
#6347 = VECTOR('',#6348,1.);
#6348 = DIRECTION('',(-1.,-4.440892098501E-16,0.));
#6349 = ORIENTED_EDGE('',*,*,#6350,.T.);
#6350 = EDGE_CURVE('',#6343,#6351,#6353,.T.);
#6351 = VERTEX_POINT('',#6352);
#6352 = CARTESIAN_POINT('',(-0.1,-2.24,5.9));
#6353 = LINE('',#6354,#6355);
#6354 = CARTESIAN_POINT('',(-0.1,-2.24,3.45));
#6355 = VECTOR('',#6356,1.);
#6356 = DIRECTION('',(0.,0.,1.));
#6357 = ORIENTED_EDGE('',*,*,#6358,.T.);
#6358 = EDGE_CURVE('',#6351,#6359,#6361,.T.);
#6359 = VERTEX_POINT('',#6360);
#6360 = CARTESIAN_POINT('',(0.1,-2.24,5.9));
#6361 = LINE('',#6362,#6363);
#6362 = CARTESIAN_POINT('',(-0.1,-2.24,5.9));
#6363 = VECTOR('',#6364,1.);
#6364 = DIRECTION('',(1.,4.440892098501E-16,0.));
#6365 = ORIENTED_EDGE('',*,*,#6366,.T.);
#6366 = EDGE_CURVE('',#6359,#6367,#6369,.T.);
#6367 = VERTEX_POINT('',#6368);
#6368 = CARTESIAN_POINT('',(0.1,-2.24,0.9));
#6369 = LINE('',#6370,#6371);
#6370 = CARTESIAN_POINT('',(0.1,-2.24,3.45));
#6371 = VECTOR('',#6372,1.);
#6372 = DIRECTION('',(-0.,0.,-1.));
#6373 = ORIENTED_EDGE('',*,*,#6374,.F.);
#6374 = EDGE_CURVE('',#6333,#6367,#6375,.T.);
#6375 = LINE('',#6376,#6377);
#6376 = CARTESIAN_POINT('',(0.3,-2.24,0.9));
#6377 = VECTOR('',#6378,1.);
#6378 = DIRECTION('',(-1.,-4.440892098501E-16,0.));
#6379 = PLANE('',#6380);
#6380 = AXIS2_PLACEMENT_3D('',#6381,#6382,#6383);
#6381 = CARTESIAN_POINT('',(0.3,-2.24,6.7));
#6382 = DIRECTION('',(4.440892098501E-16,-1.,0.));
#6383 = DIRECTION('',(0.,-0.,-1.));
#6384 = ADVANCED_FACE('',(#6385),#6396,.F.);
#6385 = FACE_BOUND('',#6386,.F.);
#6386 = EDGE_LOOP('',(#6387,#6388,#6394,#6395));
#6387 = ORIENTED_EDGE('',*,*,#6254,.T.);
#6388 = ORIENTED_EDGE('',*,*,#6389,.T.);
#6389 = EDGE_CURVE('',#6255,#6333,#6390,.T.);
#6390 = LINE('',#6391,#6392);
#6391 = CARTESIAN_POINT('',(0.3,-2.84,0.9));
#6392 = VECTOR('',#6393,1.);
#6393 = DIRECTION('',(-4.440892098501E-16,1.,0.));
#6394 = ORIENTED_EDGE('',*,*,#6332,.F.);
#6395 = ORIENTED_EDGE('',*,*,#5255,.F.);
#6396 = PLANE('',#6397);
#6397 = AXIS2_PLACEMENT_3D('',#6398,#6399,#6400);
#6398 = CARTESIAN_POINT('',(0.3,-2.84,6.7));
#6399 = DIRECTION('',(1.,4.440892098501E-16,0.));
#6400 = DIRECTION('',(-4.440892098501E-16,1.,0.));
#6401 = ADVANCED_FACE('',(#6402),#6413,.F.);
#6402 = FACE_BOUND('',#6403,.F.);
#6403 = EDGE_LOOP('',(#6404,#6410,#6411,#6412));
#6404 = ORIENTED_EDGE('',*,*,#6405,.T.);
#6405 = EDGE_CURVE('',#5383,#5327,#6406,.T.);
#6406 = LINE('',#6407,#6408);
#6407 = CARTESIAN_POINT('',(-0.1,-9.86,0.9));
#6408 = VECTOR('',#6409,1.);
#6409 = DIRECTION('',(4.440892098501E-16,-1.,0.));
#6410 = ORIENTED_EDGE('',*,*,#5334,.F.);
#6411 = ORIENTED_EDGE('',*,*,#5356,.F.);
#6412 = ORIENTED_EDGE('',*,*,#5382,.F.);
#6413 = PLANE('',#6414);
#6414 = AXIS2_PLACEMENT_3D('',#6415,#6416,#6417);
#6415 = CARTESIAN_POINT('',(0.3,-10.46,0.9));
#6416 = DIRECTION('',(-0.,0.,-1.));
#6417 = DIRECTION('',(4.440892098501E-16,-1.,-0.));
#6418 = ADVANCED_FACE('',(#6419),#6462,.F.);
#6419 = FACE_BOUND('',#6420,.F.);
#6420 = EDGE_LOOP('',(#6421,#6422,#6423,#6431,#6439,#6447,#6455,#6461));
#6421 = ORIENTED_EDGE('',*,*,#6405,.F.);
#6422 = ORIENTED_EDGE('',*,*,#5390,.T.);
#6423 = ORIENTED_EDGE('',*,*,#6424,.F.);
#6424 = EDGE_CURVE('',#6425,#5391,#6427,.T.);
#6425 = VERTEX_POINT('',#6426);
#6426 = CARTESIAN_POINT('',(-0.1,-9.91,5.85));
#6427 = LINE('',#6428,#6429);
#6428 = CARTESIAN_POINT('',(-0.1,-9.91,5.85));
#6429 = VECTOR('',#6430,1.);
#6430 = DIRECTION('',(-3.140184917366E-16,0.707106781187,0.707106781187)
  );
#6431 = ORIENTED_EDGE('',*,*,#6432,.F.);
#6432 = EDGE_CURVE('',#6433,#6425,#6435,.T.);
#6433 = VERTEX_POINT('',#6434);
#6434 = CARTESIAN_POINT('',(-0.1,-9.91,1.25));
#6435 = LINE('',#6436,#6437);
#6436 = CARTESIAN_POINT('',(-0.1,-9.91,1.25));
#6437 = VECTOR('',#6438,1.);
#6438 = DIRECTION('',(0.,0.,1.));
#6439 = ORIENTED_EDGE('',*,*,#6440,.F.);
#6440 = EDGE_CURVE('',#6441,#6433,#6443,.T.);
#6441 = VERTEX_POINT('',#6442);
#6442 = CARTESIAN_POINT('',(-0.1,-10.41,1.25));
#6443 = LINE('',#6444,#6445);
#6444 = CARTESIAN_POINT('',(-0.1,-10.41,1.25));
#6445 = VECTOR('',#6446,1.);
#6446 = DIRECTION('',(-4.440892098501E-16,1.,0.));
#6447 = ORIENTED_EDGE('',*,*,#6448,.F.);
#6448 = EDGE_CURVE('',#6449,#6441,#6451,.T.);
#6449 = VERTEX_POINT('',#6450);
#6450 = CARTESIAN_POINT('',(-0.1,-10.41,5.85));
#6451 = LINE('',#6452,#6453);
#6452 = CARTESIAN_POINT('',(-0.1,-10.41,5.85));
#6453 = VECTOR('',#6454,1.);
#6454 = DIRECTION('',(-0.,0.,-1.));
#6455 = ORIENTED_EDGE('',*,*,#6456,.F.);
#6456 = EDGE_CURVE('',#5319,#6449,#6457,.T.);
#6457 = LINE('',#6458,#6459);
#6458 = CARTESIAN_POINT('',(-0.1,-10.46,5.9));
#6459 = VECTOR('',#6460,1.);
#6460 = DIRECTION('',(-3.140184917366E-16,0.707106781187,-0.707106781187
    ));
#6461 = ORIENTED_EDGE('',*,*,#5326,.T.);
#6462 = PLANE('',#6463);
#6463 = AXIS2_PLACEMENT_3D('',#6464,#6465,#6466);
#6464 = CARTESIAN_POINT('',(-0.1,-9.86,0.2));
#6465 = DIRECTION('',(1.,4.440892098501E-16,0.));
#6466 = DIRECTION('',(0.,0.,-1.));
#6467 = ADVANCED_FACE('',(#6468),#6486,.T.);
#6468 = FACE_BOUND('',#6469,.T.);
#6469 = EDGE_LOOP('',(#6470,#6471,#6479,#6485));
#6470 = ORIENTED_EDGE('',*,*,#5318,.T.);
#6471 = ORIENTED_EDGE('',*,*,#6472,.T.);
#6472 = EDGE_CURVE('',#5311,#6473,#6475,.T.);
#6473 = VERTEX_POINT('',#6474);
#6474 = CARTESIAN_POINT('',(0.1,-10.41,5.85));
#6475 = LINE('',#6476,#6477);
#6476 = CARTESIAN_POINT('',(0.1,-10.46,5.9));
#6477 = VECTOR('',#6478,1.);
#6478 = DIRECTION('',(-3.140184917366E-16,0.707106781187,-0.707106781187
    ));
#6479 = ORIENTED_EDGE('',*,*,#6480,.F.);
#6480 = EDGE_CURVE('',#6449,#6473,#6481,.T.);
#6481 = LINE('',#6482,#6483);
#6482 = CARTESIAN_POINT('',(-0.1,-10.41,5.85));
#6483 = VECTOR('',#6484,1.);
#6484 = DIRECTION('',(1.,4.440892098501E-16,0.));
#6485 = ORIENTED_EDGE('',*,*,#6456,.F.);
#6486 = PLANE('',#6487);
#6487 = AXIS2_PLACEMENT_3D('',#6488,#6489,#6490);
#6488 = CARTESIAN_POINT('',(-0.1,-10.46,5.9));
#6489 = DIRECTION('',(-3.140184917366E-16,0.707106781187,0.707106781187)
  );
#6490 = DIRECTION('',(-3.140184917366E-16,0.707106781187,-0.707106781187
    ));
#6491 = ADVANCED_FACE('',(#6492),#6533,.F.);
#6492 = FACE_BOUND('',#6493,.F.);
#6493 = EDGE_LOOP('',(#6494,#6495,#6501,#6502,#6503,#6511,#6519,#6527));
#6494 = ORIENTED_EDGE('',*,*,#5406,.T.);
#6495 = ORIENTED_EDGE('',*,*,#6496,.F.);
#6496 = EDGE_CURVE('',#5303,#5407,#6497,.T.);
#6497 = LINE('',#6498,#6499);
#6498 = CARTESIAN_POINT('',(0.1,-10.46,0.9));
#6499 = VECTOR('',#6500,1.);
#6500 = DIRECTION('',(-4.440892098501E-16,1.,0.));
#6501 = ORIENTED_EDGE('',*,*,#5310,.T.);
#6502 = ORIENTED_EDGE('',*,*,#6472,.T.);
#6503 = ORIENTED_EDGE('',*,*,#6504,.T.);
#6504 = EDGE_CURVE('',#6473,#6505,#6507,.T.);
#6505 = VERTEX_POINT('',#6506);
#6506 = CARTESIAN_POINT('',(0.1,-10.41,1.25));
#6507 = LINE('',#6508,#6509);
#6508 = CARTESIAN_POINT('',(0.1,-10.41,5.85));
#6509 = VECTOR('',#6510,1.);
#6510 = DIRECTION('',(-0.,0.,-1.));
#6511 = ORIENTED_EDGE('',*,*,#6512,.T.);
#6512 = EDGE_CURVE('',#6505,#6513,#6515,.T.);
#6513 = VERTEX_POINT('',#6514);
#6514 = CARTESIAN_POINT('',(0.1,-9.91,1.25));
#6515 = LINE('',#6516,#6517);
#6516 = CARTESIAN_POINT('',(0.1,-10.41,1.25));
#6517 = VECTOR('',#6518,1.);
#6518 = DIRECTION('',(-4.440892098501E-16,1.,0.));
#6519 = ORIENTED_EDGE('',*,*,#6520,.T.);
#6520 = EDGE_CURVE('',#6513,#6521,#6523,.T.);
#6521 = VERTEX_POINT('',#6522);
#6522 = CARTESIAN_POINT('',(0.1,-9.91,5.85));
#6523 = LINE('',#6524,#6525);
#6524 = CARTESIAN_POINT('',(0.1,-9.91,1.25));
#6525 = VECTOR('',#6526,1.);
#6526 = DIRECTION('',(0.,0.,1.));
#6527 = ORIENTED_EDGE('',*,*,#6528,.T.);
#6528 = EDGE_CURVE('',#6521,#5399,#6529,.T.);
#6529 = LINE('',#6530,#6531);
#6530 = CARTESIAN_POINT('',(0.1,-9.91,5.85));
#6531 = VECTOR('',#6532,1.);
#6532 = DIRECTION('',(-3.140184917366E-16,0.707106781187,0.707106781187)
  );
#6533 = PLANE('',#6534);
#6534 = AXIS2_PLACEMENT_3D('',#6535,#6536,#6537);
#6535 = CARTESIAN_POINT('',(0.1,-9.86,0.2));
#6536 = DIRECTION('',(-1.,-4.440892098501E-16,0.));
#6537 = DIRECTION('',(0.,0.,1.));
#6538 = ADVANCED_FACE('',(#6539),#6545,.F.);
#6539 = FACE_BOUND('',#6540,.F.);
#6540 = EDGE_LOOP('',(#6541,#6542,#6543,#6544));
#6541 = ORIENTED_EDGE('',*,*,#5429,.F.);
#6542 = ORIENTED_EDGE('',*,*,#5302,.F.);
#6543 = ORIENTED_EDGE('',*,*,#6496,.T.);
#6544 = ORIENTED_EDGE('',*,*,#5414,.F.);
#6545 = PLANE('',#6546);
#6546 = AXIS2_PLACEMENT_3D('',#6547,#6548,#6549);
#6547 = CARTESIAN_POINT('',(0.3,-10.46,0.9));
#6548 = DIRECTION('',(-0.,0.,-1.));
#6549 = DIRECTION('',(4.440892098501E-16,-1.,-0.));
#6550 = ADVANCED_FACE('',(#6551),#6562,.T.);
#6551 = FACE_BOUND('',#6552,.T.);
#6552 = EDGE_LOOP('',(#6553,#6559,#6560,#6561));
#6553 = ORIENTED_EDGE('',*,*,#6554,.T.);
#6554 = EDGE_CURVE('',#6425,#6521,#6555,.T.);
#6555 = LINE('',#6556,#6557);
#6556 = CARTESIAN_POINT('',(-0.1,-9.91,5.85));
#6557 = VECTOR('',#6558,1.);
#6558 = DIRECTION('',(1.,4.440892098501E-16,0.));
#6559 = ORIENTED_EDGE('',*,*,#6528,.T.);
#6560 = ORIENTED_EDGE('',*,*,#5398,.F.);
#6561 = ORIENTED_EDGE('',*,*,#6424,.F.);
#6562 = PLANE('',#6563);
#6563 = AXIS2_PLACEMENT_3D('',#6564,#6565,#6566);
#6564 = CARTESIAN_POINT('',(-0.1,-9.91,5.85));
#6565 = DIRECTION('',(3.140184917366E-16,-0.707106781187,0.707106781187)
  );
#6566 = DIRECTION('',(-3.140184917366E-16,0.707106781187,0.707106781187)
  );
#6567 = ADVANCED_FACE('',(#6568),#6579,.F.);
#6568 = FACE_BOUND('',#6569,.F.);
#6569 = EDGE_LOOP('',(#6570,#6576,#6577,#6578));
#6570 = ORIENTED_EDGE('',*,*,#6571,.T.);
#6571 = EDGE_CURVE('',#5543,#5487,#6572,.T.);
#6572 = LINE('',#6573,#6574);
#6573 = CARTESIAN_POINT('',(-0.1,-12.4,0.9));
#6574 = VECTOR('',#6575,1.);
#6575 = DIRECTION('',(4.440892098501E-16,-1.,0.));
#6576 = ORIENTED_EDGE('',*,*,#5494,.F.);
#6577 = ORIENTED_EDGE('',*,*,#5516,.F.);
#6578 = ORIENTED_EDGE('',*,*,#5542,.F.);
#6579 = PLANE('',#6580);
#6580 = AXIS2_PLACEMENT_3D('',#6581,#6582,#6583);
#6581 = CARTESIAN_POINT('',(0.3,-13.,0.9));
#6582 = DIRECTION('',(-0.,0.,-1.));
#6583 = DIRECTION('',(4.440892098501E-16,-1.,-0.));
#6584 = ADVANCED_FACE('',(#6585),#6628,.F.);
#6585 = FACE_BOUND('',#6586,.F.);
#6586 = EDGE_LOOP('',(#6587,#6588,#6589,#6597,#6605,#6613,#6621,#6627));
#6587 = ORIENTED_EDGE('',*,*,#6571,.F.);
#6588 = ORIENTED_EDGE('',*,*,#5550,.T.);
#6589 = ORIENTED_EDGE('',*,*,#6590,.F.);
#6590 = EDGE_CURVE('',#6591,#5551,#6593,.T.);
#6591 = VERTEX_POINT('',#6592);
#6592 = CARTESIAN_POINT('',(-0.1,-12.45,5.85));
#6593 = LINE('',#6594,#6595);
#6594 = CARTESIAN_POINT('',(-0.1,-12.45,5.85));
#6595 = VECTOR('',#6596,1.);
#6596 = DIRECTION('',(-3.140184917366E-16,0.707106781187,0.707106781187)
  );
#6597 = ORIENTED_EDGE('',*,*,#6598,.F.);
#6598 = EDGE_CURVE('',#6599,#6591,#6601,.T.);
#6599 = VERTEX_POINT('',#6600);
#6600 = CARTESIAN_POINT('',(-0.1,-12.45,1.25));
#6601 = LINE('',#6602,#6603);
#6602 = CARTESIAN_POINT('',(-0.1,-12.45,1.25));
#6603 = VECTOR('',#6604,1.);
#6604 = DIRECTION('',(0.,0.,1.));
#6605 = ORIENTED_EDGE('',*,*,#6606,.F.);
#6606 = EDGE_CURVE('',#6607,#6599,#6609,.T.);
#6607 = VERTEX_POINT('',#6608);
#6608 = CARTESIAN_POINT('',(-0.1,-12.95,1.25));
#6609 = LINE('',#6610,#6611);
#6610 = CARTESIAN_POINT('',(-0.1,-12.95,1.25));
#6611 = VECTOR('',#6612,1.);
#6612 = DIRECTION('',(-4.440892098501E-16,1.,0.));
#6613 = ORIENTED_EDGE('',*,*,#6614,.F.);
#6614 = EDGE_CURVE('',#6615,#6607,#6617,.T.);
#6615 = VERTEX_POINT('',#6616);
#6616 = CARTESIAN_POINT('',(-0.1,-12.95,5.85));
#6617 = LINE('',#6618,#6619);
#6618 = CARTESIAN_POINT('',(-0.1,-12.95,5.85));
#6619 = VECTOR('',#6620,1.);
#6620 = DIRECTION('',(-0.,0.,-1.));
#6621 = ORIENTED_EDGE('',*,*,#6622,.F.);
#6622 = EDGE_CURVE('',#5479,#6615,#6623,.T.);
#6623 = LINE('',#6624,#6625);
#6624 = CARTESIAN_POINT('',(-0.1,-13.,5.9));
#6625 = VECTOR('',#6626,1.);
#6626 = DIRECTION('',(-3.140184917366E-16,0.707106781187,-0.707106781187
    ));
#6627 = ORIENTED_EDGE('',*,*,#5486,.T.);
#6628 = PLANE('',#6629);
#6629 = AXIS2_PLACEMENT_3D('',#6630,#6631,#6632);
#6630 = CARTESIAN_POINT('',(-0.1,-12.4,0.2));
#6631 = DIRECTION('',(1.,4.440892098501E-16,0.));
#6632 = DIRECTION('',(0.,0.,-1.));
#6633 = ADVANCED_FACE('',(#6634),#6652,.T.);
#6634 = FACE_BOUND('',#6635,.T.);
#6635 = EDGE_LOOP('',(#6636,#6637,#6645,#6651));
#6636 = ORIENTED_EDGE('',*,*,#5478,.T.);
#6637 = ORIENTED_EDGE('',*,*,#6638,.T.);
#6638 = EDGE_CURVE('',#5471,#6639,#6641,.T.);
#6639 = VERTEX_POINT('',#6640);
#6640 = CARTESIAN_POINT('',(0.1,-12.95,5.85));
#6641 = LINE('',#6642,#6643);
#6642 = CARTESIAN_POINT('',(0.1,-13.,5.9));
#6643 = VECTOR('',#6644,1.);
#6644 = DIRECTION('',(-3.140184917366E-16,0.707106781187,-0.707106781187
    ));
#6645 = ORIENTED_EDGE('',*,*,#6646,.F.);
#6646 = EDGE_CURVE('',#6615,#6639,#6647,.T.);
#6647 = LINE('',#6648,#6649);
#6648 = CARTESIAN_POINT('',(-0.1,-12.95,5.85));
#6649 = VECTOR('',#6650,1.);
#6650 = DIRECTION('',(1.,4.440892098501E-16,0.));
#6651 = ORIENTED_EDGE('',*,*,#6622,.F.);
#6652 = PLANE('',#6653);
#6653 = AXIS2_PLACEMENT_3D('',#6654,#6655,#6656);
#6654 = CARTESIAN_POINT('',(-0.1,-13.,5.9));
#6655 = DIRECTION('',(-3.140184917366E-16,0.707106781187,0.707106781187)
  );
#6656 = DIRECTION('',(-3.140184917366E-16,0.707106781187,-0.707106781187
    ));
#6657 = ADVANCED_FACE('',(#6658),#6699,.F.);
#6658 = FACE_BOUND('',#6659,.F.);
#6659 = EDGE_LOOP('',(#6660,#6661,#6667,#6668,#6669,#6677,#6685,#6693));
#6660 = ORIENTED_EDGE('',*,*,#5566,.T.);
#6661 = ORIENTED_EDGE('',*,*,#6662,.F.);
#6662 = EDGE_CURVE('',#5463,#5567,#6663,.T.);
#6663 = LINE('',#6664,#6665);
#6664 = CARTESIAN_POINT('',(0.1,-13.,0.9));
#6665 = VECTOR('',#6666,1.);
#6666 = DIRECTION('',(-4.440892098501E-16,1.,0.));
#6667 = ORIENTED_EDGE('',*,*,#5470,.T.);
#6668 = ORIENTED_EDGE('',*,*,#6638,.T.);
#6669 = ORIENTED_EDGE('',*,*,#6670,.T.);
#6670 = EDGE_CURVE('',#6639,#6671,#6673,.T.);
#6671 = VERTEX_POINT('',#6672);
#6672 = CARTESIAN_POINT('',(0.1,-12.95,1.25));
#6673 = LINE('',#6674,#6675);
#6674 = CARTESIAN_POINT('',(0.1,-12.95,5.85));
#6675 = VECTOR('',#6676,1.);
#6676 = DIRECTION('',(-0.,0.,-1.));
#6677 = ORIENTED_EDGE('',*,*,#6678,.T.);
#6678 = EDGE_CURVE('',#6671,#6679,#6681,.T.);
#6679 = VERTEX_POINT('',#6680);
#6680 = CARTESIAN_POINT('',(0.1,-12.45,1.25));
#6681 = LINE('',#6682,#6683);
#6682 = CARTESIAN_POINT('',(0.1,-12.95,1.25));
#6683 = VECTOR('',#6684,1.);
#6684 = DIRECTION('',(-4.440892098501E-16,1.,0.));
#6685 = ORIENTED_EDGE('',*,*,#6686,.T.);
#6686 = EDGE_CURVE('',#6679,#6687,#6689,.T.);
#6687 = VERTEX_POINT('',#6688);
#6688 = CARTESIAN_POINT('',(0.1,-12.45,5.85));
#6689 = LINE('',#6690,#6691);
#6690 = CARTESIAN_POINT('',(0.1,-12.45,1.25));
#6691 = VECTOR('',#6692,1.);
#6692 = DIRECTION('',(0.,0.,1.));
#6693 = ORIENTED_EDGE('',*,*,#6694,.T.);
#6694 = EDGE_CURVE('',#6687,#5559,#6695,.T.);
#6695 = LINE('',#6696,#6697);
#6696 = CARTESIAN_POINT('',(0.1,-12.45,5.85));
#6697 = VECTOR('',#6698,1.);
#6698 = DIRECTION('',(-3.140184917366E-16,0.707106781187,0.707106781187)
  );
#6699 = PLANE('',#6700);
#6700 = AXIS2_PLACEMENT_3D('',#6701,#6702,#6703);
#6701 = CARTESIAN_POINT('',(0.1,-12.4,0.2));
#6702 = DIRECTION('',(-1.,-4.440892098501E-16,0.));
#6703 = DIRECTION('',(0.,0.,1.));
#6704 = ADVANCED_FACE('',(#6705),#6711,.F.);
#6705 = FACE_BOUND('',#6706,.F.);
#6706 = EDGE_LOOP('',(#6707,#6708,#6709,#6710));
#6707 = ORIENTED_EDGE('',*,*,#5589,.F.);
#6708 = ORIENTED_EDGE('',*,*,#5462,.F.);
#6709 = ORIENTED_EDGE('',*,*,#6662,.T.);
#6710 = ORIENTED_EDGE('',*,*,#5574,.F.);
#6711 = PLANE('',#6712);
#6712 = AXIS2_PLACEMENT_3D('',#6713,#6714,#6715);
#6713 = CARTESIAN_POINT('',(0.3,-13.,0.9));
#6714 = DIRECTION('',(-0.,0.,-1.));
#6715 = DIRECTION('',(4.440892098501E-16,-1.,-0.));
#6716 = ADVANCED_FACE('',(#6717),#6728,.T.);
#6717 = FACE_BOUND('',#6718,.T.);
#6718 = EDGE_LOOP('',(#6719,#6725,#6726,#6727));
#6719 = ORIENTED_EDGE('',*,*,#6720,.T.);
#6720 = EDGE_CURVE('',#6591,#6687,#6721,.T.);
#6721 = LINE('',#6722,#6723);
#6722 = CARTESIAN_POINT('',(-0.1,-12.45,5.85));
#6723 = VECTOR('',#6724,1.);
#6724 = DIRECTION('',(1.,4.440892098501E-16,0.));
#6725 = ORIENTED_EDGE('',*,*,#6694,.T.);
#6726 = ORIENTED_EDGE('',*,*,#5558,.F.);
#6727 = ORIENTED_EDGE('',*,*,#6590,.F.);
#6728 = PLANE('',#6729);
#6729 = AXIS2_PLACEMENT_3D('',#6730,#6731,#6732);
#6730 = CARTESIAN_POINT('',(-0.1,-12.45,5.85));
#6731 = DIRECTION('',(3.140184917366E-16,-0.707106781187,0.707106781187)
  );
#6732 = DIRECTION('',(-3.140184917366E-16,0.707106781187,0.707106781187)
  );
#6733 = ADVANCED_FACE('',(#6734),#6745,.F.);
#6734 = FACE_BOUND('',#6735,.F.);
#6735 = EDGE_LOOP('',(#6736,#6742,#6743,#6744));
#6736 = ORIENTED_EDGE('',*,*,#6737,.T.);
#6737 = EDGE_CURVE('',#5703,#5647,#6738,.T.);
#6738 = LINE('',#6739,#6740);
#6739 = CARTESIAN_POINT('',(-0.1,-14.94,0.9));
#6740 = VECTOR('',#6741,1.);
#6741 = DIRECTION('',(4.440892098501E-16,-1.,0.));
#6742 = ORIENTED_EDGE('',*,*,#5654,.F.);
#6743 = ORIENTED_EDGE('',*,*,#5676,.F.);
#6744 = ORIENTED_EDGE('',*,*,#5702,.F.);
#6745 = PLANE('',#6746);
#6746 = AXIS2_PLACEMENT_3D('',#6747,#6748,#6749);
#6747 = CARTESIAN_POINT('',(0.3,-15.54,0.9));
#6748 = DIRECTION('',(-0.,0.,-1.));
#6749 = DIRECTION('',(4.440892098501E-16,-1.,-0.));
#6750 = ADVANCED_FACE('',(#6751),#6794,.F.);
#6751 = FACE_BOUND('',#6752,.F.);
#6752 = EDGE_LOOP('',(#6753,#6754,#6755,#6763,#6771,#6779,#6787,#6793));
#6753 = ORIENTED_EDGE('',*,*,#6737,.F.);
#6754 = ORIENTED_EDGE('',*,*,#5710,.T.);
#6755 = ORIENTED_EDGE('',*,*,#6756,.F.);
#6756 = EDGE_CURVE('',#6757,#5711,#6759,.T.);
#6757 = VERTEX_POINT('',#6758);
#6758 = CARTESIAN_POINT('',(-0.1,-14.99,5.85));
#6759 = LINE('',#6760,#6761);
#6760 = CARTESIAN_POINT('',(-0.1,-14.99,5.85));
#6761 = VECTOR('',#6762,1.);
#6762 = DIRECTION('',(-3.140184917366E-16,0.707106781187,0.707106781187)
  );
#6763 = ORIENTED_EDGE('',*,*,#6764,.F.);
#6764 = EDGE_CURVE('',#6765,#6757,#6767,.T.);
#6765 = VERTEX_POINT('',#6766);
#6766 = CARTESIAN_POINT('',(-0.1,-14.99,1.25));
#6767 = LINE('',#6768,#6769);
#6768 = CARTESIAN_POINT('',(-0.1,-14.99,1.25));
#6769 = VECTOR('',#6770,1.);
#6770 = DIRECTION('',(0.,0.,1.));
#6771 = ORIENTED_EDGE('',*,*,#6772,.F.);
#6772 = EDGE_CURVE('',#6773,#6765,#6775,.T.);
#6773 = VERTEX_POINT('',#6774);
#6774 = CARTESIAN_POINT('',(-0.1,-15.49,1.25));
#6775 = LINE('',#6776,#6777);
#6776 = CARTESIAN_POINT('',(-0.1,-15.49,1.25));
#6777 = VECTOR('',#6778,1.);
#6778 = DIRECTION('',(-4.440892098501E-16,1.,0.));
#6779 = ORIENTED_EDGE('',*,*,#6780,.F.);
#6780 = EDGE_CURVE('',#6781,#6773,#6783,.T.);
#6781 = VERTEX_POINT('',#6782);
#6782 = CARTESIAN_POINT('',(-0.1,-15.49,5.85));
#6783 = LINE('',#6784,#6785);
#6784 = CARTESIAN_POINT('',(-0.1,-15.49,5.85));
#6785 = VECTOR('',#6786,1.);
#6786 = DIRECTION('',(-0.,0.,-1.));
#6787 = ORIENTED_EDGE('',*,*,#6788,.F.);
#6788 = EDGE_CURVE('',#5639,#6781,#6789,.T.);
#6789 = LINE('',#6790,#6791);
#6790 = CARTESIAN_POINT('',(-0.1,-15.54,5.9));
#6791 = VECTOR('',#6792,1.);
#6792 = DIRECTION('',(-3.140184917366E-16,0.707106781187,-0.707106781187
    ));
#6793 = ORIENTED_EDGE('',*,*,#5646,.T.);
#6794 = PLANE('',#6795);
#6795 = AXIS2_PLACEMENT_3D('',#6796,#6797,#6798);
#6796 = CARTESIAN_POINT('',(-0.1,-14.94,0.2));
#6797 = DIRECTION('',(1.,4.440892098501E-16,0.));
#6798 = DIRECTION('',(0.,0.,-1.));
#6799 = ADVANCED_FACE('',(#6800),#6818,.T.);
#6800 = FACE_BOUND('',#6801,.T.);
#6801 = EDGE_LOOP('',(#6802,#6803,#6811,#6817));
#6802 = ORIENTED_EDGE('',*,*,#5638,.T.);
#6803 = ORIENTED_EDGE('',*,*,#6804,.T.);
#6804 = EDGE_CURVE('',#5631,#6805,#6807,.T.);
#6805 = VERTEX_POINT('',#6806);
#6806 = CARTESIAN_POINT('',(0.1,-15.49,5.85));
#6807 = LINE('',#6808,#6809);
#6808 = CARTESIAN_POINT('',(0.1,-15.54,5.9));
#6809 = VECTOR('',#6810,1.);
#6810 = DIRECTION('',(-3.140184917366E-16,0.707106781187,-0.707106781187
    ));
#6811 = ORIENTED_EDGE('',*,*,#6812,.F.);
#6812 = EDGE_CURVE('',#6781,#6805,#6813,.T.);
#6813 = LINE('',#6814,#6815);
#6814 = CARTESIAN_POINT('',(-0.1,-15.49,5.85));
#6815 = VECTOR('',#6816,1.);
#6816 = DIRECTION('',(1.,4.440892098501E-16,0.));
#6817 = ORIENTED_EDGE('',*,*,#6788,.F.);
#6818 = PLANE('',#6819);
#6819 = AXIS2_PLACEMENT_3D('',#6820,#6821,#6822);
#6820 = CARTESIAN_POINT('',(-0.1,-15.54,5.9));
#6821 = DIRECTION('',(-3.140184917366E-16,0.707106781187,0.707106781187)
  );
#6822 = DIRECTION('',(-3.140184917366E-16,0.707106781187,-0.707106781187
    ));
#6823 = ADVANCED_FACE('',(#6824),#6865,.F.);
#6824 = FACE_BOUND('',#6825,.F.);
#6825 = EDGE_LOOP('',(#6826,#6827,#6833,#6834,#6835,#6843,#6851,#6859));
#6826 = ORIENTED_EDGE('',*,*,#5726,.T.);
#6827 = ORIENTED_EDGE('',*,*,#6828,.F.);
#6828 = EDGE_CURVE('',#5623,#5727,#6829,.T.);
#6829 = LINE('',#6830,#6831);
#6830 = CARTESIAN_POINT('',(0.1,-15.54,0.9));
#6831 = VECTOR('',#6832,1.);
#6832 = DIRECTION('',(-4.440892098501E-16,1.,0.));
#6833 = ORIENTED_EDGE('',*,*,#5630,.T.);
#6834 = ORIENTED_EDGE('',*,*,#6804,.T.);
#6835 = ORIENTED_EDGE('',*,*,#6836,.T.);
#6836 = EDGE_CURVE('',#6805,#6837,#6839,.T.);
#6837 = VERTEX_POINT('',#6838);
#6838 = CARTESIAN_POINT('',(0.1,-15.49,1.25));
#6839 = LINE('',#6840,#6841);
#6840 = CARTESIAN_POINT('',(0.1,-15.49,5.85));
#6841 = VECTOR('',#6842,1.);
#6842 = DIRECTION('',(-0.,0.,-1.));
#6843 = ORIENTED_EDGE('',*,*,#6844,.T.);
#6844 = EDGE_CURVE('',#6837,#6845,#6847,.T.);
#6845 = VERTEX_POINT('',#6846);
#6846 = CARTESIAN_POINT('',(0.1,-14.99,1.25));
#6847 = LINE('',#6848,#6849);
#6848 = CARTESIAN_POINT('',(0.1,-15.49,1.25));
#6849 = VECTOR('',#6850,1.);
#6850 = DIRECTION('',(-4.440892098501E-16,1.,0.));
#6851 = ORIENTED_EDGE('',*,*,#6852,.T.);
#6852 = EDGE_CURVE('',#6845,#6853,#6855,.T.);
#6853 = VERTEX_POINT('',#6854);
#6854 = CARTESIAN_POINT('',(0.1,-14.99,5.85));
#6855 = LINE('',#6856,#6857);
#6856 = CARTESIAN_POINT('',(0.1,-14.99,1.25));
#6857 = VECTOR('',#6858,1.);
#6858 = DIRECTION('',(0.,0.,1.));
#6859 = ORIENTED_EDGE('',*,*,#6860,.T.);
#6860 = EDGE_CURVE('',#6853,#5719,#6861,.T.);
#6861 = LINE('',#6862,#6863);
#6862 = CARTESIAN_POINT('',(0.1,-14.99,5.85));
#6863 = VECTOR('',#6864,1.);
#6864 = DIRECTION('',(-3.140184917366E-16,0.707106781187,0.707106781187)
  );
#6865 = PLANE('',#6866);
#6866 = AXIS2_PLACEMENT_3D('',#6867,#6868,#6869);
#6867 = CARTESIAN_POINT('',(0.1,-14.94,0.2));
#6868 = DIRECTION('',(-1.,-4.440892098501E-16,0.));
#6869 = DIRECTION('',(0.,0.,1.));
#6870 = ADVANCED_FACE('',(#6871),#6877,.F.);
#6871 = FACE_BOUND('',#6872,.F.);
#6872 = EDGE_LOOP('',(#6873,#6874,#6875,#6876));
#6873 = ORIENTED_EDGE('',*,*,#5749,.F.);
#6874 = ORIENTED_EDGE('',*,*,#5622,.F.);
#6875 = ORIENTED_EDGE('',*,*,#6828,.T.);
#6876 = ORIENTED_EDGE('',*,*,#5734,.F.);
#6877 = PLANE('',#6878);
#6878 = AXIS2_PLACEMENT_3D('',#6879,#6880,#6881);
#6879 = CARTESIAN_POINT('',(0.3,-15.54,0.9));
#6880 = DIRECTION('',(-0.,0.,-1.));
#6881 = DIRECTION('',(4.440892098501E-16,-1.,-0.));
#6882 = ADVANCED_FACE('',(#6883),#6894,.T.);
#6883 = FACE_BOUND('',#6884,.T.);
#6884 = EDGE_LOOP('',(#6885,#6891,#6892,#6893));
#6885 = ORIENTED_EDGE('',*,*,#6886,.T.);
#6886 = EDGE_CURVE('',#6757,#6853,#6887,.T.);
#6887 = LINE('',#6888,#6889);
#6888 = CARTESIAN_POINT('',(-0.1,-14.99,5.85));
#6889 = VECTOR('',#6890,1.);
#6890 = DIRECTION('',(1.,4.440892098501E-16,0.));
#6891 = ORIENTED_EDGE('',*,*,#6860,.T.);
#6892 = ORIENTED_EDGE('',*,*,#5718,.F.);
#6893 = ORIENTED_EDGE('',*,*,#6756,.F.);
#6894 = PLANE('',#6895);
#6895 = AXIS2_PLACEMENT_3D('',#6896,#6897,#6898);
#6896 = CARTESIAN_POINT('',(-0.1,-14.99,5.85));
#6897 = DIRECTION('',(3.140184917366E-16,-0.707106781187,0.707106781187)
  );
#6898 = DIRECTION('',(-3.140184917366E-16,0.707106781187,0.707106781187)
  );
#6899 = ADVANCED_FACE('',(#6900),#6911,.F.);
#6900 = FACE_BOUND('',#6901,.F.);
#6901 = EDGE_LOOP('',(#6902,#6908,#6909,#6910));
#6902 = ORIENTED_EDGE('',*,*,#6903,.T.);
#6903 = EDGE_CURVE('',#5863,#5807,#6904,.T.);
#6904 = LINE('',#6905,#6906);
#6905 = CARTESIAN_POINT('',(-0.1,-4.78,0.9));
#6906 = VECTOR('',#6907,1.);
#6907 = DIRECTION('',(4.440892098501E-16,-1.,0.));
#6908 = ORIENTED_EDGE('',*,*,#5814,.F.);
#6909 = ORIENTED_EDGE('',*,*,#5836,.F.);
#6910 = ORIENTED_EDGE('',*,*,#5862,.F.);
#6911 = PLANE('',#6912);
#6912 = AXIS2_PLACEMENT_3D('',#6913,#6914,#6915);
#6913 = CARTESIAN_POINT('',(0.3,-5.38,0.9));
#6914 = DIRECTION('',(-0.,0.,-1.));
#6915 = DIRECTION('',(4.440892098501E-16,-1.,-0.));
#6916 = ADVANCED_FACE('',(#6917),#6960,.F.);
#6917 = FACE_BOUND('',#6918,.F.);
#6918 = EDGE_LOOP('',(#6919,#6920,#6921,#6929,#6937,#6945,#6953,#6959));
#6919 = ORIENTED_EDGE('',*,*,#6903,.F.);
#6920 = ORIENTED_EDGE('',*,*,#5870,.T.);
#6921 = ORIENTED_EDGE('',*,*,#6922,.F.);
#6922 = EDGE_CURVE('',#6923,#5871,#6925,.T.);
#6923 = VERTEX_POINT('',#6924);
#6924 = CARTESIAN_POINT('',(-0.1,-4.83,5.85));
#6925 = LINE('',#6926,#6927);
#6926 = CARTESIAN_POINT('',(-0.1,-4.83,5.85));
#6927 = VECTOR('',#6928,1.);
#6928 = DIRECTION('',(-3.140184917366E-16,0.707106781187,0.707106781187)
  );
#6929 = ORIENTED_EDGE('',*,*,#6930,.F.);
#6930 = EDGE_CURVE('',#6931,#6923,#6933,.T.);
#6931 = VERTEX_POINT('',#6932);
#6932 = CARTESIAN_POINT('',(-0.1,-4.83,1.25));
#6933 = LINE('',#6934,#6935);
#6934 = CARTESIAN_POINT('',(-0.1,-4.83,1.25));
#6935 = VECTOR('',#6936,1.);
#6936 = DIRECTION('',(0.,0.,1.));
#6937 = ORIENTED_EDGE('',*,*,#6938,.F.);
#6938 = EDGE_CURVE('',#6939,#6931,#6941,.T.);
#6939 = VERTEX_POINT('',#6940);
#6940 = CARTESIAN_POINT('',(-0.1,-5.33,1.25));
#6941 = LINE('',#6942,#6943);
#6942 = CARTESIAN_POINT('',(-0.1,-5.33,1.25));
#6943 = VECTOR('',#6944,1.);
#6944 = DIRECTION('',(-4.440892098501E-16,1.,0.));
#6945 = ORIENTED_EDGE('',*,*,#6946,.F.);
#6946 = EDGE_CURVE('',#6947,#6939,#6949,.T.);
#6947 = VERTEX_POINT('',#6948);
#6948 = CARTESIAN_POINT('',(-0.1,-5.33,5.85));
#6949 = LINE('',#6950,#6951);
#6950 = CARTESIAN_POINT('',(-0.1,-5.33,5.85));
#6951 = VECTOR('',#6952,1.);
#6952 = DIRECTION('',(-0.,0.,-1.));
#6953 = ORIENTED_EDGE('',*,*,#6954,.F.);
#6954 = EDGE_CURVE('',#5799,#6947,#6955,.T.);
#6955 = LINE('',#6956,#6957);
#6956 = CARTESIAN_POINT('',(-0.1,-5.38,5.9));
#6957 = VECTOR('',#6958,1.);
#6958 = DIRECTION('',(-3.140184917366E-16,0.707106781187,-0.707106781187
    ));
#6959 = ORIENTED_EDGE('',*,*,#5806,.T.);
#6960 = PLANE('',#6961);
#6961 = AXIS2_PLACEMENT_3D('',#6962,#6963,#6964);
#6962 = CARTESIAN_POINT('',(-0.1,-4.78,0.2));
#6963 = DIRECTION('',(1.,4.440892098501E-16,0.));
#6964 = DIRECTION('',(0.,0.,-1.));
#6965 = ADVANCED_FACE('',(#6966),#6984,.T.);
#6966 = FACE_BOUND('',#6967,.T.);
#6967 = EDGE_LOOP('',(#6968,#6969,#6977,#6983));
#6968 = ORIENTED_EDGE('',*,*,#5798,.T.);
#6969 = ORIENTED_EDGE('',*,*,#6970,.T.);
#6970 = EDGE_CURVE('',#5791,#6971,#6973,.T.);
#6971 = VERTEX_POINT('',#6972);
#6972 = CARTESIAN_POINT('',(0.1,-5.33,5.85));
#6973 = LINE('',#6974,#6975);
#6974 = CARTESIAN_POINT('',(0.1,-5.38,5.9));
#6975 = VECTOR('',#6976,1.);
#6976 = DIRECTION('',(-3.140184917366E-16,0.707106781187,-0.707106781187
    ));
#6977 = ORIENTED_EDGE('',*,*,#6978,.F.);
#6978 = EDGE_CURVE('',#6947,#6971,#6979,.T.);
#6979 = LINE('',#6980,#6981);
#6980 = CARTESIAN_POINT('',(-0.1,-5.33,5.85));
#6981 = VECTOR('',#6982,1.);
#6982 = DIRECTION('',(1.,4.440892098501E-16,0.));
#6983 = ORIENTED_EDGE('',*,*,#6954,.F.);
#6984 = PLANE('',#6985);
#6985 = AXIS2_PLACEMENT_3D('',#6986,#6987,#6988);
#6986 = CARTESIAN_POINT('',(-0.1,-5.38,5.9));
#6987 = DIRECTION('',(-3.140184917366E-16,0.707106781187,0.707106781187)
  );
#6988 = DIRECTION('',(-3.140184917366E-16,0.707106781187,-0.707106781187
    ));
#6989 = ADVANCED_FACE('',(#6990),#7031,.F.);
#6990 = FACE_BOUND('',#6991,.F.);
#6991 = EDGE_LOOP('',(#6992,#6993,#6999,#7000,#7001,#7009,#7017,#7025));
#6992 = ORIENTED_EDGE('',*,*,#5886,.T.);
#6993 = ORIENTED_EDGE('',*,*,#6994,.F.);
#6994 = EDGE_CURVE('',#5783,#5887,#6995,.T.);
#6995 = LINE('',#6996,#6997);
#6996 = CARTESIAN_POINT('',(0.1,-5.38,0.9));
#6997 = VECTOR('',#6998,1.);
#6998 = DIRECTION('',(-4.440892098501E-16,1.,0.));
#6999 = ORIENTED_EDGE('',*,*,#5790,.T.);
#7000 = ORIENTED_EDGE('',*,*,#6970,.T.);
#7001 = ORIENTED_EDGE('',*,*,#7002,.T.);
#7002 = EDGE_CURVE('',#6971,#7003,#7005,.T.);
#7003 = VERTEX_POINT('',#7004);
#7004 = CARTESIAN_POINT('',(0.1,-5.33,1.25));
#7005 = LINE('',#7006,#7007);
#7006 = CARTESIAN_POINT('',(0.1,-5.33,5.85));
#7007 = VECTOR('',#7008,1.);
#7008 = DIRECTION('',(-0.,0.,-1.));
#7009 = ORIENTED_EDGE('',*,*,#7010,.T.);
#7010 = EDGE_CURVE('',#7003,#7011,#7013,.T.);
#7011 = VERTEX_POINT('',#7012);
#7012 = CARTESIAN_POINT('',(0.1,-4.83,1.25));
#7013 = LINE('',#7014,#7015);
#7014 = CARTESIAN_POINT('',(0.1,-5.33,1.25));
#7015 = VECTOR('',#7016,1.);
#7016 = DIRECTION('',(-4.440892098501E-16,1.,0.));
#7017 = ORIENTED_EDGE('',*,*,#7018,.T.);
#7018 = EDGE_CURVE('',#7011,#7019,#7021,.T.);
#7019 = VERTEX_POINT('',#7020);
#7020 = CARTESIAN_POINT('',(0.1,-4.83,5.85));
#7021 = LINE('',#7022,#7023);
#7022 = CARTESIAN_POINT('',(0.1,-4.83,1.25));
#7023 = VECTOR('',#7024,1.);
#7024 = DIRECTION('',(0.,0.,1.));
#7025 = ORIENTED_EDGE('',*,*,#7026,.T.);
#7026 = EDGE_CURVE('',#7019,#5879,#7027,.T.);
#7027 = LINE('',#7028,#7029);
#7028 = CARTESIAN_POINT('',(0.1,-4.83,5.85));
#7029 = VECTOR('',#7030,1.);
#7030 = DIRECTION('',(-3.140184917366E-16,0.707106781187,0.707106781187)
  );
#7031 = PLANE('',#7032);
#7032 = AXIS2_PLACEMENT_3D('',#7033,#7034,#7035);
#7033 = CARTESIAN_POINT('',(0.1,-4.78,0.2));
#7034 = DIRECTION('',(-1.,-4.440892098501E-16,0.));
#7035 = DIRECTION('',(0.,0.,1.));
#7036 = ADVANCED_FACE('',(#7037),#7043,.F.);
#7037 = FACE_BOUND('',#7038,.F.);
#7038 = EDGE_LOOP('',(#7039,#7040,#7041,#7042));
#7039 = ORIENTED_EDGE('',*,*,#5909,.F.);
#7040 = ORIENTED_EDGE('',*,*,#5782,.F.);
#7041 = ORIENTED_EDGE('',*,*,#6994,.T.);
#7042 = ORIENTED_EDGE('',*,*,#5894,.F.);
#7043 = PLANE('',#7044);
#7044 = AXIS2_PLACEMENT_3D('',#7045,#7046,#7047);
#7045 = CARTESIAN_POINT('',(0.3,-5.38,0.9));
#7046 = DIRECTION('',(-0.,0.,-1.));
#7047 = DIRECTION('',(4.440892098501E-16,-1.,-0.));
#7048 = ADVANCED_FACE('',(#7049),#7060,.T.);
#7049 = FACE_BOUND('',#7050,.T.);
#7050 = EDGE_LOOP('',(#7051,#7057,#7058,#7059));
#7051 = ORIENTED_EDGE('',*,*,#7052,.T.);
#7052 = EDGE_CURVE('',#6923,#7019,#7053,.T.);
#7053 = LINE('',#7054,#7055);
#7054 = CARTESIAN_POINT('',(-0.1,-4.83,5.85));
#7055 = VECTOR('',#7056,1.);
#7056 = DIRECTION('',(1.,4.440892098501E-16,0.));
#7057 = ORIENTED_EDGE('',*,*,#7026,.T.);
#7058 = ORIENTED_EDGE('',*,*,#5878,.F.);
#7059 = ORIENTED_EDGE('',*,*,#6922,.F.);
#7060 = PLANE('',#7061);
#7061 = AXIS2_PLACEMENT_3D('',#7062,#7063,#7064);
#7062 = CARTESIAN_POINT('',(-0.1,-4.83,5.85));
#7063 = DIRECTION('',(3.140184917366E-16,-0.707106781187,0.707106781187)
  );
#7064 = DIRECTION('',(-3.140184917366E-16,0.707106781187,0.707106781187)
  );
#7065 = ADVANCED_FACE('',(#7066),#7077,.F.);
#7066 = FACE_BOUND('',#7067,.F.);
#7067 = EDGE_LOOP('',(#7068,#7074,#7075,#7076));
#7068 = ORIENTED_EDGE('',*,*,#7069,.T.);
#7069 = EDGE_CURVE('',#6023,#5967,#7070,.T.);
#7070 = LINE('',#7071,#7072);
#7071 = CARTESIAN_POINT('',(-0.1,-7.32,0.9));
#7072 = VECTOR('',#7073,1.);
#7073 = DIRECTION('',(4.440892098501E-16,-1.,0.));
#7074 = ORIENTED_EDGE('',*,*,#5974,.F.);
#7075 = ORIENTED_EDGE('',*,*,#5996,.F.);
#7076 = ORIENTED_EDGE('',*,*,#6022,.F.);
#7077 = PLANE('',#7078);
#7078 = AXIS2_PLACEMENT_3D('',#7079,#7080,#7081);
#7079 = CARTESIAN_POINT('',(0.3,-7.92,0.9));
#7080 = DIRECTION('',(-0.,0.,-1.));
#7081 = DIRECTION('',(4.440892098501E-16,-1.,-0.));
#7082 = ADVANCED_FACE('',(#7083),#7126,.F.);
#7083 = FACE_BOUND('',#7084,.F.);
#7084 = EDGE_LOOP('',(#7085,#7086,#7087,#7095,#7103,#7111,#7119,#7125));
#7085 = ORIENTED_EDGE('',*,*,#7069,.F.);
#7086 = ORIENTED_EDGE('',*,*,#6030,.T.);
#7087 = ORIENTED_EDGE('',*,*,#7088,.F.);
#7088 = EDGE_CURVE('',#7089,#6031,#7091,.T.);
#7089 = VERTEX_POINT('',#7090);
#7090 = CARTESIAN_POINT('',(-0.1,-7.37,5.85));
#7091 = LINE('',#7092,#7093);
#7092 = CARTESIAN_POINT('',(-0.1,-7.37,5.85));
#7093 = VECTOR('',#7094,1.);
#7094 = DIRECTION('',(-3.140184917366E-16,0.707106781187,0.707106781187)
  );
#7095 = ORIENTED_EDGE('',*,*,#7096,.F.);
#7096 = EDGE_CURVE('',#7097,#7089,#7099,.T.);
#7097 = VERTEX_POINT('',#7098);
#7098 = CARTESIAN_POINT('',(-0.1,-7.37,1.25));
#7099 = LINE('',#7100,#7101);
#7100 = CARTESIAN_POINT('',(-0.1,-7.37,1.25));
#7101 = VECTOR('',#7102,1.);
#7102 = DIRECTION('',(0.,0.,1.));
#7103 = ORIENTED_EDGE('',*,*,#7104,.F.);
#7104 = EDGE_CURVE('',#7105,#7097,#7107,.T.);
#7105 = VERTEX_POINT('',#7106);
#7106 = CARTESIAN_POINT('',(-0.1,-7.87,1.25));
#7107 = LINE('',#7108,#7109);
#7108 = CARTESIAN_POINT('',(-0.1,-7.87,1.25));
#7109 = VECTOR('',#7110,1.);
#7110 = DIRECTION('',(-4.440892098501E-16,1.,0.));
#7111 = ORIENTED_EDGE('',*,*,#7112,.F.);
#7112 = EDGE_CURVE('',#7113,#7105,#7115,.T.);
#7113 = VERTEX_POINT('',#7114);
#7114 = CARTESIAN_POINT('',(-0.1,-7.87,5.85));
#7115 = LINE('',#7116,#7117);
#7116 = CARTESIAN_POINT('',(-0.1,-7.87,5.85));
#7117 = VECTOR('',#7118,1.);
#7118 = DIRECTION('',(-0.,0.,-1.));
#7119 = ORIENTED_EDGE('',*,*,#7120,.F.);
#7120 = EDGE_CURVE('',#5959,#7113,#7121,.T.);
#7121 = LINE('',#7122,#7123);
#7122 = CARTESIAN_POINT('',(-0.1,-7.92,5.9));
#7123 = VECTOR('',#7124,1.);
#7124 = DIRECTION('',(-3.140184917366E-16,0.707106781187,-0.707106781187
    ));
#7125 = ORIENTED_EDGE('',*,*,#5966,.T.);
#7126 = PLANE('',#7127);
#7127 = AXIS2_PLACEMENT_3D('',#7128,#7129,#7130);
#7128 = CARTESIAN_POINT('',(-0.1,-7.32,0.2));
#7129 = DIRECTION('',(1.,4.440892098501E-16,0.));
#7130 = DIRECTION('',(0.,0.,-1.));
#7131 = ADVANCED_FACE('',(#7132),#7150,.T.);
#7132 = FACE_BOUND('',#7133,.T.);
#7133 = EDGE_LOOP('',(#7134,#7135,#7143,#7149));
#7134 = ORIENTED_EDGE('',*,*,#5958,.T.);
#7135 = ORIENTED_EDGE('',*,*,#7136,.T.);
#7136 = EDGE_CURVE('',#5951,#7137,#7139,.T.);
#7137 = VERTEX_POINT('',#7138);
#7138 = CARTESIAN_POINT('',(0.1,-7.87,5.85));
#7139 = LINE('',#7140,#7141);
#7140 = CARTESIAN_POINT('',(0.1,-7.92,5.9));
#7141 = VECTOR('',#7142,1.);
#7142 = DIRECTION('',(-3.140184917366E-16,0.707106781187,-0.707106781187
    ));
#7143 = ORIENTED_EDGE('',*,*,#7144,.F.);
#7144 = EDGE_CURVE('',#7113,#7137,#7145,.T.);
#7145 = LINE('',#7146,#7147);
#7146 = CARTESIAN_POINT('',(-0.1,-7.87,5.85));
#7147 = VECTOR('',#7148,1.);
#7148 = DIRECTION('',(1.,4.440892098501E-16,0.));
#7149 = ORIENTED_EDGE('',*,*,#7120,.F.);
#7150 = PLANE('',#7151);
#7151 = AXIS2_PLACEMENT_3D('',#7152,#7153,#7154);
#7152 = CARTESIAN_POINT('',(-0.1,-7.92,5.9));
#7153 = DIRECTION('',(-3.140184917366E-16,0.707106781187,0.707106781187)
  );
#7154 = DIRECTION('',(-3.140184917366E-16,0.707106781187,-0.707106781187
    ));
#7155 = ADVANCED_FACE('',(#7156),#7197,.F.);
#7156 = FACE_BOUND('',#7157,.F.);
#7157 = EDGE_LOOP('',(#7158,#7159,#7165,#7166,#7167,#7175,#7183,#7191));
#7158 = ORIENTED_EDGE('',*,*,#6046,.T.);
#7159 = ORIENTED_EDGE('',*,*,#7160,.F.);
#7160 = EDGE_CURVE('',#5943,#6047,#7161,.T.);
#7161 = LINE('',#7162,#7163);
#7162 = CARTESIAN_POINT('',(0.1,-7.92,0.9));
#7163 = VECTOR('',#7164,1.);
#7164 = DIRECTION('',(-4.440892098501E-16,1.,0.));
#7165 = ORIENTED_EDGE('',*,*,#5950,.T.);
#7166 = ORIENTED_EDGE('',*,*,#7136,.T.);
#7167 = ORIENTED_EDGE('',*,*,#7168,.T.);
#7168 = EDGE_CURVE('',#7137,#7169,#7171,.T.);
#7169 = VERTEX_POINT('',#7170);
#7170 = CARTESIAN_POINT('',(0.1,-7.87,1.25));
#7171 = LINE('',#7172,#7173);
#7172 = CARTESIAN_POINT('',(0.1,-7.87,5.85));
#7173 = VECTOR('',#7174,1.);
#7174 = DIRECTION('',(-0.,0.,-1.));
#7175 = ORIENTED_EDGE('',*,*,#7176,.T.);
#7176 = EDGE_CURVE('',#7169,#7177,#7179,.T.);
#7177 = VERTEX_POINT('',#7178);
#7178 = CARTESIAN_POINT('',(0.1,-7.37,1.25));
#7179 = LINE('',#7180,#7181);
#7180 = CARTESIAN_POINT('',(0.1,-7.87,1.25));
#7181 = VECTOR('',#7182,1.);
#7182 = DIRECTION('',(-4.440892098501E-16,1.,0.));
#7183 = ORIENTED_EDGE('',*,*,#7184,.T.);
#7184 = EDGE_CURVE('',#7177,#7185,#7187,.T.);
#7185 = VERTEX_POINT('',#7186);
#7186 = CARTESIAN_POINT('',(0.1,-7.37,5.85));
#7187 = LINE('',#7188,#7189);
#7188 = CARTESIAN_POINT('',(0.1,-7.37,1.25));
#7189 = VECTOR('',#7190,1.);
#7190 = DIRECTION('',(0.,0.,1.));
#7191 = ORIENTED_EDGE('',*,*,#7192,.T.);
#7192 = EDGE_CURVE('',#7185,#6039,#7193,.T.);
#7193 = LINE('',#7194,#7195);
#7194 = CARTESIAN_POINT('',(0.1,-7.37,5.85));
#7195 = VECTOR('',#7196,1.);
#7196 = DIRECTION('',(-3.140184917366E-16,0.707106781187,0.707106781187)
  );
#7197 = PLANE('',#7198);
#7198 = AXIS2_PLACEMENT_3D('',#7199,#7200,#7201);
#7199 = CARTESIAN_POINT('',(0.1,-7.32,0.2));
#7200 = DIRECTION('',(-1.,-4.440892098501E-16,0.));
#7201 = DIRECTION('',(0.,0.,1.));
#7202 = ADVANCED_FACE('',(#7203),#7209,.F.);
#7203 = FACE_BOUND('',#7204,.F.);
#7204 = EDGE_LOOP('',(#7205,#7206,#7207,#7208));
#7205 = ORIENTED_EDGE('',*,*,#6069,.F.);
#7206 = ORIENTED_EDGE('',*,*,#5942,.F.);
#7207 = ORIENTED_EDGE('',*,*,#7160,.T.);
#7208 = ORIENTED_EDGE('',*,*,#6054,.F.);
#7209 = PLANE('',#7210);
#7210 = AXIS2_PLACEMENT_3D('',#7211,#7212,#7213);
#7211 = CARTESIAN_POINT('',(0.3,-7.92,0.9));
#7212 = DIRECTION('',(-0.,0.,-1.));
#7213 = DIRECTION('',(4.440892098501E-16,-1.,-0.));
#7214 = ADVANCED_FACE('',(#7215),#7226,.T.);
#7215 = FACE_BOUND('',#7216,.T.);
#7216 = EDGE_LOOP('',(#7217,#7223,#7224,#7225));
#7217 = ORIENTED_EDGE('',*,*,#7218,.T.);
#7218 = EDGE_CURVE('',#7089,#7185,#7219,.T.);
#7219 = LINE('',#7220,#7221);
#7220 = CARTESIAN_POINT('',(-0.1,-7.37,5.85));
#7221 = VECTOR('',#7222,1.);
#7222 = DIRECTION('',(1.,4.440892098501E-16,0.));
#7223 = ORIENTED_EDGE('',*,*,#7192,.T.);
#7224 = ORIENTED_EDGE('',*,*,#6038,.F.);
#7225 = ORIENTED_EDGE('',*,*,#7088,.F.);
#7226 = PLANE('',#7227);
#7227 = AXIS2_PLACEMENT_3D('',#7228,#7229,#7230);
#7228 = CARTESIAN_POINT('',(-0.1,-7.37,5.85));
#7229 = DIRECTION('',(3.140184917366E-16,-0.707106781187,0.707106781187)
  );
#7230 = DIRECTION('',(-3.140184917366E-16,0.707106781187,0.707106781187)
  );
#7231 = ADVANCED_FACE('',(#7232),#7243,.F.);
#7232 = FACE_BOUND('',#7233,.F.);
#7233 = EDGE_LOOP('',(#7234,#7240,#7241,#7242));
#7234 = ORIENTED_EDGE('',*,*,#7235,.T.);
#7235 = EDGE_CURVE('',#6183,#6127,#7236,.T.);
#7236 = LINE('',#7237,#7238);
#7237 = CARTESIAN_POINT('',(-0.1,0.3,0.9));
#7238 = VECTOR('',#7239,1.);
#7239 = DIRECTION('',(4.440892098501E-16,-1.,0.));
#7240 = ORIENTED_EDGE('',*,*,#6134,.F.);
#7241 = ORIENTED_EDGE('',*,*,#6156,.F.);
#7242 = ORIENTED_EDGE('',*,*,#6182,.F.);
#7243 = PLANE('',#7244);
#7244 = AXIS2_PLACEMENT_3D('',#7245,#7246,#7247);
#7245 = CARTESIAN_POINT('',(0.3,-0.3,0.9));
#7246 = DIRECTION('',(-0.,0.,-1.));
#7247 = DIRECTION('',(4.440892098501E-16,-1.,-0.));
#7248 = ADVANCED_FACE('',(#7249),#7292,.F.);
#7249 = FACE_BOUND('',#7250,.F.);
#7250 = EDGE_LOOP('',(#7251,#7252,#7253,#7261,#7269,#7277,#7285,#7291));
#7251 = ORIENTED_EDGE('',*,*,#7235,.F.);
#7252 = ORIENTED_EDGE('',*,*,#6190,.T.);
#7253 = ORIENTED_EDGE('',*,*,#7254,.F.);
#7254 = EDGE_CURVE('',#7255,#6191,#7257,.T.);
#7255 = VERTEX_POINT('',#7256);
#7256 = CARTESIAN_POINT('',(-0.1,0.25,5.85));
#7257 = LINE('',#7258,#7259);
#7258 = CARTESIAN_POINT('',(-0.1,0.25,5.85));
#7259 = VECTOR('',#7260,1.);
#7260 = DIRECTION('',(-3.140184917366E-16,0.707106781187,0.707106781187)
  );
#7261 = ORIENTED_EDGE('',*,*,#7262,.F.);
#7262 = EDGE_CURVE('',#7263,#7255,#7265,.T.);
#7263 = VERTEX_POINT('',#7264);
#7264 = CARTESIAN_POINT('',(-0.1,0.25,1.25));
#7265 = LINE('',#7266,#7267);
#7266 = CARTESIAN_POINT('',(-0.1,0.25,1.25));
#7267 = VECTOR('',#7268,1.);
#7268 = DIRECTION('',(0.,0.,1.));
#7269 = ORIENTED_EDGE('',*,*,#7270,.F.);
#7270 = EDGE_CURVE('',#7271,#7263,#7273,.T.);
#7271 = VERTEX_POINT('',#7272);
#7272 = CARTESIAN_POINT('',(-0.1,-0.25,1.25));
#7273 = LINE('',#7274,#7275);
#7274 = CARTESIAN_POINT('',(-0.1,-0.25,1.25));
#7275 = VECTOR('',#7276,1.);
#7276 = DIRECTION('',(-4.440892098501E-16,1.,0.));
#7277 = ORIENTED_EDGE('',*,*,#7278,.F.);
#7278 = EDGE_CURVE('',#7279,#7271,#7281,.T.);
#7279 = VERTEX_POINT('',#7280);
#7280 = CARTESIAN_POINT('',(-0.1,-0.25,5.85));
#7281 = LINE('',#7282,#7283);
#7282 = CARTESIAN_POINT('',(-0.1,-0.25,5.85));
#7283 = VECTOR('',#7284,1.);
#7284 = DIRECTION('',(-0.,0.,-1.));
#7285 = ORIENTED_EDGE('',*,*,#7286,.F.);
#7286 = EDGE_CURVE('',#6119,#7279,#7287,.T.);
#7287 = LINE('',#7288,#7289);
#7288 = CARTESIAN_POINT('',(-0.1,-0.3,5.9));
#7289 = VECTOR('',#7290,1.);
#7290 = DIRECTION('',(-3.140184917366E-16,0.707106781187,-0.707106781187
    ));
#7291 = ORIENTED_EDGE('',*,*,#6126,.T.);
#7292 = PLANE('',#7293);
#7293 = AXIS2_PLACEMENT_3D('',#7294,#7295,#7296);
#7294 = CARTESIAN_POINT('',(-0.1,0.3,0.2));
#7295 = DIRECTION('',(1.,4.440892098501E-16,0.));
#7296 = DIRECTION('',(0.,0.,-1.));
#7297 = ADVANCED_FACE('',(#7298),#7316,.T.);
#7298 = FACE_BOUND('',#7299,.T.);
#7299 = EDGE_LOOP('',(#7300,#7301,#7309,#7315));
#7300 = ORIENTED_EDGE('',*,*,#6118,.T.);
#7301 = ORIENTED_EDGE('',*,*,#7302,.T.);
#7302 = EDGE_CURVE('',#6111,#7303,#7305,.T.);
#7303 = VERTEX_POINT('',#7304);
#7304 = CARTESIAN_POINT('',(0.1,-0.25,5.85));
#7305 = LINE('',#7306,#7307);
#7306 = CARTESIAN_POINT('',(0.1,-0.3,5.9));
#7307 = VECTOR('',#7308,1.);
#7308 = DIRECTION('',(-3.140184917366E-16,0.707106781187,-0.707106781187
    ));
#7309 = ORIENTED_EDGE('',*,*,#7310,.F.);
#7310 = EDGE_CURVE('',#7279,#7303,#7311,.T.);
#7311 = LINE('',#7312,#7313);
#7312 = CARTESIAN_POINT('',(-0.1,-0.25,5.85));
#7313 = VECTOR('',#7314,1.);
#7314 = DIRECTION('',(1.,4.440892098501E-16,0.));
#7315 = ORIENTED_EDGE('',*,*,#7286,.F.);
#7316 = PLANE('',#7317);
#7317 = AXIS2_PLACEMENT_3D('',#7318,#7319,#7320);
#7318 = CARTESIAN_POINT('',(-0.1,-0.3,5.9));
#7319 = DIRECTION('',(-3.140184917366E-16,0.707106781187,0.707106781187)
  );
#7320 = DIRECTION('',(-3.140184917366E-16,0.707106781187,-0.707106781187
    ));
#7321 = ADVANCED_FACE('',(#7322),#7363,.F.);
#7322 = FACE_BOUND('',#7323,.F.);
#7323 = EDGE_LOOP('',(#7324,#7325,#7331,#7332,#7333,#7341,#7349,#7357));
#7324 = ORIENTED_EDGE('',*,*,#6206,.T.);
#7325 = ORIENTED_EDGE('',*,*,#7326,.F.);
#7326 = EDGE_CURVE('',#6103,#6207,#7327,.T.);
#7327 = LINE('',#7328,#7329);
#7328 = CARTESIAN_POINT('',(0.1,-0.3,0.9));
#7329 = VECTOR('',#7330,1.);
#7330 = DIRECTION('',(-4.440892098501E-16,1.,0.));
#7331 = ORIENTED_EDGE('',*,*,#6110,.T.);
#7332 = ORIENTED_EDGE('',*,*,#7302,.T.);
#7333 = ORIENTED_EDGE('',*,*,#7334,.T.);
#7334 = EDGE_CURVE('',#7303,#7335,#7337,.T.);
#7335 = VERTEX_POINT('',#7336);
#7336 = CARTESIAN_POINT('',(0.1,-0.25,1.25));
#7337 = LINE('',#7338,#7339);
#7338 = CARTESIAN_POINT('',(0.1,-0.25,5.85));
#7339 = VECTOR('',#7340,1.);
#7340 = DIRECTION('',(-0.,0.,-1.));
#7341 = ORIENTED_EDGE('',*,*,#7342,.T.);
#7342 = EDGE_CURVE('',#7335,#7343,#7345,.T.);
#7343 = VERTEX_POINT('',#7344);
#7344 = CARTESIAN_POINT('',(0.1,0.25,1.25));
#7345 = LINE('',#7346,#7347);
#7346 = CARTESIAN_POINT('',(0.1,-0.25,1.25));
#7347 = VECTOR('',#7348,1.);
#7348 = DIRECTION('',(-4.440892098501E-16,1.,0.));
#7349 = ORIENTED_EDGE('',*,*,#7350,.T.);
#7350 = EDGE_CURVE('',#7343,#7351,#7353,.T.);
#7351 = VERTEX_POINT('',#7352);
#7352 = CARTESIAN_POINT('',(0.1,0.25,5.85));
#7353 = LINE('',#7354,#7355);
#7354 = CARTESIAN_POINT('',(0.1,0.25,1.25));
#7355 = VECTOR('',#7356,1.);
#7356 = DIRECTION('',(0.,0.,1.));
#7357 = ORIENTED_EDGE('',*,*,#7358,.T.);
#7358 = EDGE_CURVE('',#7351,#6199,#7359,.T.);
#7359 = LINE('',#7360,#7361);
#7360 = CARTESIAN_POINT('',(0.1,0.25,5.85));
#7361 = VECTOR('',#7362,1.);
#7362 = DIRECTION('',(-3.140184917366E-16,0.707106781187,0.707106781187)
  );
#7363 = PLANE('',#7364);
#7364 = AXIS2_PLACEMENT_3D('',#7365,#7366,#7367);
#7365 = CARTESIAN_POINT('',(0.1,0.3,0.2));
#7366 = DIRECTION('',(-1.,-4.440892098501E-16,0.));
#7367 = DIRECTION('',(0.,0.,1.));
#7368 = ADVANCED_FACE('',(#7369),#7375,.F.);
#7369 = FACE_BOUND('',#7370,.F.);
#7370 = EDGE_LOOP('',(#7371,#7372,#7373,#7374));
#7371 = ORIENTED_EDGE('',*,*,#6229,.F.);
#7372 = ORIENTED_EDGE('',*,*,#6102,.F.);
#7373 = ORIENTED_EDGE('',*,*,#7326,.T.);
#7374 = ORIENTED_EDGE('',*,*,#6214,.F.);
#7375 = PLANE('',#7376);
#7376 = AXIS2_PLACEMENT_3D('',#7377,#7378,#7379);
#7377 = CARTESIAN_POINT('',(0.3,-0.3,0.9));
#7378 = DIRECTION('',(-0.,0.,-1.));
#7379 = DIRECTION('',(4.440892098501E-16,-1.,-0.));
#7380 = ADVANCED_FACE('',(#7381),#7392,.T.);
#7381 = FACE_BOUND('',#7382,.T.);
#7382 = EDGE_LOOP('',(#7383,#7389,#7390,#7391));
#7383 = ORIENTED_EDGE('',*,*,#7384,.T.);
#7384 = EDGE_CURVE('',#7255,#7351,#7385,.T.);
#7385 = LINE('',#7386,#7387);
#7386 = CARTESIAN_POINT('',(-0.1,0.25,5.85));
#7387 = VECTOR('',#7388,1.);
#7388 = DIRECTION('',(1.,4.440892098501E-16,0.));
#7389 = ORIENTED_EDGE('',*,*,#7358,.T.);
#7390 = ORIENTED_EDGE('',*,*,#6198,.F.);
#7391 = ORIENTED_EDGE('',*,*,#7254,.F.);
#7392 = PLANE('',#7393);
#7393 = AXIS2_PLACEMENT_3D('',#7394,#7395,#7396);
#7394 = CARTESIAN_POINT('',(-0.1,0.25,5.85));
#7395 = DIRECTION('',(3.140184917366E-16,-0.707106781187,0.707106781187)
  );
#7396 = DIRECTION('',(-3.140184917366E-16,0.707106781187,0.707106781187)
  );
#7397 = ADVANCED_FACE('',(#7398),#7409,.F.);
#7398 = FACE_BOUND('',#7399,.F.);
#7399 = EDGE_LOOP('',(#7400,#7406,#7407,#7408));
#7400 = ORIENTED_EDGE('',*,*,#7401,.T.);
#7401 = EDGE_CURVE('',#6343,#6287,#7402,.T.);
#7402 = LINE('',#7403,#7404);
#7403 = CARTESIAN_POINT('',(-0.1,-2.24,0.9));
#7404 = VECTOR('',#7405,1.);
#7405 = DIRECTION('',(4.440892098501E-16,-1.,0.));
#7406 = ORIENTED_EDGE('',*,*,#6294,.F.);
#7407 = ORIENTED_EDGE('',*,*,#6316,.F.);
#7408 = ORIENTED_EDGE('',*,*,#6342,.F.);
#7409 = PLANE('',#7410);
#7410 = AXIS2_PLACEMENT_3D('',#7411,#7412,#7413);
#7411 = CARTESIAN_POINT('',(0.3,-2.84,0.9));
#7412 = DIRECTION('',(-0.,0.,-1.));
#7413 = DIRECTION('',(4.440892098501E-16,-1.,-0.));
#7414 = ADVANCED_FACE('',(#7415),#7458,.F.);
#7415 = FACE_BOUND('',#7416,.F.);
#7416 = EDGE_LOOP('',(#7417,#7418,#7419,#7427,#7435,#7443,#7451,#7457));
#7417 = ORIENTED_EDGE('',*,*,#7401,.F.);
#7418 = ORIENTED_EDGE('',*,*,#6350,.T.);
#7419 = ORIENTED_EDGE('',*,*,#7420,.F.);
#7420 = EDGE_CURVE('',#7421,#6351,#7423,.T.);
#7421 = VERTEX_POINT('',#7422);
#7422 = CARTESIAN_POINT('',(-0.1,-2.29,5.85));
#7423 = LINE('',#7424,#7425);
#7424 = CARTESIAN_POINT('',(-0.1,-2.29,5.85));
#7425 = VECTOR('',#7426,1.);
#7426 = DIRECTION('',(-3.140184917366E-16,0.707106781187,0.707106781187)
  );
#7427 = ORIENTED_EDGE('',*,*,#7428,.F.);
#7428 = EDGE_CURVE('',#7429,#7421,#7431,.T.);
#7429 = VERTEX_POINT('',#7430);
#7430 = CARTESIAN_POINT('',(-0.1,-2.29,1.25));
#7431 = LINE('',#7432,#7433);
#7432 = CARTESIAN_POINT('',(-0.1,-2.29,1.25));
#7433 = VECTOR('',#7434,1.);
#7434 = DIRECTION('',(0.,0.,1.));
#7435 = ORIENTED_EDGE('',*,*,#7436,.F.);
#7436 = EDGE_CURVE('',#7437,#7429,#7439,.T.);
#7437 = VERTEX_POINT('',#7438);
#7438 = CARTESIAN_POINT('',(-0.1,-2.79,1.25));
#7439 = LINE('',#7440,#7441);
#7440 = CARTESIAN_POINT('',(-0.1,-2.79,1.25));
#7441 = VECTOR('',#7442,1.);
#7442 = DIRECTION('',(-4.440892098501E-16,1.,0.));
#7443 = ORIENTED_EDGE('',*,*,#7444,.F.);
#7444 = EDGE_CURVE('',#7445,#7437,#7447,.T.);
#7445 = VERTEX_POINT('',#7446);
#7446 = CARTESIAN_POINT('',(-0.1,-2.79,5.85));
#7447 = LINE('',#7448,#7449);
#7448 = CARTESIAN_POINT('',(-0.1,-2.79,5.85));
#7449 = VECTOR('',#7450,1.);
#7450 = DIRECTION('',(-0.,0.,-1.));
#7451 = ORIENTED_EDGE('',*,*,#7452,.F.);
#7452 = EDGE_CURVE('',#6279,#7445,#7453,.T.);
#7453 = LINE('',#7454,#7455);
#7454 = CARTESIAN_POINT('',(-0.1,-2.84,5.9));
#7455 = VECTOR('',#7456,1.);
#7456 = DIRECTION('',(-3.140184917366E-16,0.707106781187,-0.707106781187
    ));
#7457 = ORIENTED_EDGE('',*,*,#6286,.T.);
#7458 = PLANE('',#7459);
#7459 = AXIS2_PLACEMENT_3D('',#7460,#7461,#7462);
#7460 = CARTESIAN_POINT('',(-0.1,-2.24,0.2));
#7461 = DIRECTION('',(1.,4.440892098501E-16,0.));
#7462 = DIRECTION('',(0.,0.,-1.));
#7463 = ADVANCED_FACE('',(#7464),#7482,.T.);
#7464 = FACE_BOUND('',#7465,.T.);
#7465 = EDGE_LOOP('',(#7466,#7467,#7475,#7481));
#7466 = ORIENTED_EDGE('',*,*,#6278,.T.);
#7467 = ORIENTED_EDGE('',*,*,#7468,.T.);
#7468 = EDGE_CURVE('',#6271,#7469,#7471,.T.);
#7469 = VERTEX_POINT('',#7470);
#7470 = CARTESIAN_POINT('',(0.1,-2.79,5.85));
#7471 = LINE('',#7472,#7473);
#7472 = CARTESIAN_POINT('',(0.1,-2.84,5.9));
#7473 = VECTOR('',#7474,1.);
#7474 = DIRECTION('',(-3.140184917366E-16,0.707106781187,-0.707106781187
    ));
#7475 = ORIENTED_EDGE('',*,*,#7476,.F.);
#7476 = EDGE_CURVE('',#7445,#7469,#7477,.T.);
#7477 = LINE('',#7478,#7479);
#7478 = CARTESIAN_POINT('',(-0.1,-2.79,5.85));
#7479 = VECTOR('',#7480,1.);
#7480 = DIRECTION('',(1.,4.440892098501E-16,0.));
#7481 = ORIENTED_EDGE('',*,*,#7452,.F.);
#7482 = PLANE('',#7483);
#7483 = AXIS2_PLACEMENT_3D('',#7484,#7485,#7486);
#7484 = CARTESIAN_POINT('',(-0.1,-2.84,5.9));
#7485 = DIRECTION('',(-3.140184917366E-16,0.707106781187,0.707106781187)
  );
#7486 = DIRECTION('',(-3.140184917366E-16,0.707106781187,-0.707106781187
    ));
#7487 = ADVANCED_FACE('',(#7488),#7529,.F.);
#7488 = FACE_BOUND('',#7489,.F.);
#7489 = EDGE_LOOP('',(#7490,#7491,#7497,#7498,#7499,#7507,#7515,#7523));
#7490 = ORIENTED_EDGE('',*,*,#6366,.T.);
#7491 = ORIENTED_EDGE('',*,*,#7492,.F.);
#7492 = EDGE_CURVE('',#6263,#6367,#7493,.T.);
#7493 = LINE('',#7494,#7495);
#7494 = CARTESIAN_POINT('',(0.1,-2.84,0.9));
#7495 = VECTOR('',#7496,1.);
#7496 = DIRECTION('',(-4.440892098501E-16,1.,0.));
#7497 = ORIENTED_EDGE('',*,*,#6270,.T.);
#7498 = ORIENTED_EDGE('',*,*,#7468,.T.);
#7499 = ORIENTED_EDGE('',*,*,#7500,.T.);
#7500 = EDGE_CURVE('',#7469,#7501,#7503,.T.);
#7501 = VERTEX_POINT('',#7502);
#7502 = CARTESIAN_POINT('',(0.1,-2.79,1.25));
#7503 = LINE('',#7504,#7505);
#7504 = CARTESIAN_POINT('',(0.1,-2.79,5.85));
#7505 = VECTOR('',#7506,1.);
#7506 = DIRECTION('',(-0.,0.,-1.));
#7507 = ORIENTED_EDGE('',*,*,#7508,.T.);
#7508 = EDGE_CURVE('',#7501,#7509,#7511,.T.);
#7509 = VERTEX_POINT('',#7510);
#7510 = CARTESIAN_POINT('',(0.1,-2.29,1.25));
#7511 = LINE('',#7512,#7513);
#7512 = CARTESIAN_POINT('',(0.1,-2.79,1.25));
#7513 = VECTOR('',#7514,1.);
#7514 = DIRECTION('',(-4.440892098501E-16,1.,0.));
#7515 = ORIENTED_EDGE('',*,*,#7516,.T.);
#7516 = EDGE_CURVE('',#7509,#7517,#7519,.T.);
#7517 = VERTEX_POINT('',#7518);
#7518 = CARTESIAN_POINT('',(0.1,-2.29,5.85));
#7519 = LINE('',#7520,#7521);
#7520 = CARTESIAN_POINT('',(0.1,-2.29,1.25));
#7521 = VECTOR('',#7522,1.);
#7522 = DIRECTION('',(0.,0.,1.));
#7523 = ORIENTED_EDGE('',*,*,#7524,.T.);
#7524 = EDGE_CURVE('',#7517,#6359,#7525,.T.);
#7525 = LINE('',#7526,#7527);
#7526 = CARTESIAN_POINT('',(0.1,-2.29,5.85));
#7527 = VECTOR('',#7528,1.);
#7528 = DIRECTION('',(-3.140184917366E-16,0.707106781187,0.707106781187)
  );
#7529 = PLANE('',#7530);
#7530 = AXIS2_PLACEMENT_3D('',#7531,#7532,#7533);
#7531 = CARTESIAN_POINT('',(0.1,-2.24,0.2));
#7532 = DIRECTION('',(-1.,-4.440892098501E-16,0.));
#7533 = DIRECTION('',(0.,0.,1.));
#7534 = ADVANCED_FACE('',(#7535),#7541,.F.);
#7535 = FACE_BOUND('',#7536,.F.);
#7536 = EDGE_LOOP('',(#7537,#7538,#7539,#7540));
#7537 = ORIENTED_EDGE('',*,*,#6389,.F.);
#7538 = ORIENTED_EDGE('',*,*,#6262,.F.);
#7539 = ORIENTED_EDGE('',*,*,#7492,.T.);
#7540 = ORIENTED_EDGE('',*,*,#6374,.F.);
#7541 = PLANE('',#7542);
#7542 = AXIS2_PLACEMENT_3D('',#7543,#7544,#7545);
#7543 = CARTESIAN_POINT('',(0.3,-2.84,0.9));
#7544 = DIRECTION('',(-0.,0.,-1.));
#7545 = DIRECTION('',(4.440892098501E-16,-1.,-0.));
#7546 = ADVANCED_FACE('',(#7547),#7558,.T.);
#7547 = FACE_BOUND('',#7548,.T.);
#7548 = EDGE_LOOP('',(#7549,#7555,#7556,#7557));
#7549 = ORIENTED_EDGE('',*,*,#7550,.T.);
#7550 = EDGE_CURVE('',#7421,#7517,#7551,.T.);
#7551 = LINE('',#7552,#7553);
#7552 = CARTESIAN_POINT('',(-0.1,-2.29,5.85));
#7553 = VECTOR('',#7554,1.);
#7554 = DIRECTION('',(1.,4.440892098501E-16,0.));
#7555 = ORIENTED_EDGE('',*,*,#7524,.T.);
#7556 = ORIENTED_EDGE('',*,*,#6358,.F.);
#7557 = ORIENTED_EDGE('',*,*,#7420,.F.);
#7558 = PLANE('',#7559);
#7559 = AXIS2_PLACEMENT_3D('',#7560,#7561,#7562);
#7560 = CARTESIAN_POINT('',(-0.1,-2.29,5.85));
#7561 = DIRECTION('',(3.140184917366E-16,-0.707106781187,0.707106781187)
  );
#7562 = DIRECTION('',(-3.140184917366E-16,0.707106781187,0.707106781187)
  );
#7563 = ADVANCED_FACE('',(#7564),#7575,.T.);
#7564 = FACE_BOUND('',#7565,.T.);
#7565 = EDGE_LOOP('',(#7566,#7567,#7568,#7574));
#7566 = ORIENTED_EDGE('',*,*,#6480,.T.);
#7567 = ORIENTED_EDGE('',*,*,#6504,.T.);
#7568 = ORIENTED_EDGE('',*,*,#7569,.F.);
#7569 = EDGE_CURVE('',#6441,#6505,#7570,.T.);
#7570 = LINE('',#7571,#7572);
#7571 = CARTESIAN_POINT('',(-0.1,-10.41,1.25));
#7572 = VECTOR('',#7573,1.);
#7573 = DIRECTION('',(1.,4.440892098501E-16,0.));
#7574 = ORIENTED_EDGE('',*,*,#6448,.F.);
#7575 = PLANE('',#7576);
#7576 = AXIS2_PLACEMENT_3D('',#7577,#7578,#7579);
#7577 = CARTESIAN_POINT('',(-0.1,-10.41,5.85));
#7578 = DIRECTION('',(-4.440892098501E-16,1.,0.));
#7579 = DIRECTION('',(0.,0.,-1.));
#7580 = ADVANCED_FACE('',(#7581),#7592,.T.);
#7581 = FACE_BOUND('',#7582,.T.);
#7582 = EDGE_LOOP('',(#7583,#7584,#7585,#7591));
#7583 = ORIENTED_EDGE('',*,*,#7569,.T.);
#7584 = ORIENTED_EDGE('',*,*,#6512,.T.);
#7585 = ORIENTED_EDGE('',*,*,#7586,.F.);
#7586 = EDGE_CURVE('',#6433,#6513,#7587,.T.);
#7587 = LINE('',#7588,#7589);
#7588 = CARTESIAN_POINT('',(-0.1,-9.91,1.25));
#7589 = VECTOR('',#7590,1.);
#7590 = DIRECTION('',(1.,4.440892098501E-16,0.));
#7591 = ORIENTED_EDGE('',*,*,#6440,.F.);
#7592 = PLANE('',#7593);
#7593 = AXIS2_PLACEMENT_3D('',#7594,#7595,#7596);
#7594 = CARTESIAN_POINT('',(-0.1,-10.41,1.25));
#7595 = DIRECTION('',(0.,0.,1.));
#7596 = DIRECTION('',(-4.440892098501E-16,1.,0.));
#7597 = ADVANCED_FACE('',(#7598),#7604,.T.);
#7598 = FACE_BOUND('',#7599,.T.);
#7599 = EDGE_LOOP('',(#7600,#7601,#7602,#7603));
#7600 = ORIENTED_EDGE('',*,*,#7586,.T.);
#7601 = ORIENTED_EDGE('',*,*,#6520,.T.);
#7602 = ORIENTED_EDGE('',*,*,#6554,.F.);
#7603 = ORIENTED_EDGE('',*,*,#6432,.F.);
#7604 = PLANE('',#7605);
#7605 = AXIS2_PLACEMENT_3D('',#7606,#7607,#7608);
#7606 = CARTESIAN_POINT('',(-0.1,-9.91,1.25));
#7607 = DIRECTION('',(4.440892098501E-16,-1.,0.));
#7608 = DIRECTION('',(0.,0.,1.));
#7609 = ADVANCED_FACE('',(#7610),#7621,.T.);
#7610 = FACE_BOUND('',#7611,.T.);
#7611 = EDGE_LOOP('',(#7612,#7613,#7614,#7620));
#7612 = ORIENTED_EDGE('',*,*,#6646,.T.);
#7613 = ORIENTED_EDGE('',*,*,#6670,.T.);
#7614 = ORIENTED_EDGE('',*,*,#7615,.F.);
#7615 = EDGE_CURVE('',#6607,#6671,#7616,.T.);
#7616 = LINE('',#7617,#7618);
#7617 = CARTESIAN_POINT('',(-0.1,-12.95,1.25));
#7618 = VECTOR('',#7619,1.);
#7619 = DIRECTION('',(1.,4.440892098501E-16,0.));
#7620 = ORIENTED_EDGE('',*,*,#6614,.F.);
#7621 = PLANE('',#7622);
#7622 = AXIS2_PLACEMENT_3D('',#7623,#7624,#7625);
#7623 = CARTESIAN_POINT('',(-0.1,-12.95,5.85));
#7624 = DIRECTION('',(-4.440892098501E-16,1.,0.));
#7625 = DIRECTION('',(0.,0.,-1.));
#7626 = ADVANCED_FACE('',(#7627),#7638,.T.);
#7627 = FACE_BOUND('',#7628,.T.);
#7628 = EDGE_LOOP('',(#7629,#7630,#7631,#7637));
#7629 = ORIENTED_EDGE('',*,*,#7615,.T.);
#7630 = ORIENTED_EDGE('',*,*,#6678,.T.);
#7631 = ORIENTED_EDGE('',*,*,#7632,.F.);
#7632 = EDGE_CURVE('',#6599,#6679,#7633,.T.);
#7633 = LINE('',#7634,#7635);
#7634 = CARTESIAN_POINT('',(-0.1,-12.45,1.25));
#7635 = VECTOR('',#7636,1.);
#7636 = DIRECTION('',(1.,4.440892098501E-16,0.));
#7637 = ORIENTED_EDGE('',*,*,#6606,.F.);
#7638 = PLANE('',#7639);
#7639 = AXIS2_PLACEMENT_3D('',#7640,#7641,#7642);
#7640 = CARTESIAN_POINT('',(-0.1,-12.95,1.25));
#7641 = DIRECTION('',(0.,0.,1.));
#7642 = DIRECTION('',(-4.440892098501E-16,1.,0.));
#7643 = ADVANCED_FACE('',(#7644),#7650,.T.);
#7644 = FACE_BOUND('',#7645,.T.);
#7645 = EDGE_LOOP('',(#7646,#7647,#7648,#7649));
#7646 = ORIENTED_EDGE('',*,*,#7632,.T.);
#7647 = ORIENTED_EDGE('',*,*,#6686,.T.);
#7648 = ORIENTED_EDGE('',*,*,#6720,.F.);
#7649 = ORIENTED_EDGE('',*,*,#6598,.F.);
#7650 = PLANE('',#7651);
#7651 = AXIS2_PLACEMENT_3D('',#7652,#7653,#7654);
#7652 = CARTESIAN_POINT('',(-0.1,-12.45,1.25));
#7653 = DIRECTION('',(4.440892098501E-16,-1.,0.));
#7654 = DIRECTION('',(0.,0.,1.));
#7655 = ADVANCED_FACE('',(#7656),#7667,.T.);
#7656 = FACE_BOUND('',#7657,.T.);
#7657 = EDGE_LOOP('',(#7658,#7659,#7660,#7666));
#7658 = ORIENTED_EDGE('',*,*,#6812,.T.);
#7659 = ORIENTED_EDGE('',*,*,#6836,.T.);
#7660 = ORIENTED_EDGE('',*,*,#7661,.F.);
#7661 = EDGE_CURVE('',#6773,#6837,#7662,.T.);
#7662 = LINE('',#7663,#7664);
#7663 = CARTESIAN_POINT('',(-0.1,-15.49,1.25));
#7664 = VECTOR('',#7665,1.);
#7665 = DIRECTION('',(1.,4.440892098501E-16,0.));
#7666 = ORIENTED_EDGE('',*,*,#6780,.F.);
#7667 = PLANE('',#7668);
#7668 = AXIS2_PLACEMENT_3D('',#7669,#7670,#7671);
#7669 = CARTESIAN_POINT('',(-0.1,-15.49,5.85));
#7670 = DIRECTION('',(-4.440892098501E-16,1.,0.));
#7671 = DIRECTION('',(0.,0.,-1.));
#7672 = ADVANCED_FACE('',(#7673),#7684,.T.);
#7673 = FACE_BOUND('',#7674,.T.);
#7674 = EDGE_LOOP('',(#7675,#7676,#7677,#7683));
#7675 = ORIENTED_EDGE('',*,*,#7661,.T.);
#7676 = ORIENTED_EDGE('',*,*,#6844,.T.);
#7677 = ORIENTED_EDGE('',*,*,#7678,.F.);
#7678 = EDGE_CURVE('',#6765,#6845,#7679,.T.);
#7679 = LINE('',#7680,#7681);
#7680 = CARTESIAN_POINT('',(-0.1,-14.99,1.25));
#7681 = VECTOR('',#7682,1.);
#7682 = DIRECTION('',(1.,4.440892098501E-16,0.));
#7683 = ORIENTED_EDGE('',*,*,#6772,.F.);
#7684 = PLANE('',#7685);
#7685 = AXIS2_PLACEMENT_3D('',#7686,#7687,#7688);
#7686 = CARTESIAN_POINT('',(-0.1,-15.49,1.25));
#7687 = DIRECTION('',(0.,0.,1.));
#7688 = DIRECTION('',(-4.440892098501E-16,1.,0.));
#7689 = ADVANCED_FACE('',(#7690),#7696,.T.);
#7690 = FACE_BOUND('',#7691,.T.);
#7691 = EDGE_LOOP('',(#7692,#7693,#7694,#7695));
#7692 = ORIENTED_EDGE('',*,*,#7678,.T.);
#7693 = ORIENTED_EDGE('',*,*,#6852,.T.);
#7694 = ORIENTED_EDGE('',*,*,#6886,.F.);
#7695 = ORIENTED_EDGE('',*,*,#6764,.F.);
#7696 = PLANE('',#7697);
#7697 = AXIS2_PLACEMENT_3D('',#7698,#7699,#7700);
#7698 = CARTESIAN_POINT('',(-0.1,-14.99,1.25));
#7699 = DIRECTION('',(4.440892098501E-16,-1.,0.));
#7700 = DIRECTION('',(0.,0.,1.));
#7701 = ADVANCED_FACE('',(#7702),#7713,.T.);
#7702 = FACE_BOUND('',#7703,.T.);
#7703 = EDGE_LOOP('',(#7704,#7705,#7706,#7712));
#7704 = ORIENTED_EDGE('',*,*,#6978,.T.);
#7705 = ORIENTED_EDGE('',*,*,#7002,.T.);
#7706 = ORIENTED_EDGE('',*,*,#7707,.F.);
#7707 = EDGE_CURVE('',#6939,#7003,#7708,.T.);
#7708 = LINE('',#7709,#7710);
#7709 = CARTESIAN_POINT('',(-0.1,-5.33,1.25));
#7710 = VECTOR('',#7711,1.);
#7711 = DIRECTION('',(1.,4.440892098501E-16,0.));
#7712 = ORIENTED_EDGE('',*,*,#6946,.F.);
#7713 = PLANE('',#7714);
#7714 = AXIS2_PLACEMENT_3D('',#7715,#7716,#7717);
#7715 = CARTESIAN_POINT('',(-0.1,-5.33,5.85));
#7716 = DIRECTION('',(-4.440892098501E-16,1.,0.));
#7717 = DIRECTION('',(0.,0.,-1.));
#7718 = ADVANCED_FACE('',(#7719),#7730,.T.);
#7719 = FACE_BOUND('',#7720,.T.);
#7720 = EDGE_LOOP('',(#7721,#7722,#7723,#7729));
#7721 = ORIENTED_EDGE('',*,*,#7707,.T.);
#7722 = ORIENTED_EDGE('',*,*,#7010,.T.);
#7723 = ORIENTED_EDGE('',*,*,#7724,.F.);
#7724 = EDGE_CURVE('',#6931,#7011,#7725,.T.);
#7725 = LINE('',#7726,#7727);
#7726 = CARTESIAN_POINT('',(-0.1,-4.83,1.25));
#7727 = VECTOR('',#7728,1.);
#7728 = DIRECTION('',(1.,4.440892098501E-16,0.));
#7729 = ORIENTED_EDGE('',*,*,#6938,.F.);
#7730 = PLANE('',#7731);
#7731 = AXIS2_PLACEMENT_3D('',#7732,#7733,#7734);
#7732 = CARTESIAN_POINT('',(-0.1,-5.33,1.25));
#7733 = DIRECTION('',(0.,0.,1.));
#7734 = DIRECTION('',(-4.440892098501E-16,1.,0.));
#7735 = ADVANCED_FACE('',(#7736),#7742,.T.);
#7736 = FACE_BOUND('',#7737,.T.);
#7737 = EDGE_LOOP('',(#7738,#7739,#7740,#7741));
#7738 = ORIENTED_EDGE('',*,*,#7724,.T.);
#7739 = ORIENTED_EDGE('',*,*,#7018,.T.);
#7740 = ORIENTED_EDGE('',*,*,#7052,.F.);
#7741 = ORIENTED_EDGE('',*,*,#6930,.F.);
#7742 = PLANE('',#7743);
#7743 = AXIS2_PLACEMENT_3D('',#7744,#7745,#7746);
#7744 = CARTESIAN_POINT('',(-0.1,-4.83,1.25));
#7745 = DIRECTION('',(4.440892098501E-16,-1.,0.));
#7746 = DIRECTION('',(0.,0.,1.));
#7747 = ADVANCED_FACE('',(#7748),#7759,.T.);
#7748 = FACE_BOUND('',#7749,.T.);
#7749 = EDGE_LOOP('',(#7750,#7751,#7752,#7758));
#7750 = ORIENTED_EDGE('',*,*,#7144,.T.);
#7751 = ORIENTED_EDGE('',*,*,#7168,.T.);
#7752 = ORIENTED_EDGE('',*,*,#7753,.F.);
#7753 = EDGE_CURVE('',#7105,#7169,#7754,.T.);
#7754 = LINE('',#7755,#7756);
#7755 = CARTESIAN_POINT('',(-0.1,-7.87,1.25));
#7756 = VECTOR('',#7757,1.);
#7757 = DIRECTION('',(1.,4.440892098501E-16,0.));
#7758 = ORIENTED_EDGE('',*,*,#7112,.F.);
#7759 = PLANE('',#7760);
#7760 = AXIS2_PLACEMENT_3D('',#7761,#7762,#7763);
#7761 = CARTESIAN_POINT('',(-0.1,-7.87,5.85));
#7762 = DIRECTION('',(-4.440892098501E-16,1.,0.));
#7763 = DIRECTION('',(0.,0.,-1.));
#7764 = ADVANCED_FACE('',(#7765),#7776,.T.);
#7765 = FACE_BOUND('',#7766,.T.);
#7766 = EDGE_LOOP('',(#7767,#7768,#7769,#7775));
#7767 = ORIENTED_EDGE('',*,*,#7753,.T.);
#7768 = ORIENTED_EDGE('',*,*,#7176,.T.);
#7769 = ORIENTED_EDGE('',*,*,#7770,.F.);
#7770 = EDGE_CURVE('',#7097,#7177,#7771,.T.);
#7771 = LINE('',#7772,#7773);
#7772 = CARTESIAN_POINT('',(-0.1,-7.37,1.25));
#7773 = VECTOR('',#7774,1.);
#7774 = DIRECTION('',(1.,4.440892098501E-16,0.));
#7775 = ORIENTED_EDGE('',*,*,#7104,.F.);
#7776 = PLANE('',#7777);
#7777 = AXIS2_PLACEMENT_3D('',#7778,#7779,#7780);
#7778 = CARTESIAN_POINT('',(-0.1,-7.87,1.25));
#7779 = DIRECTION('',(0.,0.,1.));
#7780 = DIRECTION('',(-4.440892098501E-16,1.,0.));
#7781 = ADVANCED_FACE('',(#7782),#7788,.T.);
#7782 = FACE_BOUND('',#7783,.T.);
#7783 = EDGE_LOOP('',(#7784,#7785,#7786,#7787));
#7784 = ORIENTED_EDGE('',*,*,#7770,.T.);
#7785 = ORIENTED_EDGE('',*,*,#7184,.T.);
#7786 = ORIENTED_EDGE('',*,*,#7218,.F.);
#7787 = ORIENTED_EDGE('',*,*,#7096,.F.);
#7788 = PLANE('',#7789);
#7789 = AXIS2_PLACEMENT_3D('',#7790,#7791,#7792);
#7790 = CARTESIAN_POINT('',(-0.1,-7.37,1.25));
#7791 = DIRECTION('',(4.440892098501E-16,-1.,0.));
#7792 = DIRECTION('',(0.,0.,1.));
#7793 = ADVANCED_FACE('',(#7794),#7805,.T.);
#7794 = FACE_BOUND('',#7795,.T.);
#7795 = EDGE_LOOP('',(#7796,#7797,#7798,#7804));
#7796 = ORIENTED_EDGE('',*,*,#7310,.T.);
#7797 = ORIENTED_EDGE('',*,*,#7334,.T.);
#7798 = ORIENTED_EDGE('',*,*,#7799,.F.);
#7799 = EDGE_CURVE('',#7271,#7335,#7800,.T.);
#7800 = LINE('',#7801,#7802);
#7801 = CARTESIAN_POINT('',(-0.1,-0.25,1.25));
#7802 = VECTOR('',#7803,1.);
#7803 = DIRECTION('',(1.,4.440892098501E-16,0.));
#7804 = ORIENTED_EDGE('',*,*,#7278,.F.);
#7805 = PLANE('',#7806);
#7806 = AXIS2_PLACEMENT_3D('',#7807,#7808,#7809);
#7807 = CARTESIAN_POINT('',(-0.1,-0.25,5.85));
#7808 = DIRECTION('',(-4.440892098501E-16,1.,0.));
#7809 = DIRECTION('',(0.,0.,-1.));
#7810 = ADVANCED_FACE('',(#7811),#7822,.T.);
#7811 = FACE_BOUND('',#7812,.T.);
#7812 = EDGE_LOOP('',(#7813,#7814,#7815,#7821));
#7813 = ORIENTED_EDGE('',*,*,#7799,.T.);
#7814 = ORIENTED_EDGE('',*,*,#7342,.T.);
#7815 = ORIENTED_EDGE('',*,*,#7816,.F.);
#7816 = EDGE_CURVE('',#7263,#7343,#7817,.T.);
#7817 = LINE('',#7818,#7819);
#7818 = CARTESIAN_POINT('',(-0.1,0.25,1.25));
#7819 = VECTOR('',#7820,1.);
#7820 = DIRECTION('',(1.,4.440892098501E-16,0.));
#7821 = ORIENTED_EDGE('',*,*,#7270,.F.);
#7822 = PLANE('',#7823);
#7823 = AXIS2_PLACEMENT_3D('',#7824,#7825,#7826);
#7824 = CARTESIAN_POINT('',(-0.1,-0.25,1.25));
#7825 = DIRECTION('',(0.,0.,1.));
#7826 = DIRECTION('',(-4.440892098501E-16,1.,0.));
#7827 = ADVANCED_FACE('',(#7828),#7834,.T.);
#7828 = FACE_BOUND('',#7829,.T.);
#7829 = EDGE_LOOP('',(#7830,#7831,#7832,#7833));
#7830 = ORIENTED_EDGE('',*,*,#7816,.T.);
#7831 = ORIENTED_EDGE('',*,*,#7350,.T.);
#7832 = ORIENTED_EDGE('',*,*,#7384,.F.);
#7833 = ORIENTED_EDGE('',*,*,#7262,.F.);
#7834 = PLANE('',#7835);
#7835 = AXIS2_PLACEMENT_3D('',#7836,#7837,#7838);
#7836 = CARTESIAN_POINT('',(-0.1,0.25,1.25));
#7837 = DIRECTION('',(4.440892098501E-16,-1.,0.));
#7838 = DIRECTION('',(0.,0.,1.));
#7839 = ADVANCED_FACE('',(#7840),#7851,.T.);
#7840 = FACE_BOUND('',#7841,.T.);
#7841 = EDGE_LOOP('',(#7842,#7843,#7844,#7850));
#7842 = ORIENTED_EDGE('',*,*,#7476,.T.);
#7843 = ORIENTED_EDGE('',*,*,#7500,.T.);
#7844 = ORIENTED_EDGE('',*,*,#7845,.F.);
#7845 = EDGE_CURVE('',#7437,#7501,#7846,.T.);
#7846 = LINE('',#7847,#7848);
#7847 = CARTESIAN_POINT('',(-0.1,-2.79,1.25));
#7848 = VECTOR('',#7849,1.);
#7849 = DIRECTION('',(1.,4.440892098501E-16,0.));
#7850 = ORIENTED_EDGE('',*,*,#7444,.F.);
#7851 = PLANE('',#7852);
#7852 = AXIS2_PLACEMENT_3D('',#7853,#7854,#7855);
#7853 = CARTESIAN_POINT('',(-0.1,-2.79,5.85));
#7854 = DIRECTION('',(-4.440892098501E-16,1.,0.));
#7855 = DIRECTION('',(0.,0.,-1.));
#7856 = ADVANCED_FACE('',(#7857),#7868,.T.);
#7857 = FACE_BOUND('',#7858,.T.);
#7858 = EDGE_LOOP('',(#7859,#7860,#7861,#7867));
#7859 = ORIENTED_EDGE('',*,*,#7845,.T.);
#7860 = ORIENTED_EDGE('',*,*,#7508,.T.);
#7861 = ORIENTED_EDGE('',*,*,#7862,.F.);
#7862 = EDGE_CURVE('',#7429,#7509,#7863,.T.);
#7863 = LINE('',#7864,#7865);
#7864 = CARTESIAN_POINT('',(-0.1,-2.29,1.25));
#7865 = VECTOR('',#7866,1.);
#7866 = DIRECTION('',(1.,4.440892098501E-16,0.));
#7867 = ORIENTED_EDGE('',*,*,#7436,.F.);
#7868 = PLANE('',#7869);
#7869 = AXIS2_PLACEMENT_3D('',#7870,#7871,#7872);
#7870 = CARTESIAN_POINT('',(-0.1,-2.79,1.25));
#7871 = DIRECTION('',(0.,0.,1.));
#7872 = DIRECTION('',(-4.440892098501E-16,1.,0.));
#7873 = ADVANCED_FACE('',(#7874),#7880,.T.);
#7874 = FACE_BOUND('',#7875,.T.);
#7875 = EDGE_LOOP('',(#7876,#7877,#7878,#7879));
#7876 = ORIENTED_EDGE('',*,*,#7862,.T.);
#7877 = ORIENTED_EDGE('',*,*,#7516,.T.);
#7878 = ORIENTED_EDGE('',*,*,#7550,.F.);
#7879 = ORIENTED_EDGE('',*,*,#7428,.F.);
#7880 = PLANE('',#7881);
#7881 = AXIS2_PLACEMENT_3D('',#7882,#7883,#7884);
#7882 = CARTESIAN_POINT('',(-0.1,-2.29,1.25));
#7883 = DIRECTION('',(4.440892098501E-16,-1.,0.));
#7884 = DIRECTION('',(0.,0.,1.));
#7885 = ( GEOMETRIC_REPRESENTATION_CONTEXT(3) 
GLOBAL_UNCERTAINTY_ASSIGNED_CONTEXT((#7889)) 
GLOBAL_UNIT_ASSIGNED_CONTEXT((#7886,#7887,#7888)) REPRESENTATION_CONTEXT
('Context #1','3D Context with UNIT and UNCERTAINTY') );
#7886 = ( LENGTH_UNIT() NAMED_UNIT(*) SI_UNIT(.MILLI.,.METRE.) );
#7887 = ( NAMED_UNIT(*) PLANE_ANGLE_UNIT() SI_UNIT($,.RADIAN.) );
#7888 = ( NAMED_UNIT(*) SI_UNIT($,.STERADIAN.) SOLID_ANGLE_UNIT() );
#7889 = UNCERTAINTY_MEASURE_WITH_UNIT(LENGTH_MEASURE(1.E-07),#7886,
  'distance_accuracy_value','confusion accuracy');
#7890 = CONTEXT_DEPENDENT_SHAPE_REPRESENTATION(#7891,#7893);
#7891 = ( REPRESENTATION_RELATIONSHIP('','',#1176,#1153) 
REPRESENTATION_RELATIONSHIP_WITH_TRANSFORMATION(#7892) 
SHAPE_REPRESENTATION_RELATIONSHIP() );
#7892 = ITEM_DEFINED_TRANSFORMATION('','',#11,#1154);
#7893 = PRODUCT_DEFINITION_SHAPE('Placement','Placement of an item',
  #7894);
#7894 = NEXT_ASSEMBLY_USAGE_OCCURRENCE('8','=>[0:1:1:5]','',#1148,#1171,
  $);
#7895 = PRODUCT_RELATED_PRODUCT_CATEGORY('part',$,(#1173));
#7896 = SHAPE_DEFINITION_REPRESENTATION(#7897,#7903);
#7897 = PRODUCT_DEFINITION_SHAPE('','',#7898);
#7898 = PRODUCT_DEFINITION('design','',#7899,#7902);
#7899 = PRODUCT_DEFINITION_FORMATION('','',#7900);
#7900 = PRODUCT('D_SOD-323','D_SOD-323','',(#7901));
#7901 = PRODUCT_CONTEXT('',#2,'mechanical');
#7902 = PRODUCT_DEFINITION_CONTEXT('part definition',#2,'design');
#7903 = SHAPE_REPRESENTATION('',(#11,#7904),#7908);
#7904 = AXIS2_PLACEMENT_3D('',#7905,#7906,#7907);
#7905 = CARTESIAN_POINT('',(0.,0.,0.));
#7906 = DIRECTION('',(0.,0.,1.));
#7907 = DIRECTION('',(1.,0.,-0.));
#7908 = ( GEOMETRIC_REPRESENTATION_CONTEXT(3) 
GLOBAL_UNCERTAINTY_ASSIGNED_CONTEXT((#7912)) 
GLOBAL_UNIT_ASSIGNED_CONTEXT((#7909,#7910,#7911)) REPRESENTATION_CONTEXT
('Context #1','3D Context with UNIT and UNCERTAINTY') );
#7909 = ( LENGTH_UNIT() NAMED_UNIT(*) SI_UNIT(.MILLI.,.METRE.) );
#7910 = ( NAMED_UNIT(*) PLANE_ANGLE_UNIT() SI_UNIT($,.RADIAN.) );
#7911 = ( NAMED_UNIT(*) SI_UNIT($,.STERADIAN.) SOLID_ANGLE_UNIT() );
#7912 = UNCERTAINTY_MEASURE_WITH_UNIT(LENGTH_MEASURE(2.E-06),#7909,
  'distance_accuracy_value','confusion accuracy');
#7913 = CONTEXT_DEPENDENT_SHAPE_REPRESENTATION(#7914,#7916);
#7914 = ( REPRESENTATION_RELATIONSHIP('','',#7903,#10) 
REPRESENTATION_RELATIONSHIP_WITH_TRANSFORMATION(#7915) 
SHAPE_REPRESENTATION_RELATIONSHIP() );
#7915 = ITEM_DEFINED_TRANSFORMATION('','',#11,#43);
#7916 = PRODUCT_DEFINITION_SHAPE('Placement','Placement of an item',
  #7917);
#7917 = NEXT_ASSEMBLY_USAGE_OCCURRENCE('11','D15','',#5,#7898,$);
#7918 = PRODUCT_RELATED_PRODUCT_CATEGORY('part',$,(#7900));
#7919 = SHAPE_DEFINITION_REPRESENTATION(#7920,#7926);
#7920 = PRODUCT_DEFINITION_SHAPE('','',#7921);
#7921 = PRODUCT_DEFINITION('design','',#7922,#7925);
#7922 = PRODUCT_DEFINITION_FORMATION('','',#7923);
#7923 = PRODUCT('D_SOD_323','D_SOD_323','',(#7924));
#7924 = PRODUCT_CONTEXT('',#2,'mechanical');
#7925 = PRODUCT_DEFINITION_CONTEXT('part definition',#2,'design');
#7926 = ADVANCED_BREP_SHAPE_REPRESENTATION('',(#11,#7927),#9727);
#7927 = MANIFOLD_SOLID_BREP('',#7928);
#7928 = CLOSED_SHELL('',(#7929,#7969,#8002,#8035,#8102,#8169,#8214,#8231
    ,#8254,#8276,#8293,#8310,#8327,#8339,#8362,#8425,#8448,#8471,#8494,
    #8524,#8548,#8571,#8594,#8639,#8662,#8679,#8702,#8719,#8742,#8765,
    #8796,#8819,#8842,#8872,#8902,#8935,#8952,#8969,#8992,#9015,#9105,
    #9121,#9144,#9174,#9249,#9324,#9354,#9371,#9388,#9405,#9421,#9448,
    #9464,#9476,#9488,#9519,#9543,#9567,#9584,#9601,#9618,#9635,#9652,
    #9669,#9686,#9703,#9715));
#7929 = ADVANCED_FACE('',(#7930),#7964,.F.);
#7930 = FACE_BOUND('',#7931,.F.);
#7931 = EDGE_LOOP('',(#7932,#7942,#7950,#7958));
#7932 = ORIENTED_EDGE('',*,*,#7933,.T.);
#7933 = EDGE_CURVE('',#7934,#7936,#7938,.T.);
#7934 = VERTEX_POINT('',#7935);
#7935 = CARTESIAN_POINT('',(0.92,0.175,0.455));
#7936 = VERTEX_POINT('',#7937);
#7937 = CARTESIAN_POINT('',(0.92,-0.175,0.455));
#7938 = LINE('',#7939,#7940);
#7939 = CARTESIAN_POINT('',(0.92,0.175,0.455));
#7940 = VECTOR('',#7941,1.);
#7941 = DIRECTION('',(-2.22044604925E-16,-1.,0.));
#7942 = ORIENTED_EDGE('',*,*,#7943,.T.);
#7943 = EDGE_CURVE('',#7936,#7944,#7946,.T.);
#7944 = VERTEX_POINT('',#7945);
#7945 = CARTESIAN_POINT('',(0.92,-0.175,0.22));
#7946 = LINE('',#7947,#7948);
#7947 = CARTESIAN_POINT('',(0.92,-0.175,0.455));
#7948 = VECTOR('',#7949,1.);
#7949 = DIRECTION('',(0.,-0.,-1.));
#7950 = ORIENTED_EDGE('',*,*,#7951,.F.);
#7951 = EDGE_CURVE('',#7952,#7944,#7954,.T.);
#7952 = VERTEX_POINT('',#7953);
#7953 = CARTESIAN_POINT('',(0.92,0.175,0.22));
#7954 = LINE('',#7955,#7956);
#7955 = CARTESIAN_POINT('',(0.92,0.175,0.22));
#7956 = VECTOR('',#7957,1.);
#7957 = DIRECTION('',(-2.22044604925E-16,-1.,0.));
#7958 = ORIENTED_EDGE('',*,*,#7959,.F.);
#7959 = EDGE_CURVE('',#7934,#7952,#7960,.T.);
#7960 = LINE('',#7961,#7962);
#7961 = CARTESIAN_POINT('',(0.92,0.175,0.455));
#7962 = VECTOR('',#7963,1.);
#7963 = DIRECTION('',(0.,-0.,-1.));
#7964 = PLANE('',#7965);
#7965 = AXIS2_PLACEMENT_3D('',#7966,#7967,#7968);
#7966 = CARTESIAN_POINT('',(0.92,0.175,0.455));
#7967 = DIRECTION('',(1.,-2.22044604925E-16,0.));
#7968 = DIRECTION('',(0.,-0.,-1.));
#7969 = ADVANCED_FACE('',(#7970),#7997,.F.);
#7970 = FACE_BOUND('',#7971,.F.);
#7971 = EDGE_LOOP('',(#7972,#7982,#7989,#7990));
#7972 = ORIENTED_EDGE('',*,*,#7973,.T.);
#7973 = EDGE_CURVE('',#7974,#7976,#7978,.T.);
#7974 = VERTEX_POINT('',#7975);
#7975 = CARTESIAN_POINT('',(0.85,0.175,0.525));
#7976 = VERTEX_POINT('',#7977);
#7977 = CARTESIAN_POINT('',(0.85,-0.175,0.525));
#7978 = LINE('',#7979,#7980);
#7979 = CARTESIAN_POINT('',(0.85,0.175,0.525));
#7980 = VECTOR('',#7981,1.);
#7981 = DIRECTION('',(-2.22044604925E-16,-1.,0.));
#7982 = ORIENTED_EDGE('',*,*,#7983,.T.);
#7983 = EDGE_CURVE('',#7976,#7936,#7984,.T.);
#7984 = CIRCLE('',#7985,7.E-02);
#7985 = AXIS2_PLACEMENT_3D('',#7986,#7987,#7988);
#7986 = CARTESIAN_POINT('',(0.85,-0.175,0.455));
#7987 = DIRECTION('',(2.22044604925E-16,1.,-0.));
#7988 = DIRECTION('',(0.,0.,1.));
#7989 = ORIENTED_EDGE('',*,*,#7933,.F.);
#7990 = ORIENTED_EDGE('',*,*,#7991,.F.);
#7991 = EDGE_CURVE('',#7974,#7934,#7992,.T.);
#7992 = CIRCLE('',#7993,7.E-02);
#7993 = AXIS2_PLACEMENT_3D('',#7994,#7995,#7996);
#7994 = CARTESIAN_POINT('',(0.85,0.175,0.455));
#7995 = DIRECTION('',(2.22044604925E-16,1.,-0.));
#7996 = DIRECTION('',(0.,0.,1.));
#7997 = CYLINDRICAL_SURFACE('',#7998,7.E-02);
#7998 = AXIS2_PLACEMENT_3D('',#7999,#8000,#8001);
#7999 = CARTESIAN_POINT('',(0.85,0.175,0.455));
#8000 = DIRECTION('',(2.22044604925E-16,1.,0.));
#8001 = DIRECTION('',(0.,-0.,1.));
#8002 = ADVANCED_FACE('',(#8003),#8030,.T.);
#8003 = FACE_BOUND('',#8004,.T.);
#8004 = EDGE_LOOP('',(#8005,#8014,#8022,#8029));
#8005 = ORIENTED_EDGE('',*,*,#8006,.T.);
#8006 = EDGE_CURVE('',#7952,#8007,#8009,.T.);
#8007 = VERTEX_POINT('',#8008);
#8008 = CARTESIAN_POINT('',(1.14,0.175,0.));
#8009 = CIRCLE('',#8010,0.22);
#8010 = AXIS2_PLACEMENT_3D('',#8011,#8012,#8013);
#8011 = CARTESIAN_POINT('',(1.14,0.175,0.22));
#8012 = DIRECTION('',(-2.22044604925E-16,-1.,0.));
#8013 = DIRECTION('',(-1.,2.22044604925E-16,1.261617073438E-16));
#8014 = ORIENTED_EDGE('',*,*,#8015,.T.);
#8015 = EDGE_CURVE('',#8007,#8016,#8018,.T.);
#8016 = VERTEX_POINT('',#8017);
#8017 = CARTESIAN_POINT('',(1.14,-0.175,0.));
#8018 = LINE('',#8019,#8020);
#8019 = CARTESIAN_POINT('',(1.14,0.175,0.));
#8020 = VECTOR('',#8021,1.);
#8021 = DIRECTION('',(-2.22044604925E-16,-1.,0.));
#8022 = ORIENTED_EDGE('',*,*,#8023,.F.);
#8023 = EDGE_CURVE('',#7944,#8016,#8024,.T.);
#8024 = CIRCLE('',#8025,0.22);
#8025 = AXIS2_PLACEMENT_3D('',#8026,#8027,#8028);
#8026 = CARTESIAN_POINT('',(1.14,-0.175,0.22));
#8027 = DIRECTION('',(-2.22044604925E-16,-1.,0.));
#8028 = DIRECTION('',(-1.,2.22044604925E-16,1.261617073438E-16));
#8029 = ORIENTED_EDGE('',*,*,#7951,.F.);
#8030 = CYLINDRICAL_SURFACE('',#8031,0.22);
#8031 = AXIS2_PLACEMENT_3D('',#8032,#8033,#8034);
#8032 = CARTESIAN_POINT('',(1.14,0.175,0.22));
#8033 = DIRECTION('',(2.22044604925E-16,1.,-0.));
#8034 = DIRECTION('',(-1.,2.22044604925E-16,1.261617073438E-16));
#8035 = ADVANCED_FACE('',(#8036),#8097,.F.);
#8036 = FACE_BOUND('',#8037,.F.);
#8037 = EDGE_LOOP('',(#8038,#8046,#8047,#8048,#8049,#8057,#8065,#8073,
    #8082,#8090));
#8038 = ORIENTED_EDGE('',*,*,#8039,.F.);
#8039 = EDGE_CURVE('',#7974,#8040,#8042,.T.);
#8040 = VERTEX_POINT('',#8041);
#8041 = CARTESIAN_POINT('',(0.85,0.175,0.675));
#8042 = LINE('',#8043,#8044);
#8043 = CARTESIAN_POINT('',(0.85,0.175,0.498338171534));
#8044 = VECTOR('',#8045,1.);
#8045 = DIRECTION('',(0.,0.,1.));
#8046 = ORIENTED_EDGE('',*,*,#7991,.T.);
#8047 = ORIENTED_EDGE('',*,*,#7959,.T.);
#8048 = ORIENTED_EDGE('',*,*,#8006,.T.);
#8049 = ORIENTED_EDGE('',*,*,#8050,.T.);
#8050 = EDGE_CURVE('',#8007,#8051,#8053,.T.);
#8051 = VERTEX_POINT('',#8052);
#8052 = CARTESIAN_POINT('',(1.25,0.175,0.));
#8053 = LINE('',#8054,#8055);
#8054 = CARTESIAN_POINT('',(1.14,0.175,0.));
#8055 = VECTOR('',#8056,1.);
#8056 = DIRECTION('',(1.,-2.22044604925E-16,0.));
#8057 = ORIENTED_EDGE('',*,*,#8058,.T.);
#8058 = EDGE_CURVE('',#8051,#8059,#8061,.T.);
#8059 = VERTEX_POINT('',#8060);
#8060 = CARTESIAN_POINT('',(1.25,0.175,0.15));
#8061 = LINE('',#8062,#8063);
#8062 = CARTESIAN_POINT('',(1.25,0.175,0.));
#8063 = VECTOR('',#8064,1.);
#8064 = DIRECTION('',(0.,0.,1.));
#8065 = ORIENTED_EDGE('',*,*,#8066,.T.);
#8066 = EDGE_CURVE('',#8059,#8067,#8069,.T.);
#8067 = VERTEX_POINT('',#8068);
#8068 = CARTESIAN_POINT('',(1.14,0.175,0.15));
#8069 = LINE('',#8070,#8071);
#8070 = CARTESIAN_POINT('',(1.25,0.175,0.15));
#8071 = VECTOR('',#8072,1.);
#8072 = DIRECTION('',(-1.,2.22044604925E-16,0.));
#8073 = ORIENTED_EDGE('',*,*,#8074,.T.);
#8074 = EDGE_CURVE('',#8067,#8075,#8077,.T.);
#8075 = VERTEX_POINT('',#8076);
#8076 = CARTESIAN_POINT('',(1.07,0.175,0.22));
#8077 = CIRCLE('',#8078,7.E-02);
#8078 = AXIS2_PLACEMENT_3D('',#8079,#8080,#8081);
#8079 = CARTESIAN_POINT('',(1.14,0.175,0.22));
#8080 = DIRECTION('',(2.22044604925E-16,1.,-3.12789834698E-48));
#8081 = DIRECTION('',(-1.586032892322E-15,3.521700469737E-31,-1.));
#8082 = ORIENTED_EDGE('',*,*,#8083,.T.);
#8083 = EDGE_CURVE('',#8075,#8084,#8086,.T.);
#8084 = VERTEX_POINT('',#8085);
#8085 = CARTESIAN_POINT('',(1.07,0.175,0.455));
#8086 = LINE('',#8087,#8088);
#8087 = CARTESIAN_POINT('',(1.07,0.175,0.22));
#8088 = VECTOR('',#8089,1.);
#8089 = DIRECTION('',(0.,0.,1.));
#8090 = ORIENTED_EDGE('',*,*,#8091,.T.);
#8091 = EDGE_CURVE('',#8084,#8040,#8092,.T.);
#8092 = CIRCLE('',#8093,0.22);
#8093 = AXIS2_PLACEMENT_3D('',#8094,#8095,#8096);
#8094 = CARTESIAN_POINT('',(0.85,0.175,0.455));
#8095 = DIRECTION('',(-2.22044604925E-16,-1.,0.));
#8096 = DIRECTION('',(1.,-2.22044604925E-16,-7.569702440626E-16));
#8097 = PLANE('',#8098);
#8098 = AXIS2_PLACEMENT_3D('',#8099,#8100,#8101);
#8099 = CARTESIAN_POINT('',(1.013084179351,0.175,0.321676343068));
#8100 = DIRECTION('',(-2.22044604925E-16,-1.,0.));
#8101 = DIRECTION('',(0.,0.,1.));
#8102 = ADVANCED_FACE('',(#8103),#8164,.T.);
#8103 = FACE_BOUND('',#8104,.T.);
#8104 = EDGE_LOOP('',(#8105,#8113,#8114,#8115,#8116,#8124,#8132,#8140,
    #8149,#8157));
#8105 = ORIENTED_EDGE('',*,*,#8106,.F.);
#8106 = EDGE_CURVE('',#7976,#8107,#8109,.T.);
#8107 = VERTEX_POINT('',#8108);
#8108 = CARTESIAN_POINT('',(0.85,-0.175,0.675));
#8109 = LINE('',#8110,#8111);
#8110 = CARTESIAN_POINT('',(0.85,-0.175,0.498338171534));
#8111 = VECTOR('',#8112,1.);
#8112 = DIRECTION('',(0.,0.,1.));
#8113 = ORIENTED_EDGE('',*,*,#7983,.T.);
#8114 = ORIENTED_EDGE('',*,*,#7943,.T.);
#8115 = ORIENTED_EDGE('',*,*,#8023,.T.);
#8116 = ORIENTED_EDGE('',*,*,#8117,.T.);
#8117 = EDGE_CURVE('',#8016,#8118,#8120,.T.);
#8118 = VERTEX_POINT('',#8119);
#8119 = CARTESIAN_POINT('',(1.25,-0.175,0.));
#8120 = LINE('',#8121,#8122);
#8121 = CARTESIAN_POINT('',(1.14,-0.175,0.));
#8122 = VECTOR('',#8123,1.);
#8123 = DIRECTION('',(1.,-2.22044604925E-16,0.));
#8124 = ORIENTED_EDGE('',*,*,#8125,.T.);
#8125 = EDGE_CURVE('',#8118,#8126,#8128,.T.);
#8126 = VERTEX_POINT('',#8127);
#8127 = CARTESIAN_POINT('',(1.25,-0.175,0.15));
#8128 = LINE('',#8129,#8130);
#8129 = CARTESIAN_POINT('',(1.25,-0.175,0.));
#8130 = VECTOR('',#8131,1.);
#8131 = DIRECTION('',(0.,0.,1.));
#8132 = ORIENTED_EDGE('',*,*,#8133,.T.);
#8133 = EDGE_CURVE('',#8126,#8134,#8136,.T.);
#8134 = VERTEX_POINT('',#8135);
#8135 = CARTESIAN_POINT('',(1.14,-0.175,0.15));
#8136 = LINE('',#8137,#8138);
#8137 = CARTESIAN_POINT('',(1.25,-0.175,0.15));
#8138 = VECTOR('',#8139,1.);
#8139 = DIRECTION('',(-1.,2.22044604925E-16,0.));
#8140 = ORIENTED_EDGE('',*,*,#8141,.T.);
#8141 = EDGE_CURVE('',#8134,#8142,#8144,.T.);
#8142 = VERTEX_POINT('',#8143);
#8143 = CARTESIAN_POINT('',(1.07,-0.175,0.22));
#8144 = CIRCLE('',#8145,7.E-02);
#8145 = AXIS2_PLACEMENT_3D('',#8146,#8147,#8148);
#8146 = CARTESIAN_POINT('',(1.14,-0.175,0.22));
#8147 = DIRECTION('',(2.22044604925E-16,1.,-3.12789834698E-48));
#8148 = DIRECTION('',(-1.586032892322E-15,3.521700469737E-31,-1.));
#8149 = ORIENTED_EDGE('',*,*,#8150,.T.);
#8150 = EDGE_CURVE('',#8142,#8151,#8153,.T.);
#8151 = VERTEX_POINT('',#8152);
#8152 = CARTESIAN_POINT('',(1.07,-0.175,0.455));
#8153 = LINE('',#8154,#8155);
#8154 = CARTESIAN_POINT('',(1.07,-0.175,0.22));
#8155 = VECTOR('',#8156,1.);
#8156 = DIRECTION('',(0.,0.,1.));
#8157 = ORIENTED_EDGE('',*,*,#8158,.T.);
#8158 = EDGE_CURVE('',#8151,#8107,#8159,.T.);
#8159 = CIRCLE('',#8160,0.22);
#8160 = AXIS2_PLACEMENT_3D('',#8161,#8162,#8163);
#8161 = CARTESIAN_POINT('',(0.85,-0.175,0.455));
#8162 = DIRECTION('',(-2.22044604925E-16,-1.,0.));
#8163 = DIRECTION('',(1.,-2.22044604925E-16,-7.569702440626E-16));
#8164 = PLANE('',#8165);
#8165 = AXIS2_PLACEMENT_3D('',#8166,#8167,#8168);
#8166 = CARTESIAN_POINT('',(1.013084179351,-0.175,0.321676343068));
#8167 = DIRECTION('',(-2.22044604925E-16,-1.,0.));
#8168 = DIRECTION('',(0.,0.,1.));
#8169 = ADVANCED_FACE('',(#8170),#8209,.F.);
#8170 = FACE_BOUND('',#8171,.F.);
#8171 = EDGE_LOOP('',(#8172,#8182,#8189,#8195,#8196,#8204));
#8172 = ORIENTED_EDGE('',*,*,#8173,.T.);
#8173 = EDGE_CURVE('',#8174,#8176,#8178,.T.);
#8174 = VERTEX_POINT('',#8175);
#8175 = CARTESIAN_POINT('',(0.790270145251,0.500135072626,0.1));
#8176 = VERTEX_POINT('',#8177);
#8177 = CARTESIAN_POINT('',(0.790270145251,-0.500135072626,0.1));
#8178 = LINE('',#8179,#8180);
#8179 = CARTESIAN_POINT('',(0.790270145251,0.500135072626,0.1));
#8180 = VECTOR('',#8181,1.);
#8181 = DIRECTION('',(0.,-1.,0.));
#8182 = ORIENTED_EDGE('',*,*,#8183,.T.);
#8183 = EDGE_CURVE('',#8176,#8184,#8186,.T.);
#8184 = VERTEX_POINT('',#8185);
#8185 = CARTESIAN_POINT('',(0.85,-0.53,0.525));
#8186 = B_SPLINE_CURVE_WITH_KNOTS('',1,(#8187,#8188),.UNSPECIFIED.,.F.,
  .F.,(2,2),(0.,1.),.PIECEWISE_BEZIER_KNOTS.);
#8187 = CARTESIAN_POINT('',(0.790270145251,-0.500135072626,0.1));
#8188 = CARTESIAN_POINT('',(0.85,-0.53,0.525));
#8189 = ORIENTED_EDGE('',*,*,#8190,.F.);
#8190 = EDGE_CURVE('',#7976,#8184,#8191,.T.);
#8191 = LINE('',#8192,#8193);
#8192 = CARTESIAN_POINT('',(0.85,0.53,0.525));
#8193 = VECTOR('',#8194,1.);
#8194 = DIRECTION('',(0.,-1.,0.));
#8195 = ORIENTED_EDGE('',*,*,#7973,.F.);
#8196 = ORIENTED_EDGE('',*,*,#8197,.F.);
#8197 = EDGE_CURVE('',#8198,#7974,#8200,.T.);
#8198 = VERTEX_POINT('',#8199);
#8199 = CARTESIAN_POINT('',(0.85,0.53,0.525));
#8200 = LINE('',#8201,#8202);
#8201 = CARTESIAN_POINT('',(0.85,0.53,0.525));
#8202 = VECTOR('',#8203,1.);
#8203 = DIRECTION('',(0.,-1.,0.));
#8204 = ORIENTED_EDGE('',*,*,#8205,.F.);
#8205 = EDGE_CURVE('',#8174,#8198,#8206,.T.);
#8206 = B_SPLINE_CURVE_WITH_KNOTS('',1,(#8207,#8208),.UNSPECIFIED.,.F.,
  .F.,(2,2),(0.,1.),.PIECEWISE_BEZIER_KNOTS.);
#8207 = CARTESIAN_POINT('',(0.790270145251,0.500135072626,0.1));
#8208 = CARTESIAN_POINT('',(0.85,0.53,0.525));
#8209 = B_SPLINE_SURFACE_WITH_KNOTS('',1,1,(
    (#8210,#8211)
    ,(#8212,#8213
    )),.UNSPECIFIED.,.F.,.F.,.F.,(2,2),(2,2),(0.,1.06),(0.,1.),
  .PIECEWISE_BEZIER_KNOTS.);
#8210 = CARTESIAN_POINT('',(0.790270145251,0.500135072626,0.1));
#8211 = CARTESIAN_POINT('',(0.85,0.53,0.525));
#8212 = CARTESIAN_POINT('',(0.790270145251,-0.500135072626,0.1));
#8213 = CARTESIAN_POINT('',(0.85,-0.53,0.525));
#8214 = ADVANCED_FACE('',(#8215),#8226,.F.);
#8215 = FACE_BOUND('',#8216,.F.);
#8216 = EDGE_LOOP('',(#8217,#8218,#8219,#8225));
#8217 = ORIENTED_EDGE('',*,*,#8015,.T.);
#8218 = ORIENTED_EDGE('',*,*,#8117,.T.);
#8219 = ORIENTED_EDGE('',*,*,#8220,.F.);
#8220 = EDGE_CURVE('',#8051,#8118,#8221,.T.);
#8221 = LINE('',#8222,#8223);
#8222 = CARTESIAN_POINT('',(1.25,0.175,0.));
#8223 = VECTOR('',#8224,1.);
#8224 = DIRECTION('',(-2.22044604925E-16,-1.,0.));
#8225 = ORIENTED_EDGE('',*,*,#8050,.F.);
#8226 = PLANE('',#8227);
#8227 = AXIS2_PLACEMENT_3D('',#8228,#8229,#8230);
#8228 = CARTESIAN_POINT('',(1.14,0.175,0.));
#8229 = DIRECTION('',(0.,0.,1.));
#8230 = DIRECTION('',(1.,-2.22044604925E-16,0.));
#8231 = ADVANCED_FACE('',(#8232),#8249,.F.);
#8232 = FACE_BOUND('',#8233,.F.);
#8233 = EDGE_LOOP('',(#8234,#8241,#8242,#8243));
#8234 = ORIENTED_EDGE('',*,*,#8235,.F.);
#8235 = EDGE_CURVE('',#8198,#8236,#8238,.T.);
#8236 = VERTEX_POINT('',#8237);
#8237 = CARTESIAN_POINT('',(0.85,0.53,0.675));
#8238 = B_SPLINE_CURVE_WITH_KNOTS('',1,(#8239,#8240),.UNSPECIFIED.,.F.,
  .F.,(2,2),(0.,1.),.PIECEWISE_BEZIER_KNOTS.);
#8239 = CARTESIAN_POINT('',(0.85,0.53,0.525));
#8240 = CARTESIAN_POINT('',(0.85,0.53,0.675));
#8241 = ORIENTED_EDGE('',*,*,#8197,.T.);
#8242 = ORIENTED_EDGE('',*,*,#8039,.T.);
#8243 = ORIENTED_EDGE('',*,*,#8244,.F.);
#8244 = EDGE_CURVE('',#8236,#8040,#8245,.T.);
#8245 = LINE('',#8246,#8247);
#8246 = CARTESIAN_POINT('',(0.85,0.53,0.675));
#8247 = VECTOR('',#8248,1.);
#8248 = DIRECTION('',(0.,-1.,0.));
#8249 = PLANE('',#8250);
#8250 = AXIS2_PLACEMENT_3D('',#8251,#8252,#8253);
#8251 = CARTESIAN_POINT('',(0.85,0.53,0.675));
#8252 = DIRECTION('',(-1.,0.,0.));
#8253 = DIRECTION('',(0.,-1.,0.));
#8254 = ADVANCED_FACE('',(#8255),#8271,.T.);
#8255 = FACE_BOUND('',#8256,.T.);
#8256 = EDGE_LOOP('',(#8257,#8258,#8264,#8265));
#8257 = ORIENTED_EDGE('',*,*,#8091,.T.);
#8258 = ORIENTED_EDGE('',*,*,#8259,.T.);
#8259 = EDGE_CURVE('',#8040,#8107,#8260,.T.);
#8260 = LINE('',#8261,#8262);
#8261 = CARTESIAN_POINT('',(0.85,0.175,0.675));
#8262 = VECTOR('',#8263,1.);
#8263 = DIRECTION('',(-2.22044604925E-16,-1.,0.));
#8264 = ORIENTED_EDGE('',*,*,#8158,.F.);
#8265 = ORIENTED_EDGE('',*,*,#8266,.F.);
#8266 = EDGE_CURVE('',#8084,#8151,#8267,.T.);
#8267 = LINE('',#8268,#8269);
#8268 = CARTESIAN_POINT('',(1.07,0.175,0.455));
#8269 = VECTOR('',#8270,1.);
#8270 = DIRECTION('',(-2.22044604925E-16,-1.,0.));
#8271 = CYLINDRICAL_SURFACE('',#8272,0.22);
#8272 = AXIS2_PLACEMENT_3D('',#8273,#8274,#8275);
#8273 = CARTESIAN_POINT('',(0.85,0.175,0.455));
#8274 = DIRECTION('',(2.22044604925E-16,1.,-0.));
#8275 = DIRECTION('',(1.,-2.22044604925E-16,-7.569702440626E-16));
#8276 = ADVANCED_FACE('',(#8277),#8288,.F.);
#8277 = FACE_BOUND('',#8278,.F.);
#8278 = EDGE_LOOP('',(#8279,#8285,#8286,#8287));
#8279 = ORIENTED_EDGE('',*,*,#8280,.T.);
#8280 = EDGE_CURVE('',#8075,#8142,#8281,.T.);
#8281 = LINE('',#8282,#8283);
#8282 = CARTESIAN_POINT('',(1.07,0.175,0.22));
#8283 = VECTOR('',#8284,1.);
#8284 = DIRECTION('',(-2.22044604925E-16,-1.,0.));
#8285 = ORIENTED_EDGE('',*,*,#8150,.T.);
#8286 = ORIENTED_EDGE('',*,*,#8266,.F.);
#8287 = ORIENTED_EDGE('',*,*,#8083,.F.);
#8288 = PLANE('',#8289);
#8289 = AXIS2_PLACEMENT_3D('',#8290,#8291,#8292);
#8290 = CARTESIAN_POINT('',(1.07,0.175,0.22));
#8291 = DIRECTION('',(-1.,2.22044604925E-16,0.));
#8292 = DIRECTION('',(0.,0.,1.));
#8293 = ADVANCED_FACE('',(#8294),#8305,.F.);
#8294 = FACE_BOUND('',#8295,.F.);
#8295 = EDGE_LOOP('',(#8296,#8302,#8303,#8304));
#8296 = ORIENTED_EDGE('',*,*,#8297,.T.);
#8297 = EDGE_CURVE('',#8067,#8134,#8298,.T.);
#8298 = LINE('',#8299,#8300);
#8299 = CARTESIAN_POINT('',(1.14,0.175,0.15));
#8300 = VECTOR('',#8301,1.);
#8301 = DIRECTION('',(-2.22044604925E-16,-1.,0.));
#8302 = ORIENTED_EDGE('',*,*,#8141,.T.);
#8303 = ORIENTED_EDGE('',*,*,#8280,.F.);
#8304 = ORIENTED_EDGE('',*,*,#8074,.F.);
#8305 = CYLINDRICAL_SURFACE('',#8306,7.E-02);
#8306 = AXIS2_PLACEMENT_3D('',#8307,#8308,#8309);
#8307 = CARTESIAN_POINT('',(1.14,0.175,0.22));
#8308 = DIRECTION('',(2.22044604925E-16,1.,0.));
#8309 = DIRECTION('',(-1.586032892322E-15,3.521700469737E-31,-1.));
#8310 = ADVANCED_FACE('',(#8311),#8322,.F.);
#8311 = FACE_BOUND('',#8312,.F.);
#8312 = EDGE_LOOP('',(#8313,#8319,#8320,#8321));
#8313 = ORIENTED_EDGE('',*,*,#8314,.T.);
#8314 = EDGE_CURVE('',#8059,#8126,#8315,.T.);
#8315 = LINE('',#8316,#8317);
#8316 = CARTESIAN_POINT('',(1.25,0.175,0.15));
#8317 = VECTOR('',#8318,1.);
#8318 = DIRECTION('',(-2.22044604925E-16,-1.,0.));
#8319 = ORIENTED_EDGE('',*,*,#8133,.T.);
#8320 = ORIENTED_EDGE('',*,*,#8297,.F.);
#8321 = ORIENTED_EDGE('',*,*,#8066,.F.);
#8322 = PLANE('',#8323);
#8323 = AXIS2_PLACEMENT_3D('',#8324,#8325,#8326);
#8324 = CARTESIAN_POINT('',(1.25,0.175,0.15));
#8325 = DIRECTION('',(0.,-0.,-1.));
#8326 = DIRECTION('',(-1.,2.22044604925E-16,-0.));
#8327 = ADVANCED_FACE('',(#8328),#8334,.F.);
#8328 = FACE_BOUND('',#8329,.F.);
#8329 = EDGE_LOOP('',(#8330,#8331,#8332,#8333));
#8330 = ORIENTED_EDGE('',*,*,#8220,.T.);
#8331 = ORIENTED_EDGE('',*,*,#8125,.T.);
#8332 = ORIENTED_EDGE('',*,*,#8314,.F.);
#8333 = ORIENTED_EDGE('',*,*,#8058,.F.);
#8334 = PLANE('',#8335);
#8335 = AXIS2_PLACEMENT_3D('',#8336,#8337,#8338);
#8336 = CARTESIAN_POINT('',(1.25,0.175,0.));
#8337 = DIRECTION('',(-1.,2.22044604925E-16,0.));
#8338 = DIRECTION('',(0.,0.,1.));
#8339 = ADVANCED_FACE('',(#8340),#8357,.F.);
#8340 = FACE_BOUND('',#8341,.F.);
#8341 = EDGE_LOOP('',(#8342,#8343,#8344,#8351));
#8342 = ORIENTED_EDGE('',*,*,#8106,.F.);
#8343 = ORIENTED_EDGE('',*,*,#8190,.T.);
#8344 = ORIENTED_EDGE('',*,*,#8345,.T.);
#8345 = EDGE_CURVE('',#8184,#8346,#8348,.T.);
#8346 = VERTEX_POINT('',#8347);
#8347 = CARTESIAN_POINT('',(0.85,-0.53,0.675));
#8348 = B_SPLINE_CURVE_WITH_KNOTS('',1,(#8349,#8350),.UNSPECIFIED.,.F.,
  .F.,(2,2),(0.,1.),.PIECEWISE_BEZIER_KNOTS.);
#8349 = CARTESIAN_POINT('',(0.85,-0.53,0.525));
#8350 = CARTESIAN_POINT('',(0.85,-0.53,0.675));
#8351 = ORIENTED_EDGE('',*,*,#8352,.F.);
#8352 = EDGE_CURVE('',#8107,#8346,#8353,.T.);
#8353 = LINE('',#8354,#8355);
#8354 = CARTESIAN_POINT('',(0.85,0.53,0.675));
#8355 = VECTOR('',#8356,1.);
#8356 = DIRECTION('',(0.,-1.,0.));
#8357 = PLANE('',#8358);
#8358 = AXIS2_PLACEMENT_3D('',#8359,#8360,#8361);
#8359 = CARTESIAN_POINT('',(0.85,0.53,0.675));
#8360 = DIRECTION('',(-1.,0.,0.));
#8361 = DIRECTION('',(0.,-1.,0.));
#8362 = ADVANCED_FACE('',(#8363),#8420,.F.);
#8363 = FACE_BOUND('',#8364,.T.);
#8364 = EDGE_LOOP('',(#8365,#8375,#8383,#8391,#8397,#8398,#8406,#8414));
#8365 = ORIENTED_EDGE('',*,*,#8366,.T.);
#8366 = EDGE_CURVE('',#8367,#8369,#8371,.T.);
#8367 = VERTEX_POINT('',#8368);
#8368 = CARTESIAN_POINT('',(-0.790270145251,-0.500135072626,0.1));
#8369 = VERTEX_POINT('',#8370);
#8370 = CARTESIAN_POINT('',(-0.790270145251,0.500135072626,0.1));
#8371 = LINE('',#8372,#8373);
#8372 = CARTESIAN_POINT('',(-0.790270145251,-0.500135072626,0.1));
#8373 = VECTOR('',#8374,1.);
#8374 = DIRECTION('',(0.,1.,0.));
#8375 = ORIENTED_EDGE('',*,*,#8376,.T.);
#8376 = EDGE_CURVE('',#8369,#8377,#8379,.T.);
#8377 = VERTEX_POINT('',#8378);
#8378 = CARTESIAN_POINT('',(-0.725135072626,0.565270145251,0.1));
#8379 = LINE('',#8380,#8381);
#8380 = CARTESIAN_POINT('',(-0.790270145251,0.500135072626,0.1));
#8381 = VECTOR('',#8382,1.);
#8382 = DIRECTION('',(0.707106781187,0.707106781187,0.));
#8383 = ORIENTED_EDGE('',*,*,#8384,.T.);
#8384 = EDGE_CURVE('',#8377,#8385,#8387,.T.);
#8385 = VERTEX_POINT('',#8386);
#8386 = CARTESIAN_POINT('',(0.725135072626,0.565270145251,0.1));
#8387 = LINE('',#8388,#8389);
#8388 = CARTESIAN_POINT('',(-0.725135072626,0.565270145251,0.1));
#8389 = VECTOR('',#8390,1.);
#8390 = DIRECTION('',(1.,0.,0.));
#8391 = ORIENTED_EDGE('',*,*,#8392,.T.);
#8392 = EDGE_CURVE('',#8385,#8174,#8393,.T.);
#8393 = LINE('',#8394,#8395);
#8394 = CARTESIAN_POINT('',(0.725135072626,0.565270145251,0.1));
#8395 = VECTOR('',#8396,1.);
#8396 = DIRECTION('',(0.707106781187,-0.707106781187,0.));
#8397 = ORIENTED_EDGE('',*,*,#8173,.T.);
#8398 = ORIENTED_EDGE('',*,*,#8399,.T.);
#8399 = EDGE_CURVE('',#8176,#8400,#8402,.T.);
#8400 = VERTEX_POINT('',#8401);
#8401 = CARTESIAN_POINT('',(0.725135072626,-0.565270145251,0.1));
#8402 = LINE('',#8403,#8404);
#8403 = CARTESIAN_POINT('',(0.790270145251,-0.500135072626,0.1));
#8404 = VECTOR('',#8405,1.);
#8405 = DIRECTION('',(-0.707106781187,-0.707106781187,0.));
#8406 = ORIENTED_EDGE('',*,*,#8407,.T.);
#8407 = EDGE_CURVE('',#8400,#8408,#8410,.T.);
#8408 = VERTEX_POINT('',#8409);
#8409 = CARTESIAN_POINT('',(-0.725135072626,-0.565270145251,0.1));
#8410 = LINE('',#8411,#8412);
#8411 = CARTESIAN_POINT('',(0.725135072626,-0.565270145251,0.1));
#8412 = VECTOR('',#8413,1.);
#8413 = DIRECTION('',(-1.,0.,0.));
#8414 = ORIENTED_EDGE('',*,*,#8415,.T.);
#8415 = EDGE_CURVE('',#8408,#8367,#8416,.T.);
#8416 = LINE('',#8417,#8418);
#8417 = CARTESIAN_POINT('',(-0.725135072626,-0.565270145251,0.1));
#8418 = VECTOR('',#8419,1.);
#8419 = DIRECTION('',(-0.707106781187,0.707106781187,0.));
#8420 = PLANE('',#8421);
#8421 = AXIS2_PLACEMENT_3D('',#8422,#8423,#8424);
#8422 = CARTESIAN_POINT('',(-0.790270145251,-0.500135072626,0.1));
#8423 = DIRECTION('',(0.,0.,1.));
#8424 = DIRECTION('',(0.844997546083,0.534770181587,-0.));
#8425 = ADVANCED_FACE('',(#8426),#8443,.F.);
#8426 = FACE_BOUND('',#8427,.F.);
#8427 = EDGE_LOOP('',(#8428,#8429,#8430,#8438));
#8428 = ORIENTED_EDGE('',*,*,#8392,.T.);
#8429 = ORIENTED_EDGE('',*,*,#8205,.T.);
#8430 = ORIENTED_EDGE('',*,*,#8431,.F.);
#8431 = EDGE_CURVE('',#8432,#8198,#8434,.T.);
#8432 = VERTEX_POINT('',#8433);
#8433 = CARTESIAN_POINT('',(0.755,0.625,0.525));
#8434 = LINE('',#8435,#8436);
#8435 = CARTESIAN_POINT('',(0.755,0.625,0.525));
#8436 = VECTOR('',#8437,1.);
#8437 = DIRECTION('',(0.707106781187,-0.707106781187,0.));
#8438 = ORIENTED_EDGE('',*,*,#8439,.F.);
#8439 = EDGE_CURVE('',#8385,#8432,#8440,.T.);
#8440 = B_SPLINE_CURVE_WITH_KNOTS('',1,(#8441,#8442),.UNSPECIFIED.,.F.,
  .F.,(2,2),(0.,1.),.PIECEWISE_BEZIER_KNOTS.);
#8441 = CARTESIAN_POINT('',(0.725135072626,0.565270145251,0.1));
#8442 = CARTESIAN_POINT('',(0.755,0.625,0.525));
#8443 = B_SPLINE_SURFACE_WITH_KNOTS('',1,1,(
    (#8444,#8445)
    ,(#8446,#8447
    )),.UNSPECIFIED.,.F.,.F.,.F.,(2,2),(2,2),(0.,0.134350288425),(0.,1.)
  ,.PIECEWISE_BEZIER_KNOTS.);
#8444 = CARTESIAN_POINT('',(0.725135072626,0.565270145251,0.1));
#8445 = CARTESIAN_POINT('',(0.755,0.625,0.525));
#8446 = CARTESIAN_POINT('',(0.790270145251,0.500135072626,0.1));
#8447 = CARTESIAN_POINT('',(0.85,0.53,0.525));
#8448 = ADVANCED_FACE('',(#8449),#8466,.F.);
#8449 = FACE_BOUND('',#8450,.F.);
#8450 = EDGE_LOOP('',(#8451,#8452,#8459,#8465));
#8451 = ORIENTED_EDGE('',*,*,#8399,.T.);
#8452 = ORIENTED_EDGE('',*,*,#8453,.T.);
#8453 = EDGE_CURVE('',#8400,#8454,#8456,.T.);
#8454 = VERTEX_POINT('',#8455);
#8455 = CARTESIAN_POINT('',(0.755,-0.625,0.525));
#8456 = B_SPLINE_CURVE_WITH_KNOTS('',1,(#8457,#8458),.UNSPECIFIED.,.F.,
  .F.,(2,2),(0.,1.),.PIECEWISE_BEZIER_KNOTS.);
#8457 = CARTESIAN_POINT('',(0.725135072626,-0.565270145251,0.1));
#8458 = CARTESIAN_POINT('',(0.755,-0.625,0.525));
#8459 = ORIENTED_EDGE('',*,*,#8460,.F.);
#8460 = EDGE_CURVE('',#8184,#8454,#8461,.T.);
#8461 = LINE('',#8462,#8463);
#8462 = CARTESIAN_POINT('',(0.85,-0.53,0.525));
#8463 = VECTOR('',#8464,1.);
#8464 = DIRECTION('',(-0.707106781187,-0.707106781187,0.));
#8465 = ORIENTED_EDGE('',*,*,#8183,.F.);
#8466 = B_SPLINE_SURFACE_WITH_KNOTS('',1,1,(
    (#8467,#8468)
    ,(#8469,#8470
    )),.UNSPECIFIED.,.F.,.F.,.F.,(2,2),(2,2),(0.,0.134350288425),(0.,1.)
  ,.PIECEWISE_BEZIER_KNOTS.);
#8467 = CARTESIAN_POINT('',(0.790270145251,-0.500135072626,0.1));
#8468 = CARTESIAN_POINT('',(0.85,-0.53,0.525));
#8469 = CARTESIAN_POINT('',(0.725135072626,-0.565270145251,0.1));
#8470 = CARTESIAN_POINT('',(0.755,-0.625,0.525));
#8471 = ADVANCED_FACE('',(#8472),#8489,.F.);
#8472 = FACE_BOUND('',#8473,.F.);
#8473 = EDGE_LOOP('',(#8474,#8475,#8476,#8484));
#8474 = ORIENTED_EDGE('',*,*,#8431,.T.);
#8475 = ORIENTED_EDGE('',*,*,#8235,.T.);
#8476 = ORIENTED_EDGE('',*,*,#8477,.F.);
#8477 = EDGE_CURVE('',#8478,#8236,#8480,.T.);
#8478 = VERTEX_POINT('',#8479);
#8479 = CARTESIAN_POINT('',(0.755,0.625,0.675));
#8480 = LINE('',#8481,#8482);
#8481 = CARTESIAN_POINT('',(0.755,0.625,0.675));
#8482 = VECTOR('',#8483,1.);
#8483 = DIRECTION('',(0.707106781187,-0.707106781187,0.));
#8484 = ORIENTED_EDGE('',*,*,#8485,.F.);
#8485 = EDGE_CURVE('',#8432,#8478,#8486,.T.);
#8486 = B_SPLINE_CURVE_WITH_KNOTS('',1,(#8487,#8488),.UNSPECIFIED.,.F.,
  .F.,(2,2),(0.,1.),.PIECEWISE_BEZIER_KNOTS.);
#8487 = CARTESIAN_POINT('',(0.755,0.625,0.525));
#8488 = CARTESIAN_POINT('',(0.755,0.625,0.675));
#8489 = PLANE('',#8490);
#8490 = AXIS2_PLACEMENT_3D('',#8491,#8492,#8493);
#8491 = CARTESIAN_POINT('',(0.755,0.625,0.675));
#8492 = DIRECTION('',(-0.707106781187,-0.707106781187,0.));
#8493 = DIRECTION('',(0.707106781187,-0.707106781187,0.));
#8494 = ADVANCED_FACE('',(#8495),#8519,.F.);
#8495 = FACE_BOUND('',#8496,.F.);
#8496 = EDGE_LOOP('',(#8497,#8504,#8505,#8513));
#8497 = ORIENTED_EDGE('',*,*,#8498,.F.);
#8498 = EDGE_CURVE('',#8236,#8499,#8501,.T.);
#8499 = VERTEX_POINT('',#8500);
#8500 = CARTESIAN_POINT('',(0.825,0.5175,0.675));
#8501 = B_SPLINE_CURVE_WITH_KNOTS('',1,(#8502,#8503),.UNSPECIFIED.,.F.,
  .F.,(2,2),(0.,1.),.PIECEWISE_BEZIER_KNOTS.);
#8502 = CARTESIAN_POINT('',(0.85,0.53,0.675));
#8503 = CARTESIAN_POINT('',(0.825,0.5175,0.675));
#8504 = ORIENTED_EDGE('',*,*,#8244,.T.);
#8505 = ORIENTED_EDGE('',*,*,#8506,.T.);
#8506 = EDGE_CURVE('',#8040,#8507,#8509,.T.);
#8507 = VERTEX_POINT('',#8508);
#8508 = CARTESIAN_POINT('',(0.825,0.175,0.675));
#8509 = LINE('',#8510,#8511);
#8510 = CARTESIAN_POINT('',(0.85,0.175,0.675));
#8511 = VECTOR('',#8512,1.);
#8512 = DIRECTION('',(-1.,2.22044604925E-16,0.));
#8513 = ORIENTED_EDGE('',*,*,#8514,.F.);
#8514 = EDGE_CURVE('',#8499,#8507,#8515,.T.);
#8515 = LINE('',#8516,#8517);
#8516 = CARTESIAN_POINT('',(0.825,0.5175,0.675));
#8517 = VECTOR('',#8518,1.);
#8518 = DIRECTION('',(0.,-1.,0.));
#8519 = B_SPLINE_SURFACE_WITH_KNOTS('',1,1,(
    (#8520,#8521)
    ,(#8522,#8523
    )),.UNSPECIFIED.,.F.,.F.,.F.,(2,2),(2,2),(0.,1.06),(0.,1.),
  .PIECEWISE_BEZIER_KNOTS.);
#8520 = CARTESIAN_POINT('',(0.85,0.53,0.675));
#8521 = CARTESIAN_POINT('',(0.825,0.5175,0.675));
#8522 = CARTESIAN_POINT('',(0.85,-0.53,0.675));
#8523 = CARTESIAN_POINT('',(0.825,-0.5175,0.675));
#8524 = ADVANCED_FACE('',(#8525),#8543,.F.);
#8525 = FACE_BOUND('',#8526,.F.);
#8526 = EDGE_LOOP('',(#8527,#8528,#8529,#8537));
#8527 = ORIENTED_EDGE('',*,*,#8506,.F.);
#8528 = ORIENTED_EDGE('',*,*,#8259,.T.);
#8529 = ORIENTED_EDGE('',*,*,#8530,.T.);
#8530 = EDGE_CURVE('',#8107,#8531,#8533,.T.);
#8531 = VERTEX_POINT('',#8532);
#8532 = CARTESIAN_POINT('',(0.825,-0.175,0.675));
#8533 = LINE('',#8534,#8535);
#8534 = CARTESIAN_POINT('',(0.85,-0.175,0.675));
#8535 = VECTOR('',#8536,1.);
#8536 = DIRECTION('',(-1.,2.22044604925E-16,0.));
#8537 = ORIENTED_EDGE('',*,*,#8538,.F.);
#8538 = EDGE_CURVE('',#8507,#8531,#8539,.T.);
#8539 = LINE('',#8540,#8541);
#8540 = CARTESIAN_POINT('',(0.825,0.5175,0.675));
#8541 = VECTOR('',#8542,1.);
#8542 = DIRECTION('',(0.,-1.,0.));
#8543 = PLANE('',#8544);
#8544 = AXIS2_PLACEMENT_3D('',#8545,#8546,#8547);
#8545 = CARTESIAN_POINT('',(0.85,0.175,0.675));
#8546 = DIRECTION('',(0.,-0.,-1.));
#8547 = DIRECTION('',(-1.,2.22044604925E-16,-0.));
#8548 = ADVANCED_FACE('',(#8549),#8566,.F.);
#8549 = FACE_BOUND('',#8550,.F.);
#8550 = EDGE_LOOP('',(#8551,#8552,#8553,#8560));
#8551 = ORIENTED_EDGE('',*,*,#8530,.F.);
#8552 = ORIENTED_EDGE('',*,*,#8352,.T.);
#8553 = ORIENTED_EDGE('',*,*,#8554,.T.);
#8554 = EDGE_CURVE('',#8346,#8555,#8557,.T.);
#8555 = VERTEX_POINT('',#8556);
#8556 = CARTESIAN_POINT('',(0.825,-0.5175,0.675));
#8557 = B_SPLINE_CURVE_WITH_KNOTS('',1,(#8558,#8559),.UNSPECIFIED.,.F.,
  .F.,(2,2),(0.,1.),.PIECEWISE_BEZIER_KNOTS.);
#8558 = CARTESIAN_POINT('',(0.85,-0.53,0.675));
#8559 = CARTESIAN_POINT('',(0.825,-0.5175,0.675));
#8560 = ORIENTED_EDGE('',*,*,#8561,.F.);
#8561 = EDGE_CURVE('',#8531,#8555,#8562,.T.);
#8562 = LINE('',#8563,#8564);
#8563 = CARTESIAN_POINT('',(0.825,0.5175,0.675));
#8564 = VECTOR('',#8565,1.);
#8565 = DIRECTION('',(0.,-1.,0.));
#8566 = B_SPLINE_SURFACE_WITH_KNOTS('',1,1,(
    (#8567,#8568)
    ,(#8569,#8570
    )),.UNSPECIFIED.,.F.,.F.,.F.,(2,2),(2,2),(0.,1.06),(0.,1.),
  .PIECEWISE_BEZIER_KNOTS.);
#8567 = CARTESIAN_POINT('',(0.85,0.53,0.675));
#8568 = CARTESIAN_POINT('',(0.825,0.5175,0.675));
#8569 = CARTESIAN_POINT('',(0.85,-0.53,0.675));
#8570 = CARTESIAN_POINT('',(0.825,-0.5175,0.675));
#8571 = ADVANCED_FACE('',(#8572),#8589,.F.);
#8572 = FACE_BOUND('',#8573,.F.);
#8573 = EDGE_LOOP('',(#8574,#8575,#8582,#8588));
#8574 = ORIENTED_EDGE('',*,*,#8460,.T.);
#8575 = ORIENTED_EDGE('',*,*,#8576,.T.);
#8576 = EDGE_CURVE('',#8454,#8577,#8579,.T.);
#8577 = VERTEX_POINT('',#8578);
#8578 = CARTESIAN_POINT('',(0.755,-0.625,0.675));
#8579 = B_SPLINE_CURVE_WITH_KNOTS('',1,(#8580,#8581),.UNSPECIFIED.,.F.,
  .F.,(2,2),(0.,1.),.PIECEWISE_BEZIER_KNOTS.);
#8580 = CARTESIAN_POINT('',(0.755,-0.625,0.525));
#8581 = CARTESIAN_POINT('',(0.755,-0.625,0.675));
#8582 = ORIENTED_EDGE('',*,*,#8583,.F.);
#8583 = EDGE_CURVE('',#8346,#8577,#8584,.T.);
#8584 = LINE('',#8585,#8586);
#8585 = CARTESIAN_POINT('',(0.85,-0.53,0.675));
#8586 = VECTOR('',#8587,1.);
#8587 = DIRECTION('',(-0.707106781187,-0.707106781187,0.));
#8588 = ORIENTED_EDGE('',*,*,#8345,.F.);
#8589 = PLANE('',#8590);
#8590 = AXIS2_PLACEMENT_3D('',#8591,#8592,#8593);
#8591 = CARTESIAN_POINT('',(0.85,-0.53,0.675));
#8592 = DIRECTION('',(-0.707106781187,0.707106781187,0.));
#8593 = DIRECTION('',(-0.707106781187,-0.707106781187,0.));
#8594 = ADVANCED_FACE('',(#8595),#8634,.F.);
#8595 = FACE_BOUND('',#8596,.F.);
#8596 = EDGE_LOOP('',(#8597,#8598,#8605,#8613,#8621,#8629));
#8597 = ORIENTED_EDGE('',*,*,#8366,.T.);
#8598 = ORIENTED_EDGE('',*,*,#8599,.T.);
#8599 = EDGE_CURVE('',#8369,#8600,#8602,.T.);
#8600 = VERTEX_POINT('',#8601);
#8601 = CARTESIAN_POINT('',(-0.85,0.53,0.525));
#8602 = B_SPLINE_CURVE_WITH_KNOTS('',1,(#8603,#8604),.UNSPECIFIED.,.F.,
  .F.,(2,2),(0.,1.),.PIECEWISE_BEZIER_KNOTS.);
#8603 = CARTESIAN_POINT('',(-0.790270145251,0.500135072626,0.1));
#8604 = CARTESIAN_POINT('',(-0.85,0.53,0.525));
#8605 = ORIENTED_EDGE('',*,*,#8606,.F.);
#8606 = EDGE_CURVE('',#8607,#8600,#8609,.T.);
#8607 = VERTEX_POINT('',#8608);
#8608 = CARTESIAN_POINT('',(-0.85,0.175,0.525));
#8609 = LINE('',#8610,#8611);
#8610 = CARTESIAN_POINT('',(-0.85,-0.53,0.525));
#8611 = VECTOR('',#8612,1.);
#8612 = DIRECTION('',(0.,1.,0.));
#8613 = ORIENTED_EDGE('',*,*,#8614,.F.);
#8614 = EDGE_CURVE('',#8615,#8607,#8617,.T.);
#8615 = VERTEX_POINT('',#8616);
#8616 = CARTESIAN_POINT('',(-0.85,-0.175,0.525));
#8617 = LINE('',#8618,#8619);
#8618 = CARTESIAN_POINT('',(-0.85,-0.175,0.525));
#8619 = VECTOR('',#8620,1.);
#8620 = DIRECTION('',(1.110223024625E-16,1.,0.));
#8621 = ORIENTED_EDGE('',*,*,#8622,.F.);
#8622 = EDGE_CURVE('',#8623,#8615,#8625,.T.);
#8623 = VERTEX_POINT('',#8624);
#8624 = CARTESIAN_POINT('',(-0.85,-0.53,0.525));
#8625 = LINE('',#8626,#8627);
#8626 = CARTESIAN_POINT('',(-0.85,-0.53,0.525));
#8627 = VECTOR('',#8628,1.);
#8628 = DIRECTION('',(0.,1.,0.));
#8629 = ORIENTED_EDGE('',*,*,#8630,.F.);
#8630 = EDGE_CURVE('',#8367,#8623,#8631,.T.);
#8631 = B_SPLINE_CURVE_WITH_KNOTS('',1,(#8632,#8633),.UNSPECIFIED.,.F.,
  .F.,(2,2),(0.,1.),.PIECEWISE_BEZIER_KNOTS.);
#8632 = CARTESIAN_POINT('',(-0.790270145251,-0.500135072626,0.1));
#8633 = CARTESIAN_POINT('',(-0.85,-0.53,0.525));
#8634 = B_SPLINE_SURFACE_WITH_KNOTS('',1,1,(
    (#8635,#8636)
    ,(#8637,#8638
    )),.UNSPECIFIED.,.F.,.F.,.F.,(2,2),(2,2),(0.,1.06),(0.,1.),
  .PIECEWISE_BEZIER_KNOTS.);
#8635 = CARTESIAN_POINT('',(-0.790270145251,-0.500135072626,0.1));
#8636 = CARTESIAN_POINT('',(-0.85,-0.53,0.525));
#8637 = CARTESIAN_POINT('',(-0.790270145251,0.500135072626,0.1));
#8638 = CARTESIAN_POINT('',(-0.85,0.53,0.525));
#8639 = ADVANCED_FACE('',(#8640),#8657,.F.);
#8640 = FACE_BOUND('',#8641,.F.);
#8641 = EDGE_LOOP('',(#8642,#8643,#8650,#8656));
#8642 = ORIENTED_EDGE('',*,*,#8376,.T.);
#8643 = ORIENTED_EDGE('',*,*,#8644,.T.);
#8644 = EDGE_CURVE('',#8377,#8645,#8647,.T.);
#8645 = VERTEX_POINT('',#8646);
#8646 = CARTESIAN_POINT('',(-0.755,0.625,0.525));
#8647 = B_SPLINE_CURVE_WITH_KNOTS('',1,(#8648,#8649),.UNSPECIFIED.,.F.,
  .F.,(2,2),(0.,1.),.PIECEWISE_BEZIER_KNOTS.);
#8648 = CARTESIAN_POINT('',(-0.725135072626,0.565270145251,0.1));
#8649 = CARTESIAN_POINT('',(-0.755,0.625,0.525));
#8650 = ORIENTED_EDGE('',*,*,#8651,.F.);
#8651 = EDGE_CURVE('',#8600,#8645,#8652,.T.);
#8652 = LINE('',#8653,#8654);
#8653 = CARTESIAN_POINT('',(-0.85,0.53,0.525));
#8654 = VECTOR('',#8655,1.);
#8655 = DIRECTION('',(0.707106781187,0.707106781187,0.));
#8656 = ORIENTED_EDGE('',*,*,#8599,.F.);
#8657 = B_SPLINE_SURFACE_WITH_KNOTS('',1,1,(
    (#8658,#8659)
    ,(#8660,#8661
    )),.UNSPECIFIED.,.F.,.F.,.F.,(2,2),(2,2),(0.,0.134350288425),(0.,1.)
  ,.PIECEWISE_BEZIER_KNOTS.);
#8658 = CARTESIAN_POINT('',(-0.790270145251,0.500135072626,0.1));
#8659 = CARTESIAN_POINT('',(-0.85,0.53,0.525));
#8660 = CARTESIAN_POINT('',(-0.725135072626,0.565270145251,0.1));
#8661 = CARTESIAN_POINT('',(-0.755,0.625,0.525));
#8662 = ADVANCED_FACE('',(#8663),#8674,.F.);
#8663 = FACE_BOUND('',#8664,.F.);
#8664 = EDGE_LOOP('',(#8665,#8666,#8667,#8673));
#8665 = ORIENTED_EDGE('',*,*,#8384,.T.);
#8666 = ORIENTED_EDGE('',*,*,#8439,.T.);
#8667 = ORIENTED_EDGE('',*,*,#8668,.F.);
#8668 = EDGE_CURVE('',#8645,#8432,#8669,.T.);
#8669 = LINE('',#8670,#8671);
#8670 = CARTESIAN_POINT('',(-0.755,0.625,0.525));
#8671 = VECTOR('',#8672,1.);
#8672 = DIRECTION('',(1.,0.,0.));
#8673 = ORIENTED_EDGE('',*,*,#8644,.F.);
#8674 = B_SPLINE_SURFACE_WITH_KNOTS('',1,1,(
    (#8675,#8676)
    ,(#8677,#8678
    )),.UNSPECIFIED.,.F.,.F.,.F.,(2,2),(2,2),(0.,1.51),(0.,1.),
  .PIECEWISE_BEZIER_KNOTS.);
#8675 = CARTESIAN_POINT('',(-0.725135072626,0.565270145251,0.1));
#8676 = CARTESIAN_POINT('',(-0.755,0.625,0.525));
#8677 = CARTESIAN_POINT('',(0.725135072626,0.565270145251,0.1));
#8678 = CARTESIAN_POINT('',(0.755,0.625,0.525));
#8679 = ADVANCED_FACE('',(#8680),#8697,.F.);
#8680 = FACE_BOUND('',#8681,.F.);
#8681 = EDGE_LOOP('',(#8682,#8683,#8690,#8696));
#8682 = ORIENTED_EDGE('',*,*,#8407,.T.);
#8683 = ORIENTED_EDGE('',*,*,#8684,.T.);
#8684 = EDGE_CURVE('',#8408,#8685,#8687,.T.);
#8685 = VERTEX_POINT('',#8686);
#8686 = CARTESIAN_POINT('',(-0.755,-0.625,0.525));
#8687 = B_SPLINE_CURVE_WITH_KNOTS('',1,(#8688,#8689),.UNSPECIFIED.,.F.,
  .F.,(2,2),(0.,1.),.PIECEWISE_BEZIER_KNOTS.);
#8688 = CARTESIAN_POINT('',(-0.725135072626,-0.565270145251,0.1));
#8689 = CARTESIAN_POINT('',(-0.755,-0.625,0.525));
#8690 = ORIENTED_EDGE('',*,*,#8691,.F.);
#8691 = EDGE_CURVE('',#8454,#8685,#8692,.T.);
#8692 = LINE('',#8693,#8694);
#8693 = CARTESIAN_POINT('',(0.755,-0.625,0.525));
#8694 = VECTOR('',#8695,1.);
#8695 = DIRECTION('',(-1.,0.,0.));
#8696 = ORIENTED_EDGE('',*,*,#8453,.F.);
#8697 = B_SPLINE_SURFACE_WITH_KNOTS('',1,1,(
    (#8698,#8699)
    ,(#8700,#8701
    )),.UNSPECIFIED.,.F.,.F.,.F.,(2,2),(2,2),(0.,1.51),(0.,1.),
  .PIECEWISE_BEZIER_KNOTS.);
#8698 = CARTESIAN_POINT('',(0.725135072626,-0.565270145251,0.1));
#8699 = CARTESIAN_POINT('',(0.755,-0.625,0.525));
#8700 = CARTESIAN_POINT('',(-0.725135072626,-0.565270145251,0.1));
#8701 = CARTESIAN_POINT('',(-0.755,-0.625,0.525));
#8702 = ADVANCED_FACE('',(#8703),#8714,.F.);
#8703 = FACE_BOUND('',#8704,.F.);
#8704 = EDGE_LOOP('',(#8705,#8706,#8707,#8713));
#8705 = ORIENTED_EDGE('',*,*,#8415,.T.);
#8706 = ORIENTED_EDGE('',*,*,#8630,.T.);
#8707 = ORIENTED_EDGE('',*,*,#8708,.F.);
#8708 = EDGE_CURVE('',#8685,#8623,#8709,.T.);
#8709 = LINE('',#8710,#8711);
#8710 = CARTESIAN_POINT('',(-0.755,-0.625,0.525));
#8711 = VECTOR('',#8712,1.);
#8712 = DIRECTION('',(-0.707106781187,0.707106781187,0.));
#8713 = ORIENTED_EDGE('',*,*,#8684,.F.);
#8714 = B_SPLINE_SURFACE_WITH_KNOTS('',1,1,(
    (#8715,#8716)
    ,(#8717,#8718
    )),.UNSPECIFIED.,.F.,.F.,.F.,(2,2),(2,2),(0.,0.134350288425),(0.,1.)
  ,.PIECEWISE_BEZIER_KNOTS.);
#8715 = CARTESIAN_POINT('',(-0.725135072626,-0.565270145251,0.1));
#8716 = CARTESIAN_POINT('',(-0.755,-0.625,0.525));
#8717 = CARTESIAN_POINT('',(-0.790270145251,-0.500135072626,0.1));
#8718 = CARTESIAN_POINT('',(-0.85,-0.53,0.525));
#8719 = ADVANCED_FACE('',(#8720),#8737,.F.);
#8720 = FACE_BOUND('',#8721,.F.);
#8721 = EDGE_LOOP('',(#8722,#8723,#8724,#8732));
#8722 = ORIENTED_EDGE('',*,*,#8477,.T.);
#8723 = ORIENTED_EDGE('',*,*,#8498,.T.);
#8724 = ORIENTED_EDGE('',*,*,#8725,.F.);
#8725 = EDGE_CURVE('',#8726,#8499,#8728,.T.);
#8726 = VERTEX_POINT('',#8727);
#8727 = CARTESIAN_POINT('',(0.7425,0.6,0.675));
#8728 = LINE('',#8729,#8730);
#8729 = CARTESIAN_POINT('',(0.7425,0.6,0.675));
#8730 = VECTOR('',#8731,1.);
#8731 = DIRECTION('',(0.707106781187,-0.707106781187,0.));
#8732 = ORIENTED_EDGE('',*,*,#8733,.F.);
#8733 = EDGE_CURVE('',#8478,#8726,#8734,.T.);
#8734 = B_SPLINE_CURVE_WITH_KNOTS('',1,(#8735,#8736),.UNSPECIFIED.,.F.,
  .F.,(2,2),(0.,1.),.PIECEWISE_BEZIER_KNOTS.);
#8735 = CARTESIAN_POINT('',(0.755,0.625,0.675));
#8736 = CARTESIAN_POINT('',(0.7425,0.6,0.675));
#8737 = B_SPLINE_SURFACE_WITH_KNOTS('',1,1,(
    (#8738,#8739)
    ,(#8740,#8741
    )),.UNSPECIFIED.,.F.,.F.,.F.,(2,2),(2,2),(0.,0.134350288425),(0.,1.)
  ,.PIECEWISE_BEZIER_KNOTS.);
#8738 = CARTESIAN_POINT('',(0.755,0.625,0.675));
#8739 = CARTESIAN_POINT('',(0.7425,0.6,0.675));
#8740 = CARTESIAN_POINT('',(0.85,0.53,0.675));
#8741 = CARTESIAN_POINT('',(0.825,0.5175,0.675));
#8742 = ADVANCED_FACE('',(#8743),#8760,.F.);
#8743 = FACE_BOUND('',#8744,.F.);
#8744 = EDGE_LOOP('',(#8745,#8746,#8747,#8755));
#8745 = ORIENTED_EDGE('',*,*,#8668,.T.);
#8746 = ORIENTED_EDGE('',*,*,#8485,.T.);
#8747 = ORIENTED_EDGE('',*,*,#8748,.F.);
#8748 = EDGE_CURVE('',#8749,#8478,#8751,.T.);
#8749 = VERTEX_POINT('',#8750);
#8750 = CARTESIAN_POINT('',(-0.755,0.625,0.675));
#8751 = LINE('',#8752,#8753);
#8752 = CARTESIAN_POINT('',(-0.755,0.625,0.675));
#8753 = VECTOR('',#8754,1.);
#8754 = DIRECTION('',(1.,0.,0.));
#8755 = ORIENTED_EDGE('',*,*,#8756,.F.);
#8756 = EDGE_CURVE('',#8645,#8749,#8757,.T.);
#8757 = B_SPLINE_CURVE_WITH_KNOTS('',1,(#8758,#8759),.UNSPECIFIED.,.F.,
  .F.,(2,2),(0.,1.),.PIECEWISE_BEZIER_KNOTS.);
#8758 = CARTESIAN_POINT('',(-0.755,0.625,0.525));
#8759 = CARTESIAN_POINT('',(-0.755,0.625,0.675));
#8760 = PLANE('',#8761);
#8761 = AXIS2_PLACEMENT_3D('',#8762,#8763,#8764);
#8762 = CARTESIAN_POINT('',(-0.755,0.625,0.675));
#8763 = DIRECTION('',(0.,-1.,0.));
#8764 = DIRECTION('',(1.,0.,0.));
#8765 = ADVANCED_FACE('',(#8766),#8791,.F.);
#8766 = FACE_BOUND('',#8767,.F.);
#8767 = EDGE_LOOP('',(#8768,#8769,#8770,#8771,#8778,#8786));
#8768 = ORIENTED_EDGE('',*,*,#8514,.T.);
#8769 = ORIENTED_EDGE('',*,*,#8538,.T.);
#8770 = ORIENTED_EDGE('',*,*,#8561,.T.);
#8771 = ORIENTED_EDGE('',*,*,#8772,.T.);
#8772 = EDGE_CURVE('',#8555,#8773,#8775,.T.);
#8773 = VERTEX_POINT('',#8774);
#8774 = CARTESIAN_POINT('',(0.765270145251,-0.487635072626,1.1));
#8775 = B_SPLINE_CURVE_WITH_KNOTS('',1,(#8776,#8777),.UNSPECIFIED.,.F.,
  .F.,(2,2),(0.,1.),.PIECEWISE_BEZIER_KNOTS.);
#8776 = CARTESIAN_POINT('',(0.825,-0.5175,0.675));
#8777 = CARTESIAN_POINT('',(0.765270145251,-0.487635072626,1.1));
#8778 = ORIENTED_EDGE('',*,*,#8779,.F.);
#8779 = EDGE_CURVE('',#8780,#8773,#8782,.T.);
#8780 = VERTEX_POINT('',#8781);
#8781 = CARTESIAN_POINT('',(0.765270145251,0.487635072626,1.1));
#8782 = LINE('',#8783,#8784);
#8783 = CARTESIAN_POINT('',(0.765270145251,0.487635072626,1.1));
#8784 = VECTOR('',#8785,1.);
#8785 = DIRECTION('',(0.,-1.,0.));
#8786 = ORIENTED_EDGE('',*,*,#8787,.F.);
#8787 = EDGE_CURVE('',#8499,#8780,#8788,.T.);
#8788 = B_SPLINE_CURVE_WITH_KNOTS('',1,(#8789,#8790),.UNSPECIFIED.,.F.,
  .F.,(2,2),(0.,1.),.PIECEWISE_BEZIER_KNOTS.);
#8789 = CARTESIAN_POINT('',(0.825,0.5175,0.675));
#8790 = CARTESIAN_POINT('',(0.765270145251,0.487635072626,1.1));
#8791 = B_SPLINE_SURFACE_WITH_KNOTS('',1,1,(
    (#8792,#8793)
    ,(#8794,#8795
    )),.UNSPECIFIED.,.F.,.F.,.F.,(2,2),(2,2),(0.,1.035),(0.,1.),
  .PIECEWISE_BEZIER_KNOTS.);
#8792 = CARTESIAN_POINT('',(0.825,0.5175,0.675));
#8793 = CARTESIAN_POINT('',(0.765270145251,0.487635072626,1.1));
#8794 = CARTESIAN_POINT('',(0.825,-0.5175,0.675));
#8795 = CARTESIAN_POINT('',(0.765270145251,-0.487635072626,1.1));
#8796 = ADVANCED_FACE('',(#8797),#8814,.F.);
#8797 = FACE_BOUND('',#8798,.F.);
#8798 = EDGE_LOOP('',(#8799,#8800,#8807,#8813));
#8799 = ORIENTED_EDGE('',*,*,#8583,.T.);
#8800 = ORIENTED_EDGE('',*,*,#8801,.T.);
#8801 = EDGE_CURVE('',#8577,#8802,#8804,.T.);
#8802 = VERTEX_POINT('',#8803);
#8803 = CARTESIAN_POINT('',(0.7425,-0.6,0.675));
#8804 = B_SPLINE_CURVE_WITH_KNOTS('',1,(#8805,#8806),.UNSPECIFIED.,.F.,
  .F.,(2,2),(0.,1.),.PIECEWISE_BEZIER_KNOTS.);
#8805 = CARTESIAN_POINT('',(0.755,-0.625,0.675));
#8806 = CARTESIAN_POINT('',(0.7425,-0.6,0.675));
#8807 = ORIENTED_EDGE('',*,*,#8808,.F.);
#8808 = EDGE_CURVE('',#8555,#8802,#8809,.T.);
#8809 = LINE('',#8810,#8811);
#8810 = CARTESIAN_POINT('',(0.825,-0.5175,0.675));
#8811 = VECTOR('',#8812,1.);
#8812 = DIRECTION('',(-0.707106781187,-0.707106781187,0.));
#8813 = ORIENTED_EDGE('',*,*,#8554,.F.);
#8814 = B_SPLINE_SURFACE_WITH_KNOTS('',1,1,(
    (#8815,#8816)
    ,(#8817,#8818
    )),.UNSPECIFIED.,.F.,.F.,.F.,(2,2),(2,2),(0.,0.134350288425),(0.,1.)
  ,.PIECEWISE_BEZIER_KNOTS.);
#8815 = CARTESIAN_POINT('',(0.85,-0.53,0.675));
#8816 = CARTESIAN_POINT('',(0.825,-0.5175,0.675));
#8817 = CARTESIAN_POINT('',(0.755,-0.625,0.675));
#8818 = CARTESIAN_POINT('',(0.7425,-0.6,0.675));
#8819 = ADVANCED_FACE('',(#8820),#8837,.F.);
#8820 = FACE_BOUND('',#8821,.F.);
#8821 = EDGE_LOOP('',(#8822,#8823,#8830,#8836));
#8822 = ORIENTED_EDGE('',*,*,#8691,.T.);
#8823 = ORIENTED_EDGE('',*,*,#8824,.T.);
#8824 = EDGE_CURVE('',#8685,#8825,#8827,.T.);
#8825 = VERTEX_POINT('',#8826);
#8826 = CARTESIAN_POINT('',(-0.755,-0.625,0.675));
#8827 = B_SPLINE_CURVE_WITH_KNOTS('',1,(#8828,#8829),.UNSPECIFIED.,.F.,
  .F.,(2,2),(0.,1.),.PIECEWISE_BEZIER_KNOTS.);
#8828 = CARTESIAN_POINT('',(-0.755,-0.625,0.525));
#8829 = CARTESIAN_POINT('',(-0.755,-0.625,0.675));
#8830 = ORIENTED_EDGE('',*,*,#8831,.F.);
#8831 = EDGE_CURVE('',#8577,#8825,#8832,.T.);
#8832 = LINE('',#8833,#8834);
#8833 = CARTESIAN_POINT('',(0.755,-0.625,0.675));
#8834 = VECTOR('',#8835,1.);
#8835 = DIRECTION('',(-1.,0.,0.));
#8836 = ORIENTED_EDGE('',*,*,#8576,.F.);
#8837 = PLANE('',#8838);
#8838 = AXIS2_PLACEMENT_3D('',#8839,#8840,#8841);
#8839 = CARTESIAN_POINT('',(0.755,-0.625,0.675));
#8840 = DIRECTION('',(0.,1.,0.));
#8841 = DIRECTION('',(-1.,0.,0.));
#8842 = ADVANCED_FACE('',(#8843),#8867,.F.);
#8843 = FACE_BOUND('',#8844,.F.);
#8844 = EDGE_LOOP('',(#8845,#8852,#8853,#8861));
#8845 = ORIENTED_EDGE('',*,*,#8846,.F.);
#8846 = EDGE_CURVE('',#8623,#8847,#8849,.T.);
#8847 = VERTEX_POINT('',#8848);
#8848 = CARTESIAN_POINT('',(-0.85,-0.53,0.675));
#8849 = B_SPLINE_CURVE_WITH_KNOTS('',1,(#8850,#8851),.UNSPECIFIED.,.F.,
  .F.,(2,2),(0.,1.),.PIECEWISE_BEZIER_KNOTS.);
#8850 = CARTESIAN_POINT('',(-0.85,-0.53,0.525));
#8851 = CARTESIAN_POINT('',(-0.85,-0.53,0.675));
#8852 = ORIENTED_EDGE('',*,*,#8622,.T.);
#8853 = ORIENTED_EDGE('',*,*,#8854,.T.);
#8854 = EDGE_CURVE('',#8615,#8855,#8857,.T.);
#8855 = VERTEX_POINT('',#8856);
#8856 = CARTESIAN_POINT('',(-0.85,-0.175,0.675));
#8857 = LINE('',#8858,#8859);
#8858 = CARTESIAN_POINT('',(-0.85,-0.175,0.498338171534));
#8859 = VECTOR('',#8860,1.);
#8860 = DIRECTION('',(0.,0.,1.));
#8861 = ORIENTED_EDGE('',*,*,#8862,.F.);
#8862 = EDGE_CURVE('',#8847,#8855,#8863,.T.);
#8863 = LINE('',#8864,#8865);
#8864 = CARTESIAN_POINT('',(-0.85,-0.53,0.675));
#8865 = VECTOR('',#8866,1.);
#8866 = DIRECTION('',(0.,1.,0.));
#8867 = PLANE('',#8868);
#8868 = AXIS2_PLACEMENT_3D('',#8869,#8870,#8871);
#8869 = CARTESIAN_POINT('',(-0.85,-0.53,0.675));
#8870 = DIRECTION('',(1.,0.,0.));
#8871 = DIRECTION('',(-0.,1.,0.));
#8872 = ADVANCED_FACE('',(#8873),#8897,.F.);
#8873 = FACE_BOUND('',#8874,.F.);
#8874 = EDGE_LOOP('',(#8875,#8883,#8884,#8891));
#8875 = ORIENTED_EDGE('',*,*,#8876,.F.);
#8876 = EDGE_CURVE('',#8607,#8877,#8879,.T.);
#8877 = VERTEX_POINT('',#8878);
#8878 = CARTESIAN_POINT('',(-0.85,0.175,0.675));
#8879 = LINE('',#8880,#8881);
#8880 = CARTESIAN_POINT('',(-0.85,0.175,0.498338171534));
#8881 = VECTOR('',#8882,1.);
#8882 = DIRECTION('',(0.,0.,1.));
#8883 = ORIENTED_EDGE('',*,*,#8606,.T.);
#8884 = ORIENTED_EDGE('',*,*,#8885,.T.);
#8885 = EDGE_CURVE('',#8600,#8886,#8888,.T.);
#8886 = VERTEX_POINT('',#8887);
#8887 = CARTESIAN_POINT('',(-0.85,0.53,0.675));
#8888 = B_SPLINE_CURVE_WITH_KNOTS('',1,(#8889,#8890),.UNSPECIFIED.,.F.,
  .F.,(2,2),(0.,1.),.PIECEWISE_BEZIER_KNOTS.);
#8889 = CARTESIAN_POINT('',(-0.85,0.53,0.525));
#8890 = CARTESIAN_POINT('',(-0.85,0.53,0.675));
#8891 = ORIENTED_EDGE('',*,*,#8892,.F.);
#8892 = EDGE_CURVE('',#8877,#8886,#8893,.T.);
#8893 = LINE('',#8894,#8895);
#8894 = CARTESIAN_POINT('',(-0.85,-0.53,0.675));
#8895 = VECTOR('',#8896,1.);
#8896 = DIRECTION('',(0.,1.,0.));
#8897 = PLANE('',#8898);
#8898 = AXIS2_PLACEMENT_3D('',#8899,#8900,#8901);
#8899 = CARTESIAN_POINT('',(-0.85,-0.53,0.675));
#8900 = DIRECTION('',(1.,0.,0.));
#8901 = DIRECTION('',(-0.,1.,0.));
#8902 = ADVANCED_FACE('',(#8903),#8930,.F.);
#8903 = FACE_BOUND('',#8904,.F.);
#8904 = EDGE_LOOP('',(#8905,#8906,#8915,#8923));
#8905 = ORIENTED_EDGE('',*,*,#8614,.T.);
#8906 = ORIENTED_EDGE('',*,*,#8907,.T.);
#8907 = EDGE_CURVE('',#8607,#8908,#8910,.T.);
#8908 = VERTEX_POINT('',#8909);
#8909 = CARTESIAN_POINT('',(-0.92,0.175,0.455));
#8910 = CIRCLE('',#8911,7.E-02);
#8911 = AXIS2_PLACEMENT_3D('',#8912,#8913,#8914);
#8912 = CARTESIAN_POINT('',(-0.85,0.175,0.455));
#8913 = DIRECTION('',(-1.110223024625E-16,-1.,0.));
#8914 = DIRECTION('',(0.,0.,1.));
#8915 = ORIENTED_EDGE('',*,*,#8916,.F.);
#8916 = EDGE_CURVE('',#8917,#8908,#8919,.T.);
#8917 = VERTEX_POINT('',#8918);
#8918 = CARTESIAN_POINT('',(-0.92,-0.175,0.455));
#8919 = LINE('',#8920,#8921);
#8920 = CARTESIAN_POINT('',(-0.92,-0.175,0.455));
#8921 = VECTOR('',#8922,1.);
#8922 = DIRECTION('',(1.110223024625E-16,1.,0.));
#8923 = ORIENTED_EDGE('',*,*,#8924,.F.);
#8924 = EDGE_CURVE('',#8615,#8917,#8925,.T.);
#8925 = CIRCLE('',#8926,7.E-02);
#8926 = AXIS2_PLACEMENT_3D('',#8927,#8928,#8929);
#8927 = CARTESIAN_POINT('',(-0.85,-0.175,0.455));
#8928 = DIRECTION('',(-1.110223024625E-16,-1.,0.));
#8929 = DIRECTION('',(0.,0.,1.));
#8930 = CYLINDRICAL_SURFACE('',#8931,7.E-02);
#8931 = AXIS2_PLACEMENT_3D('',#8932,#8933,#8934);
#8932 = CARTESIAN_POINT('',(-0.85,-0.175,0.455));
#8933 = DIRECTION('',(-1.110223024625E-16,-1.,0.));
#8934 = DIRECTION('',(0.,0.,1.));
#8935 = ADVANCED_FACE('',(#8936),#8947,.F.);
#8936 = FACE_BOUND('',#8937,.F.);
#8937 = EDGE_LOOP('',(#8938,#8939,#8940,#8946));
#8938 = ORIENTED_EDGE('',*,*,#8651,.T.);
#8939 = ORIENTED_EDGE('',*,*,#8756,.T.);
#8940 = ORIENTED_EDGE('',*,*,#8941,.F.);
#8941 = EDGE_CURVE('',#8886,#8749,#8942,.T.);
#8942 = LINE('',#8943,#8944);
#8943 = CARTESIAN_POINT('',(-0.85,0.53,0.675));
#8944 = VECTOR('',#8945,1.);
#8945 = DIRECTION('',(0.707106781187,0.707106781187,0.));
#8946 = ORIENTED_EDGE('',*,*,#8885,.F.);
#8947 = PLANE('',#8948);
#8948 = AXIS2_PLACEMENT_3D('',#8949,#8950,#8951);
#8949 = CARTESIAN_POINT('',(-0.85,0.53,0.675));
#8950 = DIRECTION('',(0.707106781187,-0.707106781187,0.));
#8951 = DIRECTION('',(0.707106781187,0.707106781187,0.));
#8952 = ADVANCED_FACE('',(#8953),#8964,.F.);
#8953 = FACE_BOUND('',#8954,.F.);
#8954 = EDGE_LOOP('',(#8955,#8956,#8957,#8963));
#8955 = ORIENTED_EDGE('',*,*,#8708,.T.);
#8956 = ORIENTED_EDGE('',*,*,#8846,.T.);
#8957 = ORIENTED_EDGE('',*,*,#8958,.F.);
#8958 = EDGE_CURVE('',#8825,#8847,#8959,.T.);
#8959 = LINE('',#8960,#8961);
#8960 = CARTESIAN_POINT('',(-0.755,-0.625,0.675));
#8961 = VECTOR('',#8962,1.);
#8962 = DIRECTION('',(-0.707106781187,0.707106781187,0.));
#8963 = ORIENTED_EDGE('',*,*,#8824,.F.);
#8964 = PLANE('',#8965);
#8965 = AXIS2_PLACEMENT_3D('',#8966,#8967,#8968);
#8966 = CARTESIAN_POINT('',(-0.755,-0.625,0.675));
#8967 = DIRECTION('',(0.707106781187,0.707106781187,0.));
#8968 = DIRECTION('',(-0.707106781187,0.707106781187,0.));
#8969 = ADVANCED_FACE('',(#8970),#8987,.F.);
#8970 = FACE_BOUND('',#8971,.F.);
#8971 = EDGE_LOOP('',(#8972,#8973,#8974,#8982));
#8972 = ORIENTED_EDGE('',*,*,#8725,.T.);
#8973 = ORIENTED_EDGE('',*,*,#8787,.T.);
#8974 = ORIENTED_EDGE('',*,*,#8975,.F.);
#8975 = EDGE_CURVE('',#8976,#8780,#8978,.T.);
#8976 = VERTEX_POINT('',#8977);
#8977 = CARTESIAN_POINT('',(0.712635072626,0.540270145251,1.1));
#8978 = LINE('',#8979,#8980);
#8979 = CARTESIAN_POINT('',(0.712635072626,0.540270145251,1.1));
#8980 = VECTOR('',#8981,1.);
#8981 = DIRECTION('',(0.707106781187,-0.707106781187,0.));
#8982 = ORIENTED_EDGE('',*,*,#8983,.F.);
#8983 = EDGE_CURVE('',#8726,#8976,#8984,.T.);
#8984 = B_SPLINE_CURVE_WITH_KNOTS('',1,(#8985,#8986),.UNSPECIFIED.,.F.,
  .F.,(2,2),(0.,1.),.PIECEWISE_BEZIER_KNOTS.);
#8985 = CARTESIAN_POINT('',(0.7425,0.6,0.675));
#8986 = CARTESIAN_POINT('',(0.712635072626,0.540270145251,1.1));
#8987 = B_SPLINE_SURFACE_WITH_KNOTS('',1,1,(
    (#8988,#8989)
    ,(#8990,#8991
    )),.UNSPECIFIED.,.F.,.F.,.F.,(2,2),(2,2),(0.,0.116672618896),(0.,1.)
  ,.PIECEWISE_BEZIER_KNOTS.);
#8988 = CARTESIAN_POINT('',(0.7425,0.6,0.675));
#8989 = CARTESIAN_POINT('',(0.712635072626,0.540270145251,1.1));
#8990 = CARTESIAN_POINT('',(0.825,0.5175,0.675));
#8991 = CARTESIAN_POINT('',(0.765270145251,0.487635072626,1.1));
#8992 = ADVANCED_FACE('',(#8993),#9010,.F.);
#8993 = FACE_BOUND('',#8994,.F.);
#8994 = EDGE_LOOP('',(#8995,#8996,#8997,#9005));
#8995 = ORIENTED_EDGE('',*,*,#8748,.T.);
#8996 = ORIENTED_EDGE('',*,*,#8733,.T.);
#8997 = ORIENTED_EDGE('',*,*,#8998,.F.);
#8998 = EDGE_CURVE('',#8999,#8726,#9001,.T.);
#8999 = VERTEX_POINT('',#9000);
#9000 = CARTESIAN_POINT('',(-0.7425,0.6,0.675));
#9001 = LINE('',#9002,#9003);
#9002 = CARTESIAN_POINT('',(-0.7425,0.6,0.675));
#9003 = VECTOR('',#9004,1.);
#9004 = DIRECTION('',(1.,0.,0.));
#9005 = ORIENTED_EDGE('',*,*,#9006,.F.);
#9006 = EDGE_CURVE('',#8749,#8999,#9007,.T.);
#9007 = B_SPLINE_CURVE_WITH_KNOTS('',1,(#9008,#9009),.UNSPECIFIED.,.F.,
  .F.,(2,2),(0.,1.),.PIECEWISE_BEZIER_KNOTS.);
#9008 = CARTESIAN_POINT('',(-0.755,0.625,0.675));
#9009 = CARTESIAN_POINT('',(-0.7425,0.6,0.675));
#9010 = B_SPLINE_SURFACE_WITH_KNOTS('',1,1,(
    (#9011,#9012)
    ,(#9013,#9014
    )),.UNSPECIFIED.,.F.,.F.,.F.,(2,2),(2,2),(0.,1.51),(0.,1.),
  .PIECEWISE_BEZIER_KNOTS.);
#9011 = CARTESIAN_POINT('',(-0.755,0.625,0.675));
#9012 = CARTESIAN_POINT('',(-0.7425,0.6,0.675));
#9013 = CARTESIAN_POINT('',(0.755,0.625,0.675));
#9014 = CARTESIAN_POINT('',(0.7425,0.6,0.675));
#9015 = ADVANCED_FACE('',(#9016,#9066),#9100,.T.);
#9016 = FACE_BOUND('',#9017,.T.);
#9017 = EDGE_LOOP('',(#9018,#9028,#9036,#9044,#9050,#9051,#9052,#9060));
#9018 = ORIENTED_EDGE('',*,*,#9019,.F.);
#9019 = EDGE_CURVE('',#9020,#9022,#9024,.T.);
#9020 = VERTEX_POINT('',#9021);
#9021 = CARTESIAN_POINT('',(-0.765270145251,-0.487635072626,1.1));
#9022 = VERTEX_POINT('',#9023);
#9023 = CARTESIAN_POINT('',(-0.765270145251,0.487635072626,1.1));
#9024 = LINE('',#9025,#9026);
#9025 = CARTESIAN_POINT('',(-0.765270145251,-0.487635072626,1.1));
#9026 = VECTOR('',#9027,1.);
#9027 = DIRECTION('',(0.,1.,0.));
#9028 = ORIENTED_EDGE('',*,*,#9029,.F.);
#9029 = EDGE_CURVE('',#9030,#9020,#9032,.T.);
#9030 = VERTEX_POINT('',#9031);
#9031 = CARTESIAN_POINT('',(-0.712635072626,-0.540270145251,1.1));
#9032 = LINE('',#9033,#9034);
#9033 = CARTESIAN_POINT('',(-0.712635072626,-0.540270145251,1.1));
#9034 = VECTOR('',#9035,1.);
#9035 = DIRECTION('',(-0.707106781187,0.707106781187,0.));
#9036 = ORIENTED_EDGE('',*,*,#9037,.F.);
#9037 = EDGE_CURVE('',#9038,#9030,#9040,.T.);
#9038 = VERTEX_POINT('',#9039);
#9039 = CARTESIAN_POINT('',(0.712635072626,-0.540270145251,1.1));
#9040 = LINE('',#9041,#9042);
#9041 = CARTESIAN_POINT('',(0.712635072626,-0.540270145251,1.1));
#9042 = VECTOR('',#9043,1.);
#9043 = DIRECTION('',(-1.,0.,0.));
#9044 = ORIENTED_EDGE('',*,*,#9045,.F.);
#9045 = EDGE_CURVE('',#8773,#9038,#9046,.T.);
#9046 = LINE('',#9047,#9048);
#9047 = CARTESIAN_POINT('',(0.765270145251,-0.487635072626,1.1));
#9048 = VECTOR('',#9049,1.);
#9049 = DIRECTION('',(-0.707106781187,-0.707106781187,0.));
#9050 = ORIENTED_EDGE('',*,*,#8779,.F.);
#9051 = ORIENTED_EDGE('',*,*,#8975,.F.);
#9052 = ORIENTED_EDGE('',*,*,#9053,.F.);
#9053 = EDGE_CURVE('',#9054,#8976,#9056,.T.);
#9054 = VERTEX_POINT('',#9055);
#9055 = CARTESIAN_POINT('',(-0.712635072626,0.540270145251,1.1));
#9056 = LINE('',#9057,#9058);
#9057 = CARTESIAN_POINT('',(-0.712635072626,0.540270145251,1.1));
#9058 = VECTOR('',#9059,1.);
#9059 = DIRECTION('',(1.,0.,0.));
#9060 = ORIENTED_EDGE('',*,*,#9061,.F.);
#9061 = EDGE_CURVE('',#9022,#9054,#9062,.T.);
#9062 = LINE('',#9063,#9064);
#9063 = CARTESIAN_POINT('',(-0.765270145251,0.487635072626,1.1));
#9064 = VECTOR('',#9065,1.);
#9065 = DIRECTION('',(0.707106781187,0.707106781187,0.));
#9066 = FACE_BOUND('',#9067,.T.);
#9067 = EDGE_LOOP('',(#9068,#9078,#9086,#9094));
#9068 = ORIENTED_EDGE('',*,*,#9069,.T.);
#9069 = EDGE_CURVE('',#9070,#9072,#9074,.T.);
#9070 = VERTEX_POINT('',#9071);
#9071 = CARTESIAN_POINT('',(-0.315270145251,-0.490270145251,1.1));
#9072 = VERTEX_POINT('',#9073);
#9073 = CARTESIAN_POINT('',(-0.715270145251,-0.490270145251,1.1));
#9074 = LINE('',#9075,#9076);
#9075 = CARTESIAN_POINT('',(-0.740270145251,-0.490270145251,1.1));
#9076 = VECTOR('',#9077,1.);
#9077 = DIRECTION('',(-1.,0.,0.));
#9078 = ORIENTED_EDGE('',*,*,#9079,.T.);
#9079 = EDGE_CURVE('',#9072,#9080,#9082,.T.);
#9080 = VERTEX_POINT('',#9081);
#9081 = CARTESIAN_POINT('',(-0.715270145251,0.490270145251,1.1));
#9082 = LINE('',#9083,#9084);
#9083 = CARTESIAN_POINT('',(-0.715270145251,-0.488952608939,1.1));
#9084 = VECTOR('',#9085,1.);
#9085 = DIRECTION('',(0.,1.,0.));
#9086 = ORIENTED_EDGE('',*,*,#9087,.F.);
#9087 = EDGE_CURVE('',#9088,#9080,#9090,.T.);
#9088 = VERTEX_POINT('',#9089);
#9089 = CARTESIAN_POINT('',(-0.315270145251,0.490270145251,1.1));
#9090 = LINE('',#9091,#9092);
#9091 = CARTESIAN_POINT('',(-0.740270145251,0.490270145251,1.1));
#9092 = VECTOR('',#9093,1.);
#9093 = DIRECTION('',(-1.,0.,0.));
#9094 = ORIENTED_EDGE('',*,*,#9095,.F.);
#9095 = EDGE_CURVE('',#9070,#9088,#9096,.T.);
#9096 = LINE('',#9097,#9098);
#9097 = CARTESIAN_POINT('',(-0.315270145251,-0.488952608939,1.1));
#9098 = VECTOR('',#9099,1.);
#9099 = DIRECTION('',(0.,1.,0.));
#9100 = PLANE('',#9101);
#9101 = AXIS2_PLACEMENT_3D('',#9102,#9103,#9104);
#9102 = CARTESIAN_POINT('',(-0.765270145251,-0.487635072626,1.1));
#9103 = DIRECTION('',(0.,0.,1.));
#9104 = DIRECTION('',(0.84333939541,0.537381302382,-0.));
#9105 = ADVANCED_FACE('',(#9106),#9116,.F.);
#9106 = FACE_BOUND('',#9107,.F.);
#9107 = EDGE_LOOP('',(#9108,#9109,#9114,#9115));
#9108 = ORIENTED_EDGE('',*,*,#8808,.T.);
#9109 = ORIENTED_EDGE('',*,*,#9110,.T.);
#9110 = EDGE_CURVE('',#8802,#9038,#9111,.T.);
#9111 = B_SPLINE_CURVE_WITH_KNOTS('',1,(#9112,#9113),.UNSPECIFIED.,.F.,
  .F.,(2,2),(0.,1.),.PIECEWISE_BEZIER_KNOTS.);
#9112 = CARTESIAN_POINT('',(0.7425,-0.6,0.675));
#9113 = CARTESIAN_POINT('',(0.712635072626,-0.540270145251,1.1));
#9114 = ORIENTED_EDGE('',*,*,#9045,.F.);
#9115 = ORIENTED_EDGE('',*,*,#8772,.F.);
#9116 = B_SPLINE_SURFACE_WITH_KNOTS('',1,1,(
    (#9117,#9118)
    ,(#9119,#9120
    )),.UNSPECIFIED.,.F.,.F.,.F.,(2,2),(2,2),(0.,0.116672618896),(0.,1.)
  ,.PIECEWISE_BEZIER_KNOTS.);
#9117 = CARTESIAN_POINT('',(0.825,-0.5175,0.675));
#9118 = CARTESIAN_POINT('',(0.765270145251,-0.487635072626,1.1));
#9119 = CARTESIAN_POINT('',(0.7425,-0.6,0.675));
#9120 = CARTESIAN_POINT('',(0.712635072626,-0.540270145251,1.1));
#9121 = ADVANCED_FACE('',(#9122),#9139,.F.);
#9122 = FACE_BOUND('',#9123,.F.);
#9123 = EDGE_LOOP('',(#9124,#9125,#9132,#9138));
#9124 = ORIENTED_EDGE('',*,*,#8831,.T.);
#9125 = ORIENTED_EDGE('',*,*,#9126,.T.);
#9126 = EDGE_CURVE('',#8825,#9127,#9129,.T.);
#9127 = VERTEX_POINT('',#9128);
#9128 = CARTESIAN_POINT('',(-0.7425,-0.6,0.675));
#9129 = B_SPLINE_CURVE_WITH_KNOTS('',1,(#9130,#9131),.UNSPECIFIED.,.F.,
  .F.,(2,2),(0.,1.),.PIECEWISE_BEZIER_KNOTS.);
#9130 = CARTESIAN_POINT('',(-0.755,-0.625,0.675));
#9131 = CARTESIAN_POINT('',(-0.7425,-0.6,0.675));
#9132 = ORIENTED_EDGE('',*,*,#9133,.F.);
#9133 = EDGE_CURVE('',#8802,#9127,#9134,.T.);
#9134 = LINE('',#9135,#9136);
#9135 = CARTESIAN_POINT('',(0.7425,-0.6,0.675));
#9136 = VECTOR('',#9137,1.);
#9137 = DIRECTION('',(-1.,0.,0.));
#9138 = ORIENTED_EDGE('',*,*,#8801,.F.);
#9139 = B_SPLINE_SURFACE_WITH_KNOTS('',1,1,(
    (#9140,#9141)
    ,(#9142,#9143
    )),.UNSPECIFIED.,.F.,.F.,.F.,(2,2),(2,2),(0.,1.51),(0.,1.),
  .PIECEWISE_BEZIER_KNOTS.);
#9140 = CARTESIAN_POINT('',(0.755,-0.625,0.675));
#9141 = CARTESIAN_POINT('',(0.7425,-0.6,0.675));
#9142 = CARTESIAN_POINT('',(-0.755,-0.625,0.675));
#9143 = CARTESIAN_POINT('',(-0.7425,-0.6,0.675));
#9144 = ADVANCED_FACE('',(#9145),#9169,.F.);
#9145 = FACE_BOUND('',#9146,.F.);
#9146 = EDGE_LOOP('',(#9147,#9154,#9155,#9163));
#9147 = ORIENTED_EDGE('',*,*,#9148,.F.);
#9148 = EDGE_CURVE('',#8847,#9149,#9151,.T.);
#9149 = VERTEX_POINT('',#9150);
#9150 = CARTESIAN_POINT('',(-0.825,-0.5175,0.675));
#9151 = B_SPLINE_CURVE_WITH_KNOTS('',1,(#9152,#9153),.UNSPECIFIED.,.F.,
  .F.,(2,2),(0.,1.),.PIECEWISE_BEZIER_KNOTS.);
#9152 = CARTESIAN_POINT('',(-0.85,-0.53,0.675));
#9153 = CARTESIAN_POINT('',(-0.825,-0.5175,0.675));
#9154 = ORIENTED_EDGE('',*,*,#8862,.T.);
#9155 = ORIENTED_EDGE('',*,*,#9156,.T.);
#9156 = EDGE_CURVE('',#8855,#9157,#9159,.T.);
#9157 = VERTEX_POINT('',#9158);
#9158 = CARTESIAN_POINT('',(-0.825,-0.175,0.675));
#9159 = LINE('',#9160,#9161);
#9160 = CARTESIAN_POINT('',(-0.85,-0.175,0.675));
#9161 = VECTOR('',#9162,1.);
#9162 = DIRECTION('',(1.,-1.110223024625E-16,0.));
#9163 = ORIENTED_EDGE('',*,*,#9164,.F.);
#9164 = EDGE_CURVE('',#9149,#9157,#9165,.T.);
#9165 = LINE('',#9166,#9167);
#9166 = CARTESIAN_POINT('',(-0.825,-0.5175,0.675));
#9167 = VECTOR('',#9168,1.);
#9168 = DIRECTION('',(0.,1.,0.));
#9169 = B_SPLINE_SURFACE_WITH_KNOTS('',1,1,(
    (#9170,#9171)
    ,(#9172,#9173
    )),.UNSPECIFIED.,.F.,.F.,.F.,(2,2),(2,2),(0.,1.06),(0.,1.),
  .PIECEWISE_BEZIER_KNOTS.);
#9170 = CARTESIAN_POINT('',(-0.85,-0.53,0.675));
#9171 = CARTESIAN_POINT('',(-0.825,-0.5175,0.675));
#9172 = CARTESIAN_POINT('',(-0.85,0.53,0.675));
#9173 = CARTESIAN_POINT('',(-0.825,0.5175,0.675));
#9174 = ADVANCED_FACE('',(#9175),#9244,.F.);
#9175 = FACE_BOUND('',#9176,.F.);
#9176 = EDGE_LOOP('',(#9177,#9178,#9179,#9187,#9196,#9204,#9212,#9220,
    #9229,#9237));
#9177 = ORIENTED_EDGE('',*,*,#8854,.F.);
#9178 = ORIENTED_EDGE('',*,*,#8924,.T.);
#9179 = ORIENTED_EDGE('',*,*,#9180,.T.);
#9180 = EDGE_CURVE('',#8917,#9181,#9183,.T.);
#9181 = VERTEX_POINT('',#9182);
#9182 = CARTESIAN_POINT('',(-0.92,-0.175,0.22));
#9183 = LINE('',#9184,#9185);
#9184 = CARTESIAN_POINT('',(-0.92,-0.175,0.455));
#9185 = VECTOR('',#9186,1.);
#9186 = DIRECTION('',(0.,0.,-1.));
#9187 = ORIENTED_EDGE('',*,*,#9188,.T.);
#9188 = EDGE_CURVE('',#9181,#9189,#9191,.T.);
#9189 = VERTEX_POINT('',#9190);
#9190 = CARTESIAN_POINT('',(-1.14,-0.175,0.));
#9191 = CIRCLE('',#9192,0.22);
#9192 = AXIS2_PLACEMENT_3D('',#9193,#9194,#9195);
#9193 = CARTESIAN_POINT('',(-1.14,-0.175,0.22));
#9194 = DIRECTION('',(1.110223024625E-16,1.,0.));
#9195 = DIRECTION('',(1.,-1.110223024625E-16,1.261617073438E-16));
#9196 = ORIENTED_EDGE('',*,*,#9197,.T.);
#9197 = EDGE_CURVE('',#9189,#9198,#9200,.T.);
#9198 = VERTEX_POINT('',#9199);
#9199 = CARTESIAN_POINT('',(-1.25,-0.175,0.));
#9200 = LINE('',#9201,#9202);
#9201 = CARTESIAN_POINT('',(-1.14,-0.175,0.));
#9202 = VECTOR('',#9203,1.);
#9203 = DIRECTION('',(-1.,1.110223024625E-16,0.));
#9204 = ORIENTED_EDGE('',*,*,#9205,.T.);
#9205 = EDGE_CURVE('',#9198,#9206,#9208,.T.);
#9206 = VERTEX_POINT('',#9207);
#9207 = CARTESIAN_POINT('',(-1.25,-0.175,0.15));
#9208 = LINE('',#9209,#9210);
#9209 = CARTESIAN_POINT('',(-1.25,-0.175,0.));
#9210 = VECTOR('',#9211,1.);
#9211 = DIRECTION('',(0.,0.,1.));
#9212 = ORIENTED_EDGE('',*,*,#9213,.T.);
#9213 = EDGE_CURVE('',#9206,#9214,#9216,.T.);
#9214 = VERTEX_POINT('',#9215);
#9215 = CARTESIAN_POINT('',(-1.14,-0.175,0.15));
#9216 = LINE('',#9217,#9218);
#9217 = CARTESIAN_POINT('',(-1.25,-0.175,0.15));
#9218 = VECTOR('',#9219,1.);
#9219 = DIRECTION('',(1.,-1.110223024625E-16,0.));
#9220 = ORIENTED_EDGE('',*,*,#9221,.T.);
#9221 = EDGE_CURVE('',#9214,#9222,#9224,.T.);
#9222 = VERTEX_POINT('',#9223);
#9223 = CARTESIAN_POINT('',(-1.07,-0.175,0.22));
#9224 = CIRCLE('',#9225,7.E-02);
#9225 = AXIS2_PLACEMENT_3D('',#9226,#9227,#9228);
#9226 = CARTESIAN_POINT('',(-1.14,-0.175,0.22));
#9227 = DIRECTION('',(-1.110223024625E-16,-1.,-1.56394917349E-48));
#9228 = DIRECTION('',(1.586032892322E-15,-1.760850234868E-31,-1.));
#9229 = ORIENTED_EDGE('',*,*,#9230,.T.);
#9230 = EDGE_CURVE('',#9222,#9231,#9233,.T.);
#9231 = VERTEX_POINT('',#9232);
#9232 = CARTESIAN_POINT('',(-1.07,-0.175,0.455));
#9233 = LINE('',#9234,#9235);
#9234 = CARTESIAN_POINT('',(-1.07,-0.175,0.22));
#9235 = VECTOR('',#9236,1.);
#9236 = DIRECTION('',(0.,0.,1.));
#9237 = ORIENTED_EDGE('',*,*,#9238,.T.);
#9238 = EDGE_CURVE('',#9231,#8855,#9239,.T.);
#9239 = CIRCLE('',#9240,0.22);
#9240 = AXIS2_PLACEMENT_3D('',#9241,#9242,#9243);
#9241 = CARTESIAN_POINT('',(-0.85,-0.175,0.455));
#9242 = DIRECTION('',(1.110223024625E-16,1.,0.));
#9243 = DIRECTION('',(-1.,1.110223024625E-16,-7.569702440626E-16));
#9244 = PLANE('',#9245);
#9245 = AXIS2_PLACEMENT_3D('',#9246,#9247,#9248);
#9246 = CARTESIAN_POINT('',(-1.013084179351,-0.175,0.321676343068));
#9247 = DIRECTION('',(1.110223024625E-16,1.,0.));
#9248 = DIRECTION('',(0.,-0.,1.));
#9249 = ADVANCED_FACE('',(#9250),#9319,.T.);
#9250 = FACE_BOUND('',#9251,.T.);
#9251 = EDGE_LOOP('',(#9252,#9253,#9254,#9262,#9271,#9279,#9287,#9295,
    #9304,#9312));
#9252 = ORIENTED_EDGE('',*,*,#8876,.F.);
#9253 = ORIENTED_EDGE('',*,*,#8907,.T.);
#9254 = ORIENTED_EDGE('',*,*,#9255,.T.);
#9255 = EDGE_CURVE('',#8908,#9256,#9258,.T.);
#9256 = VERTEX_POINT('',#9257);
#9257 = CARTESIAN_POINT('',(-0.92,0.175,0.22));
#9258 = LINE('',#9259,#9260);
#9259 = CARTESIAN_POINT('',(-0.92,0.175,0.455));
#9260 = VECTOR('',#9261,1.);
#9261 = DIRECTION('',(0.,0.,-1.));
#9262 = ORIENTED_EDGE('',*,*,#9263,.T.);
#9263 = EDGE_CURVE('',#9256,#9264,#9266,.T.);
#9264 = VERTEX_POINT('',#9265);
#9265 = CARTESIAN_POINT('',(-1.14,0.175,0.));
#9266 = CIRCLE('',#9267,0.22);
#9267 = AXIS2_PLACEMENT_3D('',#9268,#9269,#9270);
#9268 = CARTESIAN_POINT('',(-1.14,0.175,0.22));
#9269 = DIRECTION('',(1.110223024625E-16,1.,0.));
#9270 = DIRECTION('',(1.,-1.110223024625E-16,1.261617073438E-16));
#9271 = ORIENTED_EDGE('',*,*,#9272,.T.);
#9272 = EDGE_CURVE('',#9264,#9273,#9275,.T.);
#9273 = VERTEX_POINT('',#9274);
#9274 = CARTESIAN_POINT('',(-1.25,0.175,0.));
#9275 = LINE('',#9276,#9277);
#9276 = CARTESIAN_POINT('',(-1.14,0.175,0.));
#9277 = VECTOR('',#9278,1.);
#9278 = DIRECTION('',(-1.,1.110223024625E-16,0.));
#9279 = ORIENTED_EDGE('',*,*,#9280,.T.);
#9280 = EDGE_CURVE('',#9273,#9281,#9283,.T.);
#9281 = VERTEX_POINT('',#9282);
#9282 = CARTESIAN_POINT('',(-1.25,0.175,0.15));
#9283 = LINE('',#9284,#9285);
#9284 = CARTESIAN_POINT('',(-1.25,0.175,0.));
#9285 = VECTOR('',#9286,1.);
#9286 = DIRECTION('',(0.,0.,1.));
#9287 = ORIENTED_EDGE('',*,*,#9288,.T.);
#9288 = EDGE_CURVE('',#9281,#9289,#9291,.T.);
#9289 = VERTEX_POINT('',#9290);
#9290 = CARTESIAN_POINT('',(-1.14,0.175,0.15));
#9291 = LINE('',#9292,#9293);
#9292 = CARTESIAN_POINT('',(-1.25,0.175,0.15));
#9293 = VECTOR('',#9294,1.);
#9294 = DIRECTION('',(1.,-1.110223024625E-16,0.));
#9295 = ORIENTED_EDGE('',*,*,#9296,.T.);
#9296 = EDGE_CURVE('',#9289,#9297,#9299,.T.);
#9297 = VERTEX_POINT('',#9298);
#9298 = CARTESIAN_POINT('',(-1.07,0.175,0.22));
#9299 = CIRCLE('',#9300,7.E-02);
#9300 = AXIS2_PLACEMENT_3D('',#9301,#9302,#9303);
#9301 = CARTESIAN_POINT('',(-1.14,0.175,0.22));
#9302 = DIRECTION('',(-1.110223024625E-16,-1.,-1.56394917349E-48));
#9303 = DIRECTION('',(1.586032892322E-15,-1.760850234868E-31,-1.));
#9304 = ORIENTED_EDGE('',*,*,#9305,.T.);
#9305 = EDGE_CURVE('',#9297,#9306,#9308,.T.);
#9306 = VERTEX_POINT('',#9307);
#9307 = CARTESIAN_POINT('',(-1.07,0.175,0.455));
#9308 = LINE('',#9309,#9310);
#9309 = CARTESIAN_POINT('',(-1.07,0.175,0.22));
#9310 = VECTOR('',#9311,1.);
#9311 = DIRECTION('',(0.,0.,1.));
#9312 = ORIENTED_EDGE('',*,*,#9313,.T.);
#9313 = EDGE_CURVE('',#9306,#8877,#9314,.T.);
#9314 = CIRCLE('',#9315,0.22);
#9315 = AXIS2_PLACEMENT_3D('',#9316,#9317,#9318);
#9316 = CARTESIAN_POINT('',(-0.85,0.175,0.455));
#9317 = DIRECTION('',(1.110223024625E-16,1.,0.));
#9318 = DIRECTION('',(-1.,1.110223024625E-16,-7.569702440626E-16));
#9319 = PLANE('',#9320);
#9320 = AXIS2_PLACEMENT_3D('',#9321,#9322,#9323);
#9321 = CARTESIAN_POINT('',(-1.013084179351,0.175,0.321676343068));
#9322 = DIRECTION('',(1.110223024625E-16,1.,0.));
#9323 = DIRECTION('',(0.,-0.,1.));
#9324 = ADVANCED_FACE('',(#9325),#9349,.F.);
#9325 = FACE_BOUND('',#9326,.F.);
#9326 = EDGE_LOOP('',(#9327,#9335,#9336,#9343));
#9327 = ORIENTED_EDGE('',*,*,#9328,.F.);
#9328 = EDGE_CURVE('',#8877,#9329,#9331,.T.);
#9329 = VERTEX_POINT('',#9330);
#9330 = CARTESIAN_POINT('',(-0.825,0.175,0.675));
#9331 = LINE('',#9332,#9333);
#9332 = CARTESIAN_POINT('',(-0.85,0.175,0.675));
#9333 = VECTOR('',#9334,1.);
#9334 = DIRECTION('',(1.,-1.110223024625E-16,0.));
#9335 = ORIENTED_EDGE('',*,*,#8892,.T.);
#9336 = ORIENTED_EDGE('',*,*,#9337,.T.);
#9337 = EDGE_CURVE('',#8886,#9338,#9340,.T.);
#9338 = VERTEX_POINT('',#9339);
#9339 = CARTESIAN_POINT('',(-0.825,0.5175,0.675));
#9340 = B_SPLINE_CURVE_WITH_KNOTS('',1,(#9341,#9342),.UNSPECIFIED.,.F.,
  .F.,(2,2),(0.,1.),.PIECEWISE_BEZIER_KNOTS.);
#9341 = CARTESIAN_POINT('',(-0.85,0.53,0.675));
#9342 = CARTESIAN_POINT('',(-0.825,0.5175,0.675));
#9343 = ORIENTED_EDGE('',*,*,#9344,.F.);
#9344 = EDGE_CURVE('',#9329,#9338,#9345,.T.);
#9345 = LINE('',#9346,#9347);
#9346 = CARTESIAN_POINT('',(-0.825,-0.5175,0.675));
#9347 = VECTOR('',#9348,1.);
#9348 = DIRECTION('',(0.,1.,0.));
#9349 = B_SPLINE_SURFACE_WITH_KNOTS('',1,1,(
    (#9350,#9351)
    ,(#9352,#9353
    )),.UNSPECIFIED.,.F.,.F.,.F.,(2,2),(2,2),(0.,1.06),(0.,1.),
  .PIECEWISE_BEZIER_KNOTS.);
#9350 = CARTESIAN_POINT('',(-0.85,-0.53,0.675));
#9351 = CARTESIAN_POINT('',(-0.825,-0.5175,0.675));
#9352 = CARTESIAN_POINT('',(-0.85,0.53,0.675));
#9353 = CARTESIAN_POINT('',(-0.825,0.5175,0.675));
#9354 = ADVANCED_FACE('',(#9355),#9366,.F.);
#9355 = FACE_BOUND('',#9356,.F.);
#9356 = EDGE_LOOP('',(#9357,#9358,#9359,#9365));
#9357 = ORIENTED_EDGE('',*,*,#8916,.T.);
#9358 = ORIENTED_EDGE('',*,*,#9255,.T.);
#9359 = ORIENTED_EDGE('',*,*,#9360,.F.);
#9360 = EDGE_CURVE('',#9181,#9256,#9361,.T.);
#9361 = LINE('',#9362,#9363);
#9362 = CARTESIAN_POINT('',(-0.92,-0.175,0.22));
#9363 = VECTOR('',#9364,1.);
#9364 = DIRECTION('',(1.110223024625E-16,1.,0.));
#9365 = ORIENTED_EDGE('',*,*,#9180,.F.);
#9366 = PLANE('',#9367);
#9367 = AXIS2_PLACEMENT_3D('',#9368,#9369,#9370);
#9368 = CARTESIAN_POINT('',(-0.92,-0.175,0.455));
#9369 = DIRECTION('',(-1.,1.110223024625E-16,0.));
#9370 = DIRECTION('',(0.,0.,-1.));
#9371 = ADVANCED_FACE('',(#9372),#9383,.F.);
#9372 = FACE_BOUND('',#9373,.F.);
#9373 = EDGE_LOOP('',(#9374,#9375,#9376,#9382));
#9374 = ORIENTED_EDGE('',*,*,#8941,.T.);
#9375 = ORIENTED_EDGE('',*,*,#9006,.T.);
#9376 = ORIENTED_EDGE('',*,*,#9377,.F.);
#9377 = EDGE_CURVE('',#9338,#8999,#9378,.T.);
#9378 = LINE('',#9379,#9380);
#9379 = CARTESIAN_POINT('',(-0.825,0.5175,0.675));
#9380 = VECTOR('',#9381,1.);
#9381 = DIRECTION('',(0.707106781187,0.707106781187,0.));
#9382 = ORIENTED_EDGE('',*,*,#9337,.F.);
#9383 = B_SPLINE_SURFACE_WITH_KNOTS('',1,1,(
    (#9384,#9385)
    ,(#9386,#9387
    )),.UNSPECIFIED.,.F.,.F.,.F.,(2,2),(2,2),(0.,0.134350288425),(0.,1.)
  ,.PIECEWISE_BEZIER_KNOTS.);
#9384 = CARTESIAN_POINT('',(-0.85,0.53,0.675));
#9385 = CARTESIAN_POINT('',(-0.825,0.5175,0.675));
#9386 = CARTESIAN_POINT('',(-0.755,0.625,0.675));
#9387 = CARTESIAN_POINT('',(-0.7425,0.6,0.675));
#9388 = ADVANCED_FACE('',(#9389),#9400,.F.);
#9389 = FACE_BOUND('',#9390,.F.);
#9390 = EDGE_LOOP('',(#9391,#9392,#9393,#9399));
#9391 = ORIENTED_EDGE('',*,*,#8958,.T.);
#9392 = ORIENTED_EDGE('',*,*,#9148,.T.);
#9393 = ORIENTED_EDGE('',*,*,#9394,.F.);
#9394 = EDGE_CURVE('',#9127,#9149,#9395,.T.);
#9395 = LINE('',#9396,#9397);
#9396 = CARTESIAN_POINT('',(-0.7425,-0.6,0.675));
#9397 = VECTOR('',#9398,1.);
#9398 = DIRECTION('',(-0.707106781187,0.707106781187,0.));
#9399 = ORIENTED_EDGE('',*,*,#9126,.F.);
#9400 = B_SPLINE_SURFACE_WITH_KNOTS('',1,1,(
    (#9401,#9402)
    ,(#9403,#9404
    )),.UNSPECIFIED.,.F.,.F.,.F.,(2,2),(2,2),(0.,0.134350288425),(0.,1.)
  ,.PIECEWISE_BEZIER_KNOTS.);
#9401 = CARTESIAN_POINT('',(-0.755,-0.625,0.675));
#9402 = CARTESIAN_POINT('',(-0.7425,-0.6,0.675));
#9403 = CARTESIAN_POINT('',(-0.85,-0.53,0.675));
#9404 = CARTESIAN_POINT('',(-0.825,-0.5175,0.675));
#9405 = ADVANCED_FACE('',(#9406),#9416,.F.);
#9406 = FACE_BOUND('',#9407,.F.);
#9407 = EDGE_LOOP('',(#9408,#9409,#9410,#9411));
#9408 = ORIENTED_EDGE('',*,*,#8998,.T.);
#9409 = ORIENTED_EDGE('',*,*,#8983,.T.);
#9410 = ORIENTED_EDGE('',*,*,#9053,.F.);
#9411 = ORIENTED_EDGE('',*,*,#9412,.F.);
#9412 = EDGE_CURVE('',#8999,#9054,#9413,.T.);
#9413 = B_SPLINE_CURVE_WITH_KNOTS('',1,(#9414,#9415),.UNSPECIFIED.,.F.,
  .F.,(2,2),(0.,1.),.PIECEWISE_BEZIER_KNOTS.);
#9414 = CARTESIAN_POINT('',(-0.7425,0.6,0.675));
#9415 = CARTESIAN_POINT('',(-0.712635072626,0.540270145251,1.1));
#9416 = B_SPLINE_SURFACE_WITH_KNOTS('',1,1,(
    (#9417,#9418)
    ,(#9419,#9420
    )),.UNSPECIFIED.,.F.,.F.,.F.,(2,2),(2,2),(0.,1.485),(0.,1.),
  .PIECEWISE_BEZIER_KNOTS.);
#9417 = CARTESIAN_POINT('',(-0.7425,0.6,0.675));
#9418 = CARTESIAN_POINT('',(-0.712635072626,0.540270145251,1.1));
#9419 = CARTESIAN_POINT('',(0.7425,0.6,0.675));
#9420 = CARTESIAN_POINT('',(0.712635072626,0.540270145251,1.1));
#9421 = ADVANCED_FACE('',(#9422),#9443,.F.);
#9422 = FACE_BOUND('',#9423,.F.);
#9423 = EDGE_LOOP('',(#9424,#9425,#9431,#9432,#9437,#9438));
#9424 = ORIENTED_EDGE('',*,*,#9164,.T.);
#9425 = ORIENTED_EDGE('',*,*,#9426,.T.);
#9426 = EDGE_CURVE('',#9157,#9329,#9427,.T.);
#9427 = LINE('',#9428,#9429);
#9428 = CARTESIAN_POINT('',(-0.825,-0.5175,0.675));
#9429 = VECTOR('',#9430,1.);
#9430 = DIRECTION('',(0.,1.,0.));
#9431 = ORIENTED_EDGE('',*,*,#9344,.T.);
#9432 = ORIENTED_EDGE('',*,*,#9433,.T.);
#9433 = EDGE_CURVE('',#9338,#9022,#9434,.T.);
#9434 = B_SPLINE_CURVE_WITH_KNOTS('',1,(#9435,#9436),.UNSPECIFIED.,.F.,
  .F.,(2,2),(0.,1.),.PIECEWISE_BEZIER_KNOTS.);
#9435 = CARTESIAN_POINT('',(-0.825,0.5175,0.675));
#9436 = CARTESIAN_POINT('',(-0.765270145251,0.487635072626,1.1));
#9437 = ORIENTED_EDGE('',*,*,#9019,.F.);
#9438 = ORIENTED_EDGE('',*,*,#9439,.F.);
#9439 = EDGE_CURVE('',#9149,#9020,#9440,.T.);
#9440 = B_SPLINE_CURVE_WITH_KNOTS('',1,(#9441,#9442),.UNSPECIFIED.,.F.,
  .F.,(2,2),(0.,1.),.PIECEWISE_BEZIER_KNOTS.);
#9441 = CARTESIAN_POINT('',(-0.825,-0.5175,0.675));
#9442 = CARTESIAN_POINT('',(-0.765270145251,-0.487635072626,1.1));
#9443 = B_SPLINE_SURFACE_WITH_KNOTS('',1,1,(
    (#9444,#9445)
    ,(#9446,#9447
    )),.UNSPECIFIED.,.F.,.F.,.F.,(2,2),(2,2),(0.,1.035),(0.,1.),
  .PIECEWISE_BEZIER_KNOTS.);
#9444 = CARTESIAN_POINT('',(-0.825,-0.5175,0.675));
#9445 = CARTESIAN_POINT('',(-0.765270145251,-0.487635072626,1.1));
#9446 = CARTESIAN_POINT('',(-0.825,0.5175,0.675));
#9447 = CARTESIAN_POINT('',(-0.765270145251,0.487635072626,1.1));
#9448 = ADVANCED_FACE('',(#9449),#9459,.F.);
#9449 = FACE_BOUND('',#9450,.F.);
#9450 = EDGE_LOOP('',(#9451,#9452,#9453,#9454));
#9451 = ORIENTED_EDGE('',*,*,#9394,.T.);
#9452 = ORIENTED_EDGE('',*,*,#9439,.T.);
#9453 = ORIENTED_EDGE('',*,*,#9029,.F.);
#9454 = ORIENTED_EDGE('',*,*,#9455,.F.);
#9455 = EDGE_CURVE('',#9127,#9030,#9456,.T.);
#9456 = B_SPLINE_CURVE_WITH_KNOTS('',1,(#9457,#9458),.UNSPECIFIED.,.F.,
  .F.,(2,2),(0.,1.),.PIECEWISE_BEZIER_KNOTS.);
#9457 = CARTESIAN_POINT('',(-0.7425,-0.6,0.675));
#9458 = CARTESIAN_POINT('',(-0.712635072626,-0.540270145251,1.1));
#9459 = B_SPLINE_SURFACE_WITH_KNOTS('',1,1,(
    (#9460,#9461)
    ,(#9462,#9463
    )),.UNSPECIFIED.,.F.,.F.,.F.,(2,2),(2,2),(0.,0.116672618896),(0.,1.)
  ,.PIECEWISE_BEZIER_KNOTS.);
#9460 = CARTESIAN_POINT('',(-0.7425,-0.6,0.675));
#9461 = CARTESIAN_POINT('',(-0.712635072626,-0.540270145251,1.1));
#9462 = CARTESIAN_POINT('',(-0.825,-0.5175,0.675));
#9463 = CARTESIAN_POINT('',(-0.765270145251,-0.487635072626,1.1));
#9464 = ADVANCED_FACE('',(#9465),#9471,.F.);
#9465 = FACE_BOUND('',#9466,.F.);
#9466 = EDGE_LOOP('',(#9467,#9468,#9469,#9470));
#9467 = ORIENTED_EDGE('',*,*,#9377,.T.);
#9468 = ORIENTED_EDGE('',*,*,#9412,.T.);
#9469 = ORIENTED_EDGE('',*,*,#9061,.F.);
#9470 = ORIENTED_EDGE('',*,*,#9433,.F.);
#9471 = B_SPLINE_SURFACE_WITH_KNOTS('',1,1,(
    (#9472,#9473)
    ,(#9474,#9475
    )),.UNSPECIFIED.,.F.,.F.,.F.,(2,2),(2,2),(0.,0.116672618896),(0.,1.)
  ,.PIECEWISE_BEZIER_KNOTS.);
#9472 = CARTESIAN_POINT('',(-0.825,0.5175,0.675));
#9473 = CARTESIAN_POINT('',(-0.765270145251,0.487635072626,1.1));
#9474 = CARTESIAN_POINT('',(-0.7425,0.6,0.675));
#9475 = CARTESIAN_POINT('',(-0.712635072626,0.540270145251,1.1));
#9476 = ADVANCED_FACE('',(#9477),#9483,.F.);
#9477 = FACE_BOUND('',#9478,.F.);
#9478 = EDGE_LOOP('',(#9479,#9480,#9481,#9482));
#9479 = ORIENTED_EDGE('',*,*,#9133,.T.);
#9480 = ORIENTED_EDGE('',*,*,#9455,.T.);
#9481 = ORIENTED_EDGE('',*,*,#9037,.F.);
#9482 = ORIENTED_EDGE('',*,*,#9110,.F.);
#9483 = B_SPLINE_SURFACE_WITH_KNOTS('',1,1,(
    (#9484,#9485)
    ,(#9486,#9487
    )),.UNSPECIFIED.,.F.,.F.,.F.,(2,2),(2,2),(0.,1.485),(0.,1.),
  .PIECEWISE_BEZIER_KNOTS.);
#9484 = CARTESIAN_POINT('',(0.7425,-0.6,0.675));
#9485 = CARTESIAN_POINT('',(0.712635072626,-0.540270145251,1.1));
#9486 = CARTESIAN_POINT('',(-0.7425,-0.6,0.675));
#9487 = CARTESIAN_POINT('',(-0.712635072626,-0.540270145251,1.1));
#9488 = ADVANCED_FACE('',(#9489),#9514,.T.);
#9489 = FACE_BOUND('',#9490,.T.);
#9490 = EDGE_LOOP('',(#9491,#9499,#9507,#9513));
#9491 = ORIENTED_EDGE('',*,*,#9492,.F.);
#9492 = EDGE_CURVE('',#9493,#9070,#9495,.T.);
#9493 = VERTEX_POINT('',#9494);
#9494 = CARTESIAN_POINT('',(-0.315270145251,-0.490270145251,1.09));
#9495 = LINE('',#9496,#9497);
#9496 = CARTESIAN_POINT('',(-0.315270145251,-0.490270145251,1.09));
#9497 = VECTOR('',#9498,1.);
#9498 = DIRECTION('',(0.,0.,1.));
#9499 = ORIENTED_EDGE('',*,*,#9500,.F.);
#9500 = EDGE_CURVE('',#9501,#9493,#9503,.T.);
#9501 = VERTEX_POINT('',#9502);
#9502 = CARTESIAN_POINT('',(-0.715270145251,-0.490270145251,1.09));
#9503 = LINE('',#9504,#9505);
#9504 = CARTESIAN_POINT('',(-0.715270145251,-0.490270145251,1.09));
#9505 = VECTOR('',#9506,1.);
#9506 = DIRECTION('',(1.,0.,0.));
#9507 = ORIENTED_EDGE('',*,*,#9508,.T.);
#9508 = EDGE_CURVE('',#9501,#9072,#9509,.T.);
#9509 = LINE('',#9510,#9511);
#9510 = CARTESIAN_POINT('',(-0.715270145251,-0.490270145251,1.09));
#9511 = VECTOR('',#9512,1.);
#9512 = DIRECTION('',(0.,0.,1.));
#9513 = ORIENTED_EDGE('',*,*,#9069,.F.);
#9514 = PLANE('',#9515);
#9515 = AXIS2_PLACEMENT_3D('',#9516,#9517,#9518);
#9516 = CARTESIAN_POINT('',(-0.715270145251,-0.490270145251,1.09));
#9517 = DIRECTION('',(0.,1.,0.));
#9518 = DIRECTION('',(0.,-0.,1.));
#9519 = ADVANCED_FACE('',(#9520),#9538,.F.);
#9520 = FACE_BOUND('',#9521,.F.);
#9521 = EDGE_LOOP('',(#9522,#9523,#9531,#9537));
#9522 = ORIENTED_EDGE('',*,*,#9492,.F.);
#9523 = ORIENTED_EDGE('',*,*,#9524,.T.);
#9524 = EDGE_CURVE('',#9493,#9525,#9527,.T.);
#9525 = VERTEX_POINT('',#9526);
#9526 = CARTESIAN_POINT('',(-0.315270145251,0.490270145251,1.09));
#9527 = LINE('',#9528,#9529);
#9528 = CARTESIAN_POINT('',(-0.315270145251,-0.490270145251,1.09));
#9529 = VECTOR('',#9530,1.);
#9530 = DIRECTION('',(0.,1.,0.));
#9531 = ORIENTED_EDGE('',*,*,#9532,.T.);
#9532 = EDGE_CURVE('',#9525,#9088,#9533,.T.);
#9533 = LINE('',#9534,#9535);
#9534 = CARTESIAN_POINT('',(-0.315270145251,0.490270145251,1.09));
#9535 = VECTOR('',#9536,1.);
#9536 = DIRECTION('',(0.,0.,1.));
#9537 = ORIENTED_EDGE('',*,*,#9095,.F.);
#9538 = PLANE('',#9539);
#9539 = AXIS2_PLACEMENT_3D('',#9540,#9541,#9542);
#9540 = CARTESIAN_POINT('',(-0.315270145251,-0.490270145251,1.09));
#9541 = DIRECTION('',(1.,0.,0.));
#9542 = DIRECTION('',(0.,0.,1.));
#9543 = ADVANCED_FACE('',(#9544),#9562,.F.);
#9544 = FACE_BOUND('',#9545,.F.);
#9545 = EDGE_LOOP('',(#9546,#9547,#9555,#9561));
#9546 = ORIENTED_EDGE('',*,*,#9532,.F.);
#9547 = ORIENTED_EDGE('',*,*,#9548,.F.);
#9548 = EDGE_CURVE('',#9549,#9525,#9551,.T.);
#9549 = VERTEX_POINT('',#9550);
#9550 = CARTESIAN_POINT('',(-0.715270145251,0.490270145251,1.09));
#9551 = LINE('',#9552,#9553);
#9552 = CARTESIAN_POINT('',(-0.715270145251,0.490270145251,1.09));
#9553 = VECTOR('',#9554,1.);
#9554 = DIRECTION('',(1.,0.,0.));
#9555 = ORIENTED_EDGE('',*,*,#9556,.T.);
#9556 = EDGE_CURVE('',#9549,#9080,#9557,.T.);
#9557 = LINE('',#9558,#9559);
#9558 = CARTESIAN_POINT('',(-0.715270145251,0.490270145251,1.09));
#9559 = VECTOR('',#9560,1.);
#9560 = DIRECTION('',(0.,0.,1.));
#9561 = ORIENTED_EDGE('',*,*,#9087,.F.);
#9562 = PLANE('',#9563);
#9563 = AXIS2_PLACEMENT_3D('',#9564,#9565,#9566);
#9564 = CARTESIAN_POINT('',(-0.715270145251,0.490270145251,1.09));
#9565 = DIRECTION('',(0.,1.,0.));
#9566 = DIRECTION('',(0.,-0.,1.));
#9567 = ADVANCED_FACE('',(#9568),#9579,.T.);
#9568 = FACE_BOUND('',#9569,.T.);
#9569 = EDGE_LOOP('',(#9570,#9571,#9577,#9578));
#9570 = ORIENTED_EDGE('',*,*,#9508,.F.);
#9571 = ORIENTED_EDGE('',*,*,#9572,.T.);
#9572 = EDGE_CURVE('',#9501,#9549,#9573,.T.);
#9573 = LINE('',#9574,#9575);
#9574 = CARTESIAN_POINT('',(-0.715270145251,-0.490270145251,1.09));
#9575 = VECTOR('',#9576,1.);
#9576 = DIRECTION('',(0.,1.,0.));
#9577 = ORIENTED_EDGE('',*,*,#9556,.T.);
#9578 = ORIENTED_EDGE('',*,*,#9079,.F.);
#9579 = PLANE('',#9580);
#9580 = AXIS2_PLACEMENT_3D('',#9581,#9582,#9583);
#9581 = CARTESIAN_POINT('',(-0.715270145251,-0.490270145251,1.09));
#9582 = DIRECTION('',(1.,0.,0.));
#9583 = DIRECTION('',(0.,0.,1.));
#9584 = ADVANCED_FACE('',(#9585),#9596,.F.);
#9585 = FACE_BOUND('',#9586,.F.);
#9586 = EDGE_LOOP('',(#9587,#9588,#9594,#9595));
#9587 = ORIENTED_EDGE('',*,*,#9156,.F.);
#9588 = ORIENTED_EDGE('',*,*,#9589,.T.);
#9589 = EDGE_CURVE('',#8855,#8877,#9590,.T.);
#9590 = LINE('',#9591,#9592);
#9591 = CARTESIAN_POINT('',(-0.85,-0.175,0.675));
#9592 = VECTOR('',#9593,1.);
#9593 = DIRECTION('',(1.110223024625E-16,1.,0.));
#9594 = ORIENTED_EDGE('',*,*,#9328,.T.);
#9595 = ORIENTED_EDGE('',*,*,#9426,.F.);
#9596 = PLANE('',#9597);
#9597 = AXIS2_PLACEMENT_3D('',#9598,#9599,#9600);
#9598 = CARTESIAN_POINT('',(-0.85,-0.175,0.675));
#9599 = DIRECTION('',(0.,0.,-1.));
#9600 = DIRECTION('',(1.,-1.110223024625E-16,0.));
#9601 = ADVANCED_FACE('',(#9602),#9613,.T.);
#9602 = FACE_BOUND('',#9603,.T.);
#9603 = EDGE_LOOP('',(#9604,#9605,#9606,#9607));
#9604 = ORIENTED_EDGE('',*,*,#9238,.T.);
#9605 = ORIENTED_EDGE('',*,*,#9589,.T.);
#9606 = ORIENTED_EDGE('',*,*,#9313,.F.);
#9607 = ORIENTED_EDGE('',*,*,#9608,.F.);
#9608 = EDGE_CURVE('',#9231,#9306,#9609,.T.);
#9609 = LINE('',#9610,#9611);
#9610 = CARTESIAN_POINT('',(-1.07,-0.175,0.455));
#9611 = VECTOR('',#9612,1.);
#9612 = DIRECTION('',(1.110223024625E-16,1.,0.));
#9613 = CYLINDRICAL_SURFACE('',#9614,0.22);
#9614 = AXIS2_PLACEMENT_3D('',#9615,#9616,#9617);
#9615 = CARTESIAN_POINT('',(-0.85,-0.175,0.455));
#9616 = DIRECTION('',(-1.110223024625E-16,-1.,-0.));
#9617 = DIRECTION('',(-1.,1.110223024625E-16,-7.569702440626E-16));
#9618 = ADVANCED_FACE('',(#9619),#9630,.F.);
#9619 = FACE_BOUND('',#9620,.F.);
#9620 = EDGE_LOOP('',(#9621,#9627,#9628,#9629));
#9621 = ORIENTED_EDGE('',*,*,#9622,.T.);
#9622 = EDGE_CURVE('',#9222,#9297,#9623,.T.);
#9623 = LINE('',#9624,#9625);
#9624 = CARTESIAN_POINT('',(-1.07,-0.175,0.22));
#9625 = VECTOR('',#9626,1.);
#9626 = DIRECTION('',(1.110223024625E-16,1.,0.));
#9627 = ORIENTED_EDGE('',*,*,#9305,.T.);
#9628 = ORIENTED_EDGE('',*,*,#9608,.F.);
#9629 = ORIENTED_EDGE('',*,*,#9230,.F.);
#9630 = PLANE('',#9631);
#9631 = AXIS2_PLACEMENT_3D('',#9632,#9633,#9634);
#9632 = CARTESIAN_POINT('',(-1.07,-0.175,0.22));
#9633 = DIRECTION('',(1.,-1.110223024625E-16,0.));
#9634 = DIRECTION('',(0.,0.,1.));
#9635 = ADVANCED_FACE('',(#9636),#9647,.F.);
#9636 = FACE_BOUND('',#9637,.F.);
#9637 = EDGE_LOOP('',(#9638,#9644,#9645,#9646));
#9638 = ORIENTED_EDGE('',*,*,#9639,.T.);
#9639 = EDGE_CURVE('',#9214,#9289,#9640,.T.);
#9640 = LINE('',#9641,#9642);
#9641 = CARTESIAN_POINT('',(-1.14,-0.175,0.15));
#9642 = VECTOR('',#9643,1.);
#9643 = DIRECTION('',(1.110223024625E-16,1.,0.));
#9644 = ORIENTED_EDGE('',*,*,#9296,.T.);
#9645 = ORIENTED_EDGE('',*,*,#9622,.F.);
#9646 = ORIENTED_EDGE('',*,*,#9221,.F.);
#9647 = CYLINDRICAL_SURFACE('',#9648,7.E-02);
#9648 = AXIS2_PLACEMENT_3D('',#9649,#9650,#9651);
#9649 = CARTESIAN_POINT('',(-1.14,-0.175,0.22));
#9650 = DIRECTION('',(-1.110223024625E-16,-1.,0.));
#9651 = DIRECTION('',(1.586032892322E-15,-1.760850234868E-31,-1.));
#9652 = ADVANCED_FACE('',(#9653),#9664,.F.);
#9653 = FACE_BOUND('',#9654,.F.);
#9654 = EDGE_LOOP('',(#9655,#9661,#9662,#9663));
#9655 = ORIENTED_EDGE('',*,*,#9656,.T.);
#9656 = EDGE_CURVE('',#9206,#9281,#9657,.T.);
#9657 = LINE('',#9658,#9659);
#9658 = CARTESIAN_POINT('',(-1.25,-0.175,0.15));
#9659 = VECTOR('',#9660,1.);
#9660 = DIRECTION('',(1.110223024625E-16,1.,0.));
#9661 = ORIENTED_EDGE('',*,*,#9288,.T.);
#9662 = ORIENTED_EDGE('',*,*,#9639,.F.);
#9663 = ORIENTED_EDGE('',*,*,#9213,.F.);
#9664 = PLANE('',#9665);
#9665 = AXIS2_PLACEMENT_3D('',#9666,#9667,#9668);
#9666 = CARTESIAN_POINT('',(-1.25,-0.175,0.15));
#9667 = DIRECTION('',(0.,0.,-1.));
#9668 = DIRECTION('',(1.,-1.110223024625E-16,0.));
#9669 = ADVANCED_FACE('',(#9670),#9681,.F.);
#9670 = FACE_BOUND('',#9671,.F.);
#9671 = EDGE_LOOP('',(#9672,#9678,#9679,#9680));
#9672 = ORIENTED_EDGE('',*,*,#9673,.T.);
#9673 = EDGE_CURVE('',#9198,#9273,#9674,.T.);
#9674 = LINE('',#9675,#9676);
#9675 = CARTESIAN_POINT('',(-1.25,-0.175,0.));
#9676 = VECTOR('',#9677,1.);
#9677 = DIRECTION('',(1.110223024625E-16,1.,0.));
#9678 = ORIENTED_EDGE('',*,*,#9280,.T.);
#9679 = ORIENTED_EDGE('',*,*,#9656,.F.);
#9680 = ORIENTED_EDGE('',*,*,#9205,.F.);
#9681 = PLANE('',#9682);
#9682 = AXIS2_PLACEMENT_3D('',#9683,#9684,#9685);
#9683 = CARTESIAN_POINT('',(-1.25,-0.175,0.));
#9684 = DIRECTION('',(1.,-1.110223024625E-16,0.));
#9685 = DIRECTION('',(0.,0.,1.));
#9686 = ADVANCED_FACE('',(#9687),#9698,.F.);
#9687 = FACE_BOUND('',#9688,.F.);
#9688 = EDGE_LOOP('',(#9689,#9695,#9696,#9697));
#9689 = ORIENTED_EDGE('',*,*,#9690,.T.);
#9690 = EDGE_CURVE('',#9189,#9264,#9691,.T.);
#9691 = LINE('',#9692,#9693);
#9692 = CARTESIAN_POINT('',(-1.14,-0.175,0.));
#9693 = VECTOR('',#9694,1.);
#9694 = DIRECTION('',(1.110223024625E-16,1.,0.));
#9695 = ORIENTED_EDGE('',*,*,#9272,.T.);
#9696 = ORIENTED_EDGE('',*,*,#9673,.F.);
#9697 = ORIENTED_EDGE('',*,*,#9197,.F.);
#9698 = PLANE('',#9699);
#9699 = AXIS2_PLACEMENT_3D('',#9700,#9701,#9702);
#9700 = CARTESIAN_POINT('',(-1.14,-0.175,0.));
#9701 = DIRECTION('',(0.,0.,1.));
#9702 = DIRECTION('',(-1.,1.110223024625E-16,0.));
#9703 = ADVANCED_FACE('',(#9704),#9710,.T.);
#9704 = FACE_BOUND('',#9705,.T.);
#9705 = EDGE_LOOP('',(#9706,#9707,#9708,#9709));
#9706 = ORIENTED_EDGE('',*,*,#9188,.T.);
#9707 = ORIENTED_EDGE('',*,*,#9690,.T.);
#9708 = ORIENTED_EDGE('',*,*,#9263,.F.);
#9709 = ORIENTED_EDGE('',*,*,#9360,.F.);
#9710 = CYLINDRICAL_SURFACE('',#9711,0.22);
#9711 = AXIS2_PLACEMENT_3D('',#9712,#9713,#9714);
#9712 = CARTESIAN_POINT('',(-1.14,-0.175,0.22));
#9713 = DIRECTION('',(-1.110223024625E-16,-1.,-0.));
#9714 = DIRECTION('',(1.,-1.110223024625E-16,1.261617073438E-16));
#9715 = ADVANCED_FACE('',(#9716),#9722,.T.);
#9716 = FACE_BOUND('',#9717,.T.);
#9717 = EDGE_LOOP('',(#9718,#9719,#9720,#9721));
#9718 = ORIENTED_EDGE('',*,*,#9572,.F.);
#9719 = ORIENTED_EDGE('',*,*,#9500,.T.);
#9720 = ORIENTED_EDGE('',*,*,#9524,.T.);
#9721 = ORIENTED_EDGE('',*,*,#9548,.F.);
#9722 = PLANE('',#9723);
#9723 = AXIS2_PLACEMENT_3D('',#9724,#9725,#9726);
#9724 = CARTESIAN_POINT('',(-0.715270145251,-0.490270145251,1.09));
#9725 = DIRECTION('',(0.,0.,1.));
#9726 = DIRECTION('',(1.,0.,-0.));
#9727 = ( GEOMETRIC_REPRESENTATION_CONTEXT(3) 
GLOBAL_UNCERTAINTY_ASSIGNED_CONTEXT((#9731)) 
GLOBAL_UNIT_ASSIGNED_CONTEXT((#9728,#9729,#9730)) REPRESENTATION_CONTEXT
('Context #1','3D Context with UNIT and UNCERTAINTY') );
#9728 = ( LENGTH_UNIT() NAMED_UNIT(*) SI_UNIT(.MILLI.,.METRE.) );
#9729 = ( NAMED_UNIT(*) PLANE_ANGLE_UNIT() SI_UNIT($,.RADIAN.) );
#9730 = ( NAMED_UNIT(*) SI_UNIT($,.STERADIAN.) SOLID_ANGLE_UNIT() );
#9731 = UNCERTAINTY_MEASURE_WITH_UNIT(LENGTH_MEASURE(2.E-06),#9728,
  'distance_accuracy_value','confusion accuracy');
#9732 = CONTEXT_DEPENDENT_SHAPE_REPRESENTATION(#9733,#9735);
#9733 = ( REPRESENTATION_RELATIONSHIP('','',#7926,#7903) 
REPRESENTATION_RELATIONSHIP_WITH_TRANSFORMATION(#9734) 
SHAPE_REPRESENTATION_RELATIONSHIP() );
#9734 = ITEM_DEFINED_TRANSFORMATION('','',#11,#7904);
#9735 = PRODUCT_DEFINITION_SHAPE('Placement','Placement of an item',
  #9736);
#9736 = NEXT_ASSEMBLY_USAGE_OCCURRENCE('10','=>[0:1:1:7]','',#7898,#7921
  ,$);
#9737 = PRODUCT_RELATED_PRODUCT_CATEGORY('part',$,(#7923));
#9738 = SHAPE_DEFINITION_REPRESENTATION(#9739,#9745);
#9739 = PRODUCT_DEFINITION_SHAPE('','',#9740);
#9740 = PRODUCT_DEFINITION('design','',#9741,#9744);
#9741 = PRODUCT_DEFINITION_FORMATION('','',#9742);
#9742 = PRODUCT('SOIC-8_3.9x4.9mm_P1.27mm','SOIC-8_3.9x4.9mm_P1.27mm',''
  ,(#9743));
#9743 = PRODUCT_CONTEXT('',#2,'mechanical');
#9744 = PRODUCT_DEFINITION_CONTEXT('part definition',#2,'design');
#9745 = SHAPE_REPRESENTATION('',(#11,#9746),#9750);
#9746 = AXIS2_PLACEMENT_3D('',#9747,#9748,#9749);
#9747 = CARTESIAN_POINT('',(0.,0.,0.));
#9748 = DIRECTION('',(0.,0.,1.));
#9749 = DIRECTION('',(1.,0.,-0.));
#9750 = ( GEOMETRIC_REPRESENTATION_CONTEXT(3) 
GLOBAL_UNCERTAINTY_ASSIGNED_CONTEXT((#9754)) 
GLOBAL_UNIT_ASSIGNED_CONTEXT((#9751,#9752,#9753)) REPRESENTATION_CONTEXT
('Context #1','3D Context with UNIT and UNCERTAINTY') );
#9751 = ( LENGTH_UNIT() NAMED_UNIT(*) SI_UNIT(.MILLI.,.METRE.) );
#9752 = ( NAMED_UNIT(*) PLANE_ANGLE_UNIT() SI_UNIT($,.RADIAN.) );
#9753 = ( NAMED_UNIT(*) SI_UNIT($,.STERADIAN.) SOLID_ANGLE_UNIT() );
#9754 = UNCERTAINTY_MEASURE_WITH_UNIT(LENGTH_MEASURE(2.E-06),#9751,
  'distance_accuracy_value','confusion accuracy');
#9755 = CONTEXT_DEPENDENT_SHAPE_REPRESENTATION(#9756,#9758);
#9756 = ( REPRESENTATION_RELATIONSHIP('','',#9745,#10) 
REPRESENTATION_RELATIONSHIP_WITH_TRANSFORMATION(#9757) 
SHAPE_REPRESENTATION_RELATIONSHIP() );
#9757 = ITEM_DEFINED_TRANSFORMATION('','',#11,#47);
#9758 = PRODUCT_DEFINITION_SHAPE('Placement','Placement of an item',
  #9759);
#9759 = NEXT_ASSEMBLY_USAGE_OCCURRENCE('13','U1','',#5,#9740,$);
#9760 = PRODUCT_RELATED_PRODUCT_CATEGORY('part',$,(#9742));
#9761 = SHAPE_DEFINITION_REPRESENTATION(#9762,#9768);
#9762 = PRODUCT_DEFINITION_SHAPE('','',#9763);
#9763 = PRODUCT_DEFINITION('design','',#9764,#9767);
#9764 = PRODUCT_DEFINITION_FORMATION('','',#9765);
#9765 = PRODUCT('SOIC_8_39x49mm_P127mm','SOIC_8_39x49mm_P127mm','',(
    #9766));
#9766 = PRODUCT_CONTEXT('',#2,'mechanical');
#9767 = PRODUCT_DEFINITION_CONTEXT('part definition',#2,'design');
#9768 = ADVANCED_BREP_SHAPE_REPRESENTATION('',(#11,#9769),#14376);
#9769 = MANIFOLD_SOLID_BREP('',#9770);
#9770 = CLOSED_SHELL('',(#9771,#9813,#9844,#9875,#9959,#10043,#10136,
    #10153,#10176,#10214,#10231,#10248,#10265,#10282,#10299,#10311,
    #10335,#10398,#10421,#10444,#10474,#10505,#10536,#10567,#10598,
    #10629,#10652,#10675,#10761,#10778,#10870,#10893,#10916,#10939,
    #11026,#11043,#11066,#11158,#11179,#11271,#11288,#11380,#11402,
    #11427,#11511,#11603,#11620,#11642,#11665,#11688,#11711,#11778,
    #11801,#11820,#11839,#11858,#11875,#11892,#11909,#11926,#11943,
    #11960,#11977,#11989,#12012,#12035,#12059,#12089,#12120,#12151,
    #12182,#12213,#12244,#12275,#12306,#12323,#12339,#12356,#12373,
    #12390,#12407,#12424,#12441,#12458,#12470,#12487,#12504,#12521,
    #12538,#12555,#12572,#12589,#12601,#12624,#12640,#12663,#12750,
    #12773,#12790,#12815,#12831,#12847,#12864,#12956,#13048,#13069,
    #13094,#13178,#13270,#13287,#13309,#13401,#13493,#13515,#13540,
    #13624,#13716,#13733,#13755,#13767,#13786,#13805,#13824,#13843,
    #13852,#13869,#13886,#13903,#13920,#13937,#13954,#13971,#13983,
    #14000,#14017,#14034,#14051,#14068,#14085,#14102,#14114,#14131,
    #14148,#14165,#14182,#14199,#14216,#14233,#14245,#14262,#14279,
    #14296,#14313,#14330,#14347,#14364));
#9771 = ADVANCED_FACE('',(#9772),#9808,.F.);
#9772 = FACE_BOUND('',#9773,.F.);
#9773 = EDGE_LOOP('',(#9774,#9784,#9793,#9801));
#9774 = ORIENTED_EDGE('',*,*,#9775,.T.);
#9775 = EDGE_CURVE('',#9776,#9778,#9780,.T.);
#9776 = VERTEX_POINT('',#9777);
#9777 = CARTESIAN_POINT('',(2.25,2.11,0.825));
#9778 = VERTEX_POINT('',#9779);
#9779 = CARTESIAN_POINT('',(2.25,1.7,0.825));
#9780 = LINE('',#9781,#9782);
#9781 = CARTESIAN_POINT('',(2.25,2.11,0.825));
#9782 = VECTOR('',#9783,1.);
#9783 = DIRECTION('',(2.22044604925E-16,-1.,0.));
#9784 = ORIENTED_EDGE('',*,*,#9785,.T.);
#9785 = EDGE_CURVE('',#9778,#9786,#9788,.T.);
#9786 = VERTEX_POINT('',#9787);
#9787 = CARTESIAN_POINT('',(2.35,1.7,0.725));
#9788 = CIRCLE('',#9789,0.1);
#9789 = AXIS2_PLACEMENT_3D('',#9790,#9791,#9792);
#9790 = CARTESIAN_POINT('',(2.25,1.7,0.725));
#9791 = DIRECTION('',(-2.22044604925E-16,1.,4.379057699844E-47));
#9792 = DIRECTION('',(4.440892098501E-15,9.860761315262E-31,1.));
#9793 = ORIENTED_EDGE('',*,*,#9794,.F.);
#9794 = EDGE_CURVE('',#9795,#9786,#9797,.T.);
#9795 = VERTEX_POINT('',#9796);
#9796 = CARTESIAN_POINT('',(2.35,2.11,0.725));
#9797 = LINE('',#9798,#9799);
#9798 = CARTESIAN_POINT('',(2.35,2.11,0.725));
#9799 = VECTOR('',#9800,1.);
#9800 = DIRECTION('',(2.22044604925E-16,-1.,0.));
#9801 = ORIENTED_EDGE('',*,*,#9802,.F.);
#9802 = EDGE_CURVE('',#9776,#9795,#9803,.T.);
#9803 = CIRCLE('',#9804,0.1);
#9804 = AXIS2_PLACEMENT_3D('',#9805,#9806,#9807);
#9805 = CARTESIAN_POINT('',(2.25,2.11,0.725));
#9806 = DIRECTION('',(-2.22044604925E-16,1.,4.379057699844E-47));
#9807 = DIRECTION('',(4.440892098501E-15,9.860761315262E-31,1.));
#9808 = CYLINDRICAL_SURFACE('',#9809,0.1);
#9809 = AXIS2_PLACEMENT_3D('',#9810,#9811,#9812);
#9810 = CARTESIAN_POINT('',(2.25,2.11,0.725));
#9811 = DIRECTION('',(-2.22044604925E-16,1.,0.));
#9812 = DIRECTION('',(4.440892098501E-15,9.860761315262E-31,1.));
#9813 = ADVANCED_FACE('',(#9814),#9839,.F.);
#9814 = FACE_BOUND('',#9815,.F.);
#9815 = EDGE_LOOP('',(#9816,#9824,#9832,#9838));
#9816 = ORIENTED_EDGE('',*,*,#9817,.F.);
#9817 = EDGE_CURVE('',#9818,#9776,#9820,.T.);
#9818 = VERTEX_POINT('',#9819);
#9819 = CARTESIAN_POINT('',(1.95,2.11,0.825));
#9820 = LINE('',#9821,#9822);
#9821 = CARTESIAN_POINT('',(1.8,2.11,0.825));
#9822 = VECTOR('',#9823,1.);
#9823 = DIRECTION('',(1.,2.22044604925E-16,0.));
#9824 = ORIENTED_EDGE('',*,*,#9825,.T.);
#9825 = EDGE_CURVE('',#9818,#9826,#9828,.T.);
#9826 = VERTEX_POINT('',#9827);
#9827 = CARTESIAN_POINT('',(1.95,1.7,0.825));
#9828 = LINE('',#9829,#9830);
#9829 = CARTESIAN_POINT('',(1.95,2.275,0.825));
#9830 = VECTOR('',#9831,1.);
#9831 = DIRECTION('',(2.22044604925E-16,-1.,0.));
#9832 = ORIENTED_EDGE('',*,*,#9833,.T.);
#9833 = EDGE_CURVE('',#9826,#9778,#9834,.T.);
#9834 = LINE('',#9835,#9836);
#9835 = CARTESIAN_POINT('',(1.8,1.7,0.825));
#9836 = VECTOR('',#9837,1.);
#9837 = DIRECTION('',(1.,2.22044604925E-16,0.));
#9838 = ORIENTED_EDGE('',*,*,#9775,.F.);
#9839 = PLANE('',#9840);
#9840 = AXIS2_PLACEMENT_3D('',#9841,#9842,#9843);
#9841 = CARTESIAN_POINT('',(1.8,2.11,0.825));
#9842 = DIRECTION('',(0.,0.,1.));
#9843 = DIRECTION('',(1.,2.22044604925E-16,-0.));
#9844 = ADVANCED_FACE('',(#9845),#9870,.F.);
#9845 = FACE_BOUND('',#9846,.F.);
#9846 = EDGE_LOOP('',(#9847,#9848,#9856,#9864));
#9847 = ORIENTED_EDGE('',*,*,#9794,.T.);
#9848 = ORIENTED_EDGE('',*,*,#9849,.T.);
#9849 = EDGE_CURVE('',#9786,#9850,#9852,.T.);
#9850 = VERTEX_POINT('',#9851);
#9851 = CARTESIAN_POINT('',(2.35,1.7,0.3));
#9852 = LINE('',#9853,#9854);
#9853 = CARTESIAN_POINT('',(2.35,1.7,0.725));
#9854 = VECTOR('',#9855,1.);
#9855 = DIRECTION('',(1.044915787883E-15,2.320179133003E-31,-1.));
#9856 = ORIENTED_EDGE('',*,*,#9857,.F.);
#9857 = EDGE_CURVE('',#9858,#9850,#9860,.T.);
#9858 = VERTEX_POINT('',#9859);
#9859 = CARTESIAN_POINT('',(2.35,2.11,0.3));
#9860 = LINE('',#9861,#9862);
#9861 = CARTESIAN_POINT('',(2.35,2.11,0.3));
#9862 = VECTOR('',#9863,1.);
#9863 = DIRECTION('',(2.22044604925E-16,-1.,0.));
#9864 = ORIENTED_EDGE('',*,*,#9865,.F.);
#9865 = EDGE_CURVE('',#9795,#9858,#9866,.T.);
#9866 = LINE('',#9867,#9868);
#9867 = CARTESIAN_POINT('',(2.35,2.11,0.725));
#9868 = VECTOR('',#9869,1.);
#9869 = DIRECTION('',(1.044915787883E-15,2.320179133003E-31,-1.));
#9870 = PLANE('',#9871);
#9871 = AXIS2_PLACEMENT_3D('',#9872,#9873,#9874);
#9872 = CARTESIAN_POINT('',(2.35,2.11,0.725));
#9873 = DIRECTION('',(1.,2.22044604925E-16,1.044915787883E-15));
#9874 = DIRECTION('',(1.044915787883E-15,2.320179133003E-31,-1.));
#9875 = ADVANCED_FACE('',(#9876),#9954,.F.);
#9876 = FACE_BOUND('',#9877,.F.);
#9877 = EDGE_LOOP('',(#9878,#9886,#9887,#9888,#9889,#9898,#9906,#9914,
    #9922,#9931,#9939,#9948));
#9878 = ORIENTED_EDGE('',*,*,#9879,.F.);
#9879 = EDGE_CURVE('',#9818,#9880,#9882,.T.);
#9880 = VERTEX_POINT('',#9881);
#9881 = CARTESIAN_POINT('',(1.95,2.11,1.025));
#9882 = LINE('',#9883,#9884);
#9883 = CARTESIAN_POINT('',(1.95,2.11,0.778829828783));
#9884 = VECTOR('',#9885,1.);
#9885 = DIRECTION('',(0.,0.,1.));
#9886 = ORIENTED_EDGE('',*,*,#9817,.T.);
#9887 = ORIENTED_EDGE('',*,*,#9802,.T.);
#9888 = ORIENTED_EDGE('',*,*,#9865,.T.);
#9889 = ORIENTED_EDGE('',*,*,#9890,.T.);
#9890 = EDGE_CURVE('',#9858,#9891,#9893,.T.);
#9891 = VERTEX_POINT('',#9892);
#9892 = CARTESIAN_POINT('',(2.65,2.11,5.551115123126E-17));
#9893 = CIRCLE('',#9894,0.3);
#9894 = AXIS2_PLACEMENT_3D('',#9895,#9896,#9897);
#9895 = CARTESIAN_POINT('',(2.65,2.11,0.3));
#9896 = DIRECTION('',(2.22044604925E-16,-1.,0.));
#9897 = DIRECTION('',(-1.,-2.22044604925E-16,3.515706244646E-15));
#9898 = ORIENTED_EDGE('',*,*,#9899,.T.);
#9899 = EDGE_CURVE('',#9891,#9900,#9902,.T.);
#9900 = VERTEX_POINT('',#9901);
#9901 = CARTESIAN_POINT('',(3.,2.11,5.551115123126E-17));
#9902 = LINE('',#9903,#9904);
#9903 = CARTESIAN_POINT('',(2.65,2.11,5.551115123126E-17));
#9904 = VECTOR('',#9905,1.);
#9905 = DIRECTION('',(1.,2.22044604925E-16,0.));
#9906 = ORIENTED_EDGE('',*,*,#9907,.T.);
#9907 = EDGE_CURVE('',#9900,#9908,#9910,.T.);
#9908 = VERTEX_POINT('',#9909);
#9909 = CARTESIAN_POINT('',(3.,2.11,0.2));
#9910 = LINE('',#9911,#9912);
#9911 = CARTESIAN_POINT('',(3.,2.11,5.551115123126E-17));
#9912 = VECTOR('',#9913,1.);
#9913 = DIRECTION('',(0.,0.,1.));
#9914 = ORIENTED_EDGE('',*,*,#9915,.T.);
#9915 = EDGE_CURVE('',#9908,#9916,#9918,.T.);
#9916 = VERTEX_POINT('',#9917);
#9917 = CARTESIAN_POINT('',(2.65,2.11,0.2));
#9918 = LINE('',#9919,#9920);
#9919 = CARTESIAN_POINT('',(3.,2.11,0.2));
#9920 = VECTOR('',#9921,1.);
#9921 = DIRECTION('',(-1.,-2.22044604925E-16,0.));
#9922 = ORIENTED_EDGE('',*,*,#9923,.T.);
#9923 = EDGE_CURVE('',#9916,#9924,#9926,.T.);
#9924 = VERTEX_POINT('',#9925);
#9925 = CARTESIAN_POINT('',(2.55,2.11,0.3));
#9926 = CIRCLE('',#9927,0.1);
#9927 = AXIS2_PLACEMENT_3D('',#9928,#9929,#9930);
#9928 = CARTESIAN_POINT('',(2.65,2.11,0.3));
#9929 = DIRECTION('',(-2.22044604925E-16,1.,0.));
#9930 = DIRECTION('',(0.,0.,-1.));
#9931 = ORIENTED_EDGE('',*,*,#9932,.T.);
#9932 = EDGE_CURVE('',#9924,#9933,#9935,.T.);
#9933 = VERTEX_POINT('',#9934);
#9934 = CARTESIAN_POINT('',(2.55,2.11,0.725));
#9935 = LINE('',#9936,#9937);
#9936 = CARTESIAN_POINT('',(2.55,2.11,0.3));
#9937 = VECTOR('',#9938,1.);
#9938 = DIRECTION('',(0.,0.,1.));
#9939 = ORIENTED_EDGE('',*,*,#9940,.T.);
#9940 = EDGE_CURVE('',#9933,#9941,#9943,.T.);
#9941 = VERTEX_POINT('',#9942);
#9942 = CARTESIAN_POINT('',(2.25,2.11,1.025));
#9943 = CIRCLE('',#9944,0.3);
#9944 = AXIS2_PLACEMENT_3D('',#9945,#9946,#9947);
#9945 = CARTESIAN_POINT('',(2.25,2.11,0.725));
#9946 = DIRECTION('',(2.22044604925E-16,-1.,0.));
#9947 = DIRECTION('',(1.,2.22044604925E-16,3.700743415417E-16));
#9948 = ORIENTED_EDGE('',*,*,#9949,.T.);
#9949 = EDGE_CURVE('',#9941,#9880,#9950,.T.);
#9950 = LINE('',#9951,#9952);
#9951 = CARTESIAN_POINT('',(2.25,2.11,1.025));
#9952 = VECTOR('',#9953,1.);
#9953 = DIRECTION('',(-1.,-2.22044604925E-16,0.));
#9954 = PLANE('',#9955);
#9955 = AXIS2_PLACEMENT_3D('',#9956,#9957,#9958);
#9956 = CARTESIAN_POINT('',(2.41578967201,2.11,0.532659657565));
#9957 = DIRECTION('',(2.22044604925E-16,-1.,0.));
#9958 = DIRECTION('',(0.,0.,1.));
#9959 = ADVANCED_FACE('',(#9960),#10038,.T.);
#9960 = FACE_BOUND('',#9961,.T.);
#9961 = EDGE_LOOP('',(#9962,#9970,#9971,#9972,#9973,#9982,#9990,#9998,
    #10006,#10015,#10023,#10032));
#9962 = ORIENTED_EDGE('',*,*,#9963,.F.);
#9963 = EDGE_CURVE('',#9826,#9964,#9966,.T.);
#9964 = VERTEX_POINT('',#9965);
#9965 = CARTESIAN_POINT('',(1.95,1.7,1.025));
#9966 = LINE('',#9967,#9968);
#9967 = CARTESIAN_POINT('',(1.95,1.7,0.778829828783));
#9968 = VECTOR('',#9969,1.);
#9969 = DIRECTION('',(0.,0.,1.));
#9970 = ORIENTED_EDGE('',*,*,#9833,.T.);
#9971 = ORIENTED_EDGE('',*,*,#9785,.T.);
#9972 = ORIENTED_EDGE('',*,*,#9849,.T.);
#9973 = ORIENTED_EDGE('',*,*,#9974,.T.);
#9974 = EDGE_CURVE('',#9850,#9975,#9977,.T.);
#9975 = VERTEX_POINT('',#9976);
#9976 = CARTESIAN_POINT('',(2.65,1.7,5.551115123126E-17));
#9977 = CIRCLE('',#9978,0.3);
#9978 = AXIS2_PLACEMENT_3D('',#9979,#9980,#9981);
#9979 = CARTESIAN_POINT('',(2.65,1.7,0.3));
#9980 = DIRECTION('',(2.22044604925E-16,-1.,0.));
#9981 = DIRECTION('',(-1.,-2.22044604925E-16,3.515706244646E-15));
#9982 = ORIENTED_EDGE('',*,*,#9983,.T.);
#9983 = EDGE_CURVE('',#9975,#9984,#9986,.T.);
#9984 = VERTEX_POINT('',#9985);
#9985 = CARTESIAN_POINT('',(3.,1.7,5.551115123126E-17));
#9986 = LINE('',#9987,#9988);
#9987 = CARTESIAN_POINT('',(2.65,1.7,5.551115123126E-17));
#9988 = VECTOR('',#9989,1.);
#9989 = DIRECTION('',(1.,2.22044604925E-16,0.));
#9990 = ORIENTED_EDGE('',*,*,#9991,.T.);
#9991 = EDGE_CURVE('',#9984,#9992,#9994,.T.);
#9992 = VERTEX_POINT('',#9993);
#9993 = CARTESIAN_POINT('',(3.,1.7,0.2));
#9994 = LINE('',#9995,#9996);
#9995 = CARTESIAN_POINT('',(3.,1.7,5.551115123126E-17));
#9996 = VECTOR('',#9997,1.);
#9997 = DIRECTION('',(0.,0.,1.));
#9998 = ORIENTED_EDGE('',*,*,#9999,.T.);
#9999 = EDGE_CURVE('',#9992,#10000,#10002,.T.);
#10000 = VERTEX_POINT('',#10001);
#10001 = CARTESIAN_POINT('',(2.65,1.7,0.2));
#10002 = LINE('',#10003,#10004);
#10003 = CARTESIAN_POINT('',(3.,1.7,0.2));
#10004 = VECTOR('',#10005,1.);
#10005 = DIRECTION('',(-1.,-2.22044604925E-16,0.));
#10006 = ORIENTED_EDGE('',*,*,#10007,.T.);
#10007 = EDGE_CURVE('',#10000,#10008,#10010,.T.);
#10008 = VERTEX_POINT('',#10009);
#10009 = CARTESIAN_POINT('',(2.55,1.7,0.3));
#10010 = CIRCLE('',#10011,0.1);
#10011 = AXIS2_PLACEMENT_3D('',#10012,#10013,#10014);
#10012 = CARTESIAN_POINT('',(2.65,1.7,0.3));
#10013 = DIRECTION('',(-2.22044604925E-16,1.,0.));
#10014 = DIRECTION('',(0.,0.,-1.));
#10015 = ORIENTED_EDGE('',*,*,#10016,.T.);
#10016 = EDGE_CURVE('',#10008,#10017,#10019,.T.);
#10017 = VERTEX_POINT('',#10018);
#10018 = CARTESIAN_POINT('',(2.55,1.7,0.725));
#10019 = LINE('',#10020,#10021);
#10020 = CARTESIAN_POINT('',(2.55,1.7,0.3));
#10021 = VECTOR('',#10022,1.);
#10022 = DIRECTION('',(0.,0.,1.));
#10023 = ORIENTED_EDGE('',*,*,#10024,.T.);
#10024 = EDGE_CURVE('',#10017,#10025,#10027,.T.);
#10025 = VERTEX_POINT('',#10026);
#10026 = CARTESIAN_POINT('',(2.25,1.7,1.025));
#10027 = CIRCLE('',#10028,0.3);
#10028 = AXIS2_PLACEMENT_3D('',#10029,#10030,#10031);
#10029 = CARTESIAN_POINT('',(2.25,1.7,0.725));
#10030 = DIRECTION('',(2.22044604925E-16,-1.,0.));
#10031 = DIRECTION('',(1.,2.22044604925E-16,3.700743415417E-16));
#10032 = ORIENTED_EDGE('',*,*,#10033,.T.);
#10033 = EDGE_CURVE('',#10025,#9964,#10034,.T.);
#10034 = LINE('',#10035,#10036);
#10035 = CARTESIAN_POINT('',(2.25,1.7,1.025));
#10036 = VECTOR('',#10037,1.);
#10037 = DIRECTION('',(-1.,-2.22044604925E-16,0.));
#10038 = PLANE('',#10039);
#10039 = AXIS2_PLACEMENT_3D('',#10040,#10041,#10042);
#10040 = CARTESIAN_POINT('',(2.41578967201,1.7,0.532659657565));
#10041 = DIRECTION('',(2.22044604925E-16,-1.,0.));
#10042 = DIRECTION('',(0.,0.,1.));
#10043 = ADVANCED_FACE('',(#10044),#10131,.F.);
#10044 = FACE_BOUND('',#10045,.F.);
#10045 = EDGE_LOOP('',(#10046,#10056,#10063,#10071,#10079,#10087,#10095,
    #10103,#10111,#10117,#10118,#10126));
#10046 = ORIENTED_EDGE('',*,*,#10047,.T.);
#10047 = EDGE_CURVE('',#10048,#10050,#10052,.T.);
#10048 = VERTEX_POINT('',#10049);
#10049 = CARTESIAN_POINT('',(1.835171280765,2.217585640382,0.1));
#10050 = VERTEX_POINT('',#10051);
#10051 = CARTESIAN_POINT('',(1.835171280765,-2.217585640382,0.1));
#10052 = LINE('',#10053,#10054);
#10053 = CARTESIAN_POINT('',(1.835171280765,2.217585640382,0.1));
#10054 = VECTOR('',#10055,1.);
#10055 = DIRECTION('',(2.22044604925E-16,-1.,0.));
#10056 = ORIENTED_EDGE('',*,*,#10057,.T.);
#10057 = EDGE_CURVE('',#10050,#10058,#10060,.T.);
#10058 = VERTEX_POINT('',#10059);
#10059 = CARTESIAN_POINT('',(1.95,-2.275,0.825));
#10060 = B_SPLINE_CURVE_WITH_KNOTS('',1,(#10061,#10062),.UNSPECIFIED.,
  .F.,.F.,(2,2),(0.,1.),.PIECEWISE_BEZIER_KNOTS.);
#10061 = CARTESIAN_POINT('',(1.835171280765,-2.217585640382,0.1));
#10062 = CARTESIAN_POINT('',(1.95,-2.275,0.825));
#10063 = ORIENTED_EDGE('',*,*,#10064,.F.);
#10064 = EDGE_CURVE('',#10065,#10058,#10067,.T.);
#10065 = VERTEX_POINT('',#10066);
#10066 = CARTESIAN_POINT('',(1.95,-2.11,0.825));
#10067 = LINE('',#10068,#10069);
#10068 = CARTESIAN_POINT('',(1.95,2.275,0.825));
#10069 = VECTOR('',#10070,1.);
#10070 = DIRECTION('',(2.22044604925E-16,-1.,0.));
#10071 = ORIENTED_EDGE('',*,*,#10072,.F.);
#10072 = EDGE_CURVE('',#10073,#10065,#10075,.T.);
#10073 = VERTEX_POINT('',#10074);
#10074 = CARTESIAN_POINT('',(1.95,-1.7,0.825));
#10075 = LINE('',#10076,#10077);
#10076 = CARTESIAN_POINT('',(1.95,2.275,0.825));
#10077 = VECTOR('',#10078,1.);
#10078 = DIRECTION('',(2.22044604925E-16,-1.,0.));
#10079 = ORIENTED_EDGE('',*,*,#10080,.F.);
#10080 = EDGE_CURVE('',#10081,#10073,#10083,.T.);
#10081 = VERTEX_POINT('',#10082);
#10082 = CARTESIAN_POINT('',(1.95,-0.84,0.825));
#10083 = LINE('',#10084,#10085);
#10084 = CARTESIAN_POINT('',(1.95,2.275,0.825));
#10085 = VECTOR('',#10086,1.);
#10086 = DIRECTION('',(2.22044604925E-16,-1.,0.));
#10087 = ORIENTED_EDGE('',*,*,#10088,.F.);
#10088 = EDGE_CURVE('',#10089,#10081,#10091,.T.);
#10089 = VERTEX_POINT('',#10090);
#10090 = CARTESIAN_POINT('',(1.95,-0.43,0.825));
#10091 = LINE('',#10092,#10093);
#10092 = CARTESIAN_POINT('',(1.95,2.275,0.825));
#10093 = VECTOR('',#10094,1.);
#10094 = DIRECTION('',(2.22044604925E-16,-1.,0.));
#10095 = ORIENTED_EDGE('',*,*,#10096,.F.);
#10096 = EDGE_CURVE('',#10097,#10089,#10099,.T.);
#10097 = VERTEX_POINT('',#10098);
#10098 = CARTESIAN_POINT('',(1.95,0.43,0.825));
#10099 = LINE('',#10100,#10101);
#10100 = CARTESIAN_POINT('',(1.95,2.275,0.825));
#10101 = VECTOR('',#10102,1.);
#10102 = DIRECTION('',(2.22044604925E-16,-1.,0.));
#10103 = ORIENTED_EDGE('',*,*,#10104,.F.);
#10104 = EDGE_CURVE('',#10105,#10097,#10107,.T.);
#10105 = VERTEX_POINT('',#10106);
#10106 = CARTESIAN_POINT('',(1.95,0.84,0.825));
#10107 = LINE('',#10108,#10109);
#10108 = CARTESIAN_POINT('',(1.95,2.275,0.825));
#10109 = VECTOR('',#10110,1.);
#10110 = DIRECTION('',(2.22044604925E-16,-1.,0.));
#10111 = ORIENTED_EDGE('',*,*,#10112,.F.);
#10112 = EDGE_CURVE('',#9826,#10105,#10113,.T.);
#10113 = LINE('',#10114,#10115);
#10114 = CARTESIAN_POINT('',(1.95,2.275,0.825));
#10115 = VECTOR('',#10116,1.);
#10116 = DIRECTION('',(2.22044604925E-16,-1.,0.));
#10117 = ORIENTED_EDGE('',*,*,#9825,.F.);
#10118 = ORIENTED_EDGE('',*,*,#10119,.F.);
#10119 = EDGE_CURVE('',#10120,#9818,#10122,.T.);
#10120 = VERTEX_POINT('',#10121);
#10121 = CARTESIAN_POINT('',(1.95,2.275,0.825));
#10122 = LINE('',#10123,#10124);
#10123 = CARTESIAN_POINT('',(1.95,2.275,0.825));
#10124 = VECTOR('',#10125,1.);
#10125 = DIRECTION('',(2.22044604925E-16,-1.,0.));
#10126 = ORIENTED_EDGE('',*,*,#10127,.F.);
#10127 = EDGE_CURVE('',#10048,#10120,#10128,.T.);
#10128 = B_SPLINE_CURVE_WITH_KNOTS('',1,(#10129,#10130),.UNSPECIFIED.,
  .F.,.F.,(2,2),(0.,1.),.PIECEWISE_BEZIER_KNOTS.);
#10129 = CARTESIAN_POINT('',(1.835171280765,2.217585640382,0.1));
#10130 = CARTESIAN_POINT('',(1.95,2.275,0.825));
#10131 = B_SPLINE_SURFACE_WITH_KNOTS('',1,1,(
    (#10132,#10133)
    ,(#10134,#10135
    )),.UNSPECIFIED.,.F.,.F.,.F.,(2,2),(2,2),(0.,4.55),(0.,1.),
  .PIECEWISE_BEZIER_KNOTS.);
#10132 = CARTESIAN_POINT('',(1.835171280765,2.217585640382,0.1));
#10133 = CARTESIAN_POINT('',(1.95,2.275,0.825));
#10134 = CARTESIAN_POINT('',(1.835171280765,-2.217585640382,0.1));
#10135 = CARTESIAN_POINT('',(1.95,-2.275,0.825));
#10136 = ADVANCED_FACE('',(#10137),#10148,.T.);
#10137 = FACE_BOUND('',#10138,.T.);
#10138 = EDGE_LOOP('',(#10139,#10140,#10146,#10147));
#10139 = ORIENTED_EDGE('',*,*,#9890,.T.);
#10140 = ORIENTED_EDGE('',*,*,#10141,.T.);
#10141 = EDGE_CURVE('',#9891,#9975,#10142,.T.);
#10142 = LINE('',#10143,#10144);
#10143 = CARTESIAN_POINT('',(2.65,2.11,5.551115123126E-17));
#10144 = VECTOR('',#10145,1.);
#10145 = DIRECTION('',(2.22044604925E-16,-1.,0.));
#10146 = ORIENTED_EDGE('',*,*,#9974,.F.);
#10147 = ORIENTED_EDGE('',*,*,#9857,.F.);
#10148 = CYLINDRICAL_SURFACE('',#10149,0.3);
#10149 = AXIS2_PLACEMENT_3D('',#10150,#10151,#10152);
#10150 = CARTESIAN_POINT('',(2.65,2.11,0.3));
#10151 = DIRECTION('',(-2.22044604925E-16,1.,-0.));
#10152 = DIRECTION('',(-1.,-2.22044604925E-16,3.515706244646E-15));
#10153 = ADVANCED_FACE('',(#10154),#10171,.F.);
#10154 = FACE_BOUND('',#10155,.F.);
#10155 = EDGE_LOOP('',(#10156,#10163,#10164,#10165));
#10156 = ORIENTED_EDGE('',*,*,#10157,.F.);
#10157 = EDGE_CURVE('',#10120,#10158,#10160,.T.);
#10158 = VERTEX_POINT('',#10159);
#10159 = CARTESIAN_POINT('',(1.95,2.275,1.025));
#10160 = B_SPLINE_CURVE_WITH_KNOTS('',1,(#10161,#10162),.UNSPECIFIED.,
  .F.,.F.,(2,2),(0.,1.),.PIECEWISE_BEZIER_KNOTS.);
#10161 = CARTESIAN_POINT('',(1.95,2.275,0.825));
#10162 = CARTESIAN_POINT('',(1.95,2.275,1.025));
#10163 = ORIENTED_EDGE('',*,*,#10119,.T.);
#10164 = ORIENTED_EDGE('',*,*,#9879,.T.);
#10165 = ORIENTED_EDGE('',*,*,#10166,.F.);
#10166 = EDGE_CURVE('',#10158,#9880,#10167,.T.);
#10167 = LINE('',#10168,#10169);
#10168 = CARTESIAN_POINT('',(1.95,2.275,1.025));
#10169 = VECTOR('',#10170,1.);
#10170 = DIRECTION('',(2.22044604925E-16,-1.,0.));
#10171 = PLANE('',#10172);
#10172 = AXIS2_PLACEMENT_3D('',#10173,#10174,#10175);
#10173 = CARTESIAN_POINT('',(1.95,2.275,1.025));
#10174 = DIRECTION('',(-1.,-2.22044604925E-16,0.));
#10175 = DIRECTION('',(2.22044604925E-16,-1.,0.));
#10176 = ADVANCED_FACE('',(#10177),#10209,.F.);
#10177 = FACE_BOUND('',#10178,.F.);
#10178 = EDGE_LOOP('',(#10179,#10180,#10186,#10187,#10195,#10203));
#10179 = ORIENTED_EDGE('',*,*,#9949,.F.);
#10180 = ORIENTED_EDGE('',*,*,#10181,.T.);
#10181 = EDGE_CURVE('',#9941,#10025,#10182,.T.);
#10182 = LINE('',#10183,#10184);
#10183 = CARTESIAN_POINT('',(2.25,2.11,1.025));
#10184 = VECTOR('',#10185,1.);
#10185 = DIRECTION('',(2.22044604925E-16,-1.,0.));
#10186 = ORIENTED_EDGE('',*,*,#10033,.T.);
#10187 = ORIENTED_EDGE('',*,*,#10188,.T.);
#10188 = EDGE_CURVE('',#9964,#10189,#10191,.T.);
#10189 = VERTEX_POINT('',#10190);
#10190 = CARTESIAN_POINT('',(1.875,1.7,1.025));
#10191 = LINE('',#10192,#10193);
#10192 = CARTESIAN_POINT('',(2.25,1.7,1.025));
#10193 = VECTOR('',#10194,1.);
#10194 = DIRECTION('',(-1.,-2.22044604925E-16,0.));
#10195 = ORIENTED_EDGE('',*,*,#10196,.F.);
#10196 = EDGE_CURVE('',#10197,#10189,#10199,.T.);
#10197 = VERTEX_POINT('',#10198);
#10198 = CARTESIAN_POINT('',(1.875,2.11,1.025));
#10199 = LINE('',#10200,#10201);
#10200 = CARTESIAN_POINT('',(1.875,2.2375,1.025));
#10201 = VECTOR('',#10202,1.);
#10202 = DIRECTION('',(2.22044604925E-16,-1.,0.));
#10203 = ORIENTED_EDGE('',*,*,#10204,.F.);
#10204 = EDGE_CURVE('',#9880,#10197,#10205,.T.);
#10205 = LINE('',#10206,#10207);
#10206 = CARTESIAN_POINT('',(2.25,2.11,1.025));
#10207 = VECTOR('',#10208,1.);
#10208 = DIRECTION('',(-1.,-2.22044604925E-16,0.));
#10209 = PLANE('',#10210);
#10210 = AXIS2_PLACEMENT_3D('',#10211,#10212,#10213);
#10211 = CARTESIAN_POINT('',(2.25,2.11,1.025));
#10212 = DIRECTION('',(0.,0.,-1.));
#10213 = DIRECTION('',(-1.,-2.22044604925E-16,-0.));
#10214 = ADVANCED_FACE('',(#10215),#10226,.T.);
#10215 = FACE_BOUND('',#10216,.T.);
#10216 = EDGE_LOOP('',(#10217,#10218,#10219,#10220));
#10217 = ORIENTED_EDGE('',*,*,#9940,.T.);
#10218 = ORIENTED_EDGE('',*,*,#10181,.T.);
#10219 = ORIENTED_EDGE('',*,*,#10024,.F.);
#10220 = ORIENTED_EDGE('',*,*,#10221,.F.);
#10221 = EDGE_CURVE('',#9933,#10017,#10222,.T.);
#10222 = LINE('',#10223,#10224);
#10223 = CARTESIAN_POINT('',(2.55,2.11,0.725));
#10224 = VECTOR('',#10225,1.);
#10225 = DIRECTION('',(2.22044604925E-16,-1.,0.));
#10226 = CYLINDRICAL_SURFACE('',#10227,0.3);
#10227 = AXIS2_PLACEMENT_3D('',#10228,#10229,#10230);
#10228 = CARTESIAN_POINT('',(2.25,2.11,0.725));
#10229 = DIRECTION('',(-2.22044604925E-16,1.,-0.));
#10230 = DIRECTION('',(1.,2.22044604925E-16,3.700743415417E-16));
#10231 = ADVANCED_FACE('',(#10232),#10243,.F.);
#10232 = FACE_BOUND('',#10233,.F.);
#10233 = EDGE_LOOP('',(#10234,#10240,#10241,#10242));
#10234 = ORIENTED_EDGE('',*,*,#10235,.T.);
#10235 = EDGE_CURVE('',#9924,#10008,#10236,.T.);
#10236 = LINE('',#10237,#10238);
#10237 = CARTESIAN_POINT('',(2.55,2.11,0.3));
#10238 = VECTOR('',#10239,1.);
#10239 = DIRECTION('',(2.22044604925E-16,-1.,0.));
#10240 = ORIENTED_EDGE('',*,*,#10016,.T.);
#10241 = ORIENTED_EDGE('',*,*,#10221,.F.);
#10242 = ORIENTED_EDGE('',*,*,#9932,.F.);
#10243 = PLANE('',#10244);
#10244 = AXIS2_PLACEMENT_3D('',#10245,#10246,#10247);
#10245 = CARTESIAN_POINT('',(2.55,2.11,0.3));
#10246 = DIRECTION('',(-1.,-2.22044604925E-16,0.));
#10247 = DIRECTION('',(0.,0.,1.));
#10248 = ADVANCED_FACE('',(#10249),#10260,.F.);
#10249 = FACE_BOUND('',#10250,.F.);
#10250 = EDGE_LOOP('',(#10251,#10257,#10258,#10259));
#10251 = ORIENTED_EDGE('',*,*,#10252,.T.);
#10252 = EDGE_CURVE('',#9916,#10000,#10253,.T.);
#10253 = LINE('',#10254,#10255);
#10254 = CARTESIAN_POINT('',(2.65,2.11,0.2));
#10255 = VECTOR('',#10256,1.);
#10256 = DIRECTION('',(2.22044604925E-16,-1.,0.));
#10257 = ORIENTED_EDGE('',*,*,#10007,.T.);
#10258 = ORIENTED_EDGE('',*,*,#10235,.F.);
#10259 = ORIENTED_EDGE('',*,*,#9923,.F.);
#10260 = CYLINDRICAL_SURFACE('',#10261,0.1);
#10261 = AXIS2_PLACEMENT_3D('',#10262,#10263,#10264);
#10262 = CARTESIAN_POINT('',(2.65,2.11,0.3));
#10263 = DIRECTION('',(-2.22044604925E-16,1.,0.));
#10264 = DIRECTION('',(0.,0.,-1.));
#10265 = ADVANCED_FACE('',(#10266),#10277,.F.);
#10266 = FACE_BOUND('',#10267,.F.);
#10267 = EDGE_LOOP('',(#10268,#10274,#10275,#10276));
#10268 = ORIENTED_EDGE('',*,*,#10269,.T.);
#10269 = EDGE_CURVE('',#9908,#9992,#10270,.T.);
#10270 = LINE('',#10271,#10272);
#10271 = CARTESIAN_POINT('',(3.,2.11,0.2));
#10272 = VECTOR('',#10273,1.);
#10273 = DIRECTION('',(2.22044604925E-16,-1.,0.));
#10274 = ORIENTED_EDGE('',*,*,#9999,.T.);
#10275 = ORIENTED_EDGE('',*,*,#10252,.F.);
#10276 = ORIENTED_EDGE('',*,*,#9915,.F.);
#10277 = PLANE('',#10278);
#10278 = AXIS2_PLACEMENT_3D('',#10279,#10280,#10281);
#10279 = CARTESIAN_POINT('',(3.,2.11,0.2));
#10280 = DIRECTION('',(0.,0.,-1.));
#10281 = DIRECTION('',(-1.,-2.22044604925E-16,-0.));
#10282 = ADVANCED_FACE('',(#10283),#10294,.F.);
#10283 = FACE_BOUND('',#10284,.F.);
#10284 = EDGE_LOOP('',(#10285,#10291,#10292,#10293));
#10285 = ORIENTED_EDGE('',*,*,#10286,.T.);
#10286 = EDGE_CURVE('',#9900,#9984,#10287,.T.);
#10287 = LINE('',#10288,#10289);
#10288 = CARTESIAN_POINT('',(3.,2.11,5.551115123126E-17));
#10289 = VECTOR('',#10290,1.);
#10290 = DIRECTION('',(2.22044604925E-16,-1.,0.));
#10291 = ORIENTED_EDGE('',*,*,#9991,.T.);
#10292 = ORIENTED_EDGE('',*,*,#10269,.F.);
#10293 = ORIENTED_EDGE('',*,*,#9907,.F.);
#10294 = PLANE('',#10295);
#10295 = AXIS2_PLACEMENT_3D('',#10296,#10297,#10298);
#10296 = CARTESIAN_POINT('',(3.,2.11,5.551115123126E-17));
#10297 = DIRECTION('',(-1.,-2.22044604925E-16,0.));
#10298 = DIRECTION('',(0.,0.,1.));
#10299 = ADVANCED_FACE('',(#10300),#10306,.F.);
#10300 = FACE_BOUND('',#10301,.F.);
#10301 = EDGE_LOOP('',(#10302,#10303,#10304,#10305));
#10302 = ORIENTED_EDGE('',*,*,#10141,.T.);
#10303 = ORIENTED_EDGE('',*,*,#9983,.T.);
#10304 = ORIENTED_EDGE('',*,*,#10286,.F.);
#10305 = ORIENTED_EDGE('',*,*,#9899,.F.);
#10306 = PLANE('',#10307);
#10307 = AXIS2_PLACEMENT_3D('',#10308,#10309,#10310);
#10308 = CARTESIAN_POINT('',(2.65,2.11,5.551115123126E-17));
#10309 = DIRECTION('',(0.,0.,1.));
#10310 = DIRECTION('',(1.,2.22044604925E-16,-0.));
#10311 = ADVANCED_FACE('',(#10312),#10330,.F.);
#10312 = FACE_BOUND('',#10313,.F.);
#10313 = EDGE_LOOP('',(#10314,#10315,#10316,#10324));
#10314 = ORIENTED_EDGE('',*,*,#9963,.F.);
#10315 = ORIENTED_EDGE('',*,*,#10112,.T.);
#10316 = ORIENTED_EDGE('',*,*,#10317,.T.);
#10317 = EDGE_CURVE('',#10105,#10318,#10320,.T.);
#10318 = VERTEX_POINT('',#10319);
#10319 = CARTESIAN_POINT('',(1.95,0.84,1.025));
#10320 = LINE('',#10321,#10322);
#10321 = CARTESIAN_POINT('',(1.95,0.84,0.778829828783));
#10322 = VECTOR('',#10323,1.);
#10323 = DIRECTION('',(0.,0.,1.));
#10324 = ORIENTED_EDGE('',*,*,#10325,.F.);
#10325 = EDGE_CURVE('',#9964,#10318,#10326,.T.);
#10326 = LINE('',#10327,#10328);
#10327 = CARTESIAN_POINT('',(1.95,2.275,1.025));
#10328 = VECTOR('',#10329,1.);
#10329 = DIRECTION('',(2.22044604925E-16,-1.,0.));
#10330 = PLANE('',#10331);
#10331 = AXIS2_PLACEMENT_3D('',#10332,#10333,#10334);
#10332 = CARTESIAN_POINT('',(1.95,2.275,1.025));
#10333 = DIRECTION('',(-1.,-2.22044604925E-16,0.));
#10334 = DIRECTION('',(2.22044604925E-16,-1.,0.));
#10335 = ADVANCED_FACE('',(#10336),#10393,.F.);
#10336 = FACE_BOUND('',#10337,.T.);
#10337 = EDGE_LOOP('',(#10338,#10348,#10354,#10355,#10363,#10371,#10379,
    #10387));
#10338 = ORIENTED_EDGE('',*,*,#10339,.T.);
#10339 = EDGE_CURVE('',#10340,#10342,#10344,.T.);
#10340 = VERTEX_POINT('',#10341);
#10341 = CARTESIAN_POINT('',(-1.717585640382,2.335171280765,0.1));
#10342 = VERTEX_POINT('',#10343);
#10343 = CARTESIAN_POINT('',(1.717585640382,2.335171280765,0.1));
#10344 = LINE('',#10345,#10346);
#10345 = CARTESIAN_POINT('',(-1.717585640382,2.335171280765,0.1));
#10346 = VECTOR('',#10347,1.);
#10347 = DIRECTION('',(1.,2.22044604925E-16,0.));
#10348 = ORIENTED_EDGE('',*,*,#10349,.T.);
#10349 = EDGE_CURVE('',#10342,#10048,#10350,.T.);
#10350 = LINE('',#10351,#10352);
#10351 = CARTESIAN_POINT('',(1.717585640382,2.335171280765,0.1));
#10352 = VECTOR('',#10353,1.);
#10353 = DIRECTION('',(0.707106781187,-0.707106781187,0.));
#10354 = ORIENTED_EDGE('',*,*,#10047,.T.);
#10355 = ORIENTED_EDGE('',*,*,#10356,.T.);
#10356 = EDGE_CURVE('',#10050,#10357,#10359,.T.);
#10357 = VERTEX_POINT('',#10358);
#10358 = CARTESIAN_POINT('',(1.717585640382,-2.335171280765,0.1));
#10359 = LINE('',#10360,#10361);
#10360 = CARTESIAN_POINT('',(1.835171280765,-2.217585640382,0.1));
#10361 = VECTOR('',#10362,1.);
#10362 = DIRECTION('',(-0.707106781187,-0.707106781187,0.));
#10363 = ORIENTED_EDGE('',*,*,#10364,.T.);
#10364 = EDGE_CURVE('',#10357,#10365,#10367,.T.);
#10365 = VERTEX_POINT('',#10366);
#10366 = CARTESIAN_POINT('',(-1.717585640382,-2.335171280765,0.1));
#10367 = LINE('',#10368,#10369);
#10368 = CARTESIAN_POINT('',(1.717585640382,-2.335171280765,0.1));
#10369 = VECTOR('',#10370,1.);
#10370 = DIRECTION('',(-1.,-2.22044604925E-16,0.));
#10371 = ORIENTED_EDGE('',*,*,#10372,.T.);
#10372 = EDGE_CURVE('',#10365,#10373,#10375,.T.);
#10373 = VERTEX_POINT('',#10374);
#10374 = CARTESIAN_POINT('',(-1.835171280765,-2.217585640382,0.1));
#10375 = LINE('',#10376,#10377);
#10376 = CARTESIAN_POINT('',(-1.717585640382,-2.335171280765,0.1));
#10377 = VECTOR('',#10378,1.);
#10378 = DIRECTION('',(-0.707106781187,0.707106781187,0.));
#10379 = ORIENTED_EDGE('',*,*,#10380,.T.);
#10380 = EDGE_CURVE('',#10373,#10381,#10383,.T.);
#10381 = VERTEX_POINT('',#10382);
#10382 = CARTESIAN_POINT('',(-1.835171280765,2.217585640382,0.1));
#10383 = LINE('',#10384,#10385);
#10384 = CARTESIAN_POINT('',(-1.835171280765,-2.217585640382,0.1));
#10385 = VECTOR('',#10386,1.);
#10386 = DIRECTION('',(-2.22044604925E-16,1.,0.));
#10387 = ORIENTED_EDGE('',*,*,#10388,.T.);
#10388 = EDGE_CURVE('',#10381,#10340,#10389,.T.);
#10389 = LINE('',#10390,#10391);
#10390 = CARTESIAN_POINT('',(-1.835171280765,2.217585640382,0.1));
#10391 = VECTOR('',#10392,1.);
#10392 = DIRECTION('',(0.707106781187,0.707106781187,0.));
#10393 = PLANE('',#10394);
#10394 = AXIS2_PLACEMENT_3D('',#10395,#10396,#10397);
#10395 = CARTESIAN_POINT('',(-1.717585640382,2.335171280765,0.1));
#10396 = DIRECTION('',(0.,0.,1.));
#10397 = DIRECTION('',(0.592513131498,-0.805560791625,0.));
#10398 = ADVANCED_FACE('',(#10399),#10416,.F.);
#10399 = FACE_BOUND('',#10400,.F.);
#10400 = EDGE_LOOP('',(#10401,#10402,#10403,#10411));
#10401 = ORIENTED_EDGE('',*,*,#10349,.T.);
#10402 = ORIENTED_EDGE('',*,*,#10127,.T.);
#10403 = ORIENTED_EDGE('',*,*,#10404,.F.);
#10404 = EDGE_CURVE('',#10405,#10120,#10407,.T.);
#10405 = VERTEX_POINT('',#10406);
#10406 = CARTESIAN_POINT('',(1.775,2.45,0.825));
#10407 = LINE('',#10408,#10409);
#10408 = CARTESIAN_POINT('',(1.775,2.45,0.825));
#10409 = VECTOR('',#10410,1.);
#10410 = DIRECTION('',(0.707106781187,-0.707106781187,0.));
#10411 = ORIENTED_EDGE('',*,*,#10412,.F.);
#10412 = EDGE_CURVE('',#10342,#10405,#10413,.T.);
#10413 = B_SPLINE_CURVE_WITH_KNOTS('',1,(#10414,#10415),.UNSPECIFIED.,
  .F.,.F.,(2,2),(0.,1.),.PIECEWISE_BEZIER_KNOTS.);
#10414 = CARTESIAN_POINT('',(1.717585640382,2.335171280765,0.1));
#10415 = CARTESIAN_POINT('',(1.775,2.45,0.825));
#10416 = B_SPLINE_SURFACE_WITH_KNOTS('',1,1,(
    (#10417,#10418)
    ,(#10419,#10420
    )),.UNSPECIFIED.,.F.,.F.,.F.,(2,2),(2,2),(0.,0.247487373415),(0.,1.)
  ,.PIECEWISE_BEZIER_KNOTS.);
#10417 = CARTESIAN_POINT('',(1.717585640382,2.335171280765,0.1));
#10418 = CARTESIAN_POINT('',(1.775,2.45,0.825));
#10419 = CARTESIAN_POINT('',(1.835171280765,2.217585640382,0.1));
#10420 = CARTESIAN_POINT('',(1.95,2.275,0.825));
#10421 = ADVANCED_FACE('',(#10422),#10439,.F.);
#10422 = FACE_BOUND('',#10423,.F.);
#10423 = EDGE_LOOP('',(#10424,#10425,#10432,#10438));
#10424 = ORIENTED_EDGE('',*,*,#10356,.T.);
#10425 = ORIENTED_EDGE('',*,*,#10426,.T.);
#10426 = EDGE_CURVE('',#10357,#10427,#10429,.T.);
#10427 = VERTEX_POINT('',#10428);
#10428 = CARTESIAN_POINT('',(1.775,-2.45,0.825));
#10429 = B_SPLINE_CURVE_WITH_KNOTS('',1,(#10430,#10431),.UNSPECIFIED.,
  .F.,.F.,(2,2),(0.,1.),.PIECEWISE_BEZIER_KNOTS.);
#10430 = CARTESIAN_POINT('',(1.717585640382,-2.335171280765,0.1));
#10431 = CARTESIAN_POINT('',(1.775,-2.45,0.825));
#10432 = ORIENTED_EDGE('',*,*,#10433,.F.);
#10433 = EDGE_CURVE('',#10058,#10427,#10434,.T.);
#10434 = LINE('',#10435,#10436);
#10435 = CARTESIAN_POINT('',(1.95,-2.275,0.825));
#10436 = VECTOR('',#10437,1.);
#10437 = DIRECTION('',(-0.707106781187,-0.707106781187,0.));
#10438 = ORIENTED_EDGE('',*,*,#10057,.F.);
#10439 = B_SPLINE_SURFACE_WITH_KNOTS('',1,1,(
    (#10440,#10441)
    ,(#10442,#10443
    )),.UNSPECIFIED.,.F.,.F.,.F.,(2,2),(2,2),(0.,0.247487373415),(0.,1.)
  ,.PIECEWISE_BEZIER_KNOTS.);
#10440 = CARTESIAN_POINT('',(1.835171280765,-2.217585640382,0.1));
#10441 = CARTESIAN_POINT('',(1.95,-2.275,0.825));
#10442 = CARTESIAN_POINT('',(1.717585640382,-2.335171280765,0.1));
#10443 = CARTESIAN_POINT('',(1.775,-2.45,0.825));
#10444 = ADVANCED_FACE('',(#10445),#10469,.F.);
#10445 = FACE_BOUND('',#10446,.F.);
#10446 = EDGE_LOOP('',(#10447,#10455,#10456,#10463));
#10447 = ORIENTED_EDGE('',*,*,#10448,.F.);
#10448 = EDGE_CURVE('',#10065,#10449,#10451,.T.);
#10449 = VERTEX_POINT('',#10450);
#10450 = CARTESIAN_POINT('',(1.95,-2.11,1.025));
#10451 = LINE('',#10452,#10453);
#10452 = CARTESIAN_POINT('',(1.95,-2.11,0.778829828783));
#10453 = VECTOR('',#10454,1.);
#10454 = DIRECTION('',(0.,0.,1.));
#10455 = ORIENTED_EDGE('',*,*,#10064,.T.);
#10456 = ORIENTED_EDGE('',*,*,#10457,.T.);
#10457 = EDGE_CURVE('',#10058,#10458,#10460,.T.);
#10458 = VERTEX_POINT('',#10459);
#10459 = CARTESIAN_POINT('',(1.95,-2.275,1.025));
#10460 = B_SPLINE_CURVE_WITH_KNOTS('',1,(#10461,#10462),.UNSPECIFIED.,
  .F.,.F.,(2,2),(0.,1.),.PIECEWISE_BEZIER_KNOTS.);
#10461 = CARTESIAN_POINT('',(1.95,-2.275,0.825));
#10462 = CARTESIAN_POINT('',(1.95,-2.275,1.025));
#10463 = ORIENTED_EDGE('',*,*,#10464,.F.);
#10464 = EDGE_CURVE('',#10449,#10458,#10465,.T.);
#10465 = LINE('',#10466,#10467);
#10466 = CARTESIAN_POINT('',(1.95,2.275,1.025));
#10467 = VECTOR('',#10468,1.);
#10468 = DIRECTION('',(2.22044604925E-16,-1.,0.));
#10469 = PLANE('',#10470);
#10470 = AXIS2_PLACEMENT_3D('',#10471,#10472,#10473);
#10471 = CARTESIAN_POINT('',(1.95,2.275,1.025));
#10472 = DIRECTION('',(-1.,-2.22044604925E-16,0.));
#10473 = DIRECTION('',(2.22044604925E-16,-1.,0.));
#10474 = ADVANCED_FACE('',(#10475),#10500,.F.);
#10475 = FACE_BOUND('',#10476,.F.);
#10476 = EDGE_LOOP('',(#10477,#10485,#10486,#10494));
#10477 = ORIENTED_EDGE('',*,*,#10478,.F.);
#10478 = EDGE_CURVE('',#10073,#10479,#10481,.T.);
#10479 = VERTEX_POINT('',#10480);
#10480 = CARTESIAN_POINT('',(2.25,-1.7,0.825));
#10481 = LINE('',#10482,#10483);
#10482 = CARTESIAN_POINT('',(1.8,-1.7,0.825));
#10483 = VECTOR('',#10484,1.);
#10484 = DIRECTION('',(1.,2.22044604925E-16,0.));
#10485 = ORIENTED_EDGE('',*,*,#10072,.T.);
#10486 = ORIENTED_EDGE('',*,*,#10487,.T.);
#10487 = EDGE_CURVE('',#10065,#10488,#10490,.T.);
#10488 = VERTEX_POINT('',#10489);
#10489 = CARTESIAN_POINT('',(2.25,-2.11,0.825));
#10490 = LINE('',#10491,#10492);
#10491 = CARTESIAN_POINT('',(1.8,-2.11,0.825));
#10492 = VECTOR('',#10493,1.);
#10493 = DIRECTION('',(1.,2.22044604925E-16,0.));
#10494 = ORIENTED_EDGE('',*,*,#10495,.F.);
#10495 = EDGE_CURVE('',#10479,#10488,#10496,.T.);
#10496 = LINE('',#10497,#10498);
#10497 = CARTESIAN_POINT('',(2.25,-1.7,0.825));
#10498 = VECTOR('',#10499,1.);
#10499 = DIRECTION('',(2.22044604925E-16,-1.,0.));
#10500 = PLANE('',#10501);
#10501 = AXIS2_PLACEMENT_3D('',#10502,#10503,#10504);
#10502 = CARTESIAN_POINT('',(1.8,-1.7,0.825));
#10503 = DIRECTION('',(0.,0.,1.));
#10504 = DIRECTION('',(1.,2.22044604925E-16,-0.));
#10505 = ADVANCED_FACE('',(#10506),#10531,.F.);
#10506 = FACE_BOUND('',#10507,.F.);
#10507 = EDGE_LOOP('',(#10508,#10516,#10517,#10525));
#10508 = ORIENTED_EDGE('',*,*,#10509,.F.);
#10509 = EDGE_CURVE('',#10081,#10510,#10512,.T.);
#10510 = VERTEX_POINT('',#10511);
#10511 = CARTESIAN_POINT('',(1.95,-0.84,1.025));
#10512 = LINE('',#10513,#10514);
#10513 = CARTESIAN_POINT('',(1.95,-0.84,0.778829828783));
#10514 = VECTOR('',#10515,1.);
#10515 = DIRECTION('',(0.,0.,1.));
#10516 = ORIENTED_EDGE('',*,*,#10080,.T.);
#10517 = ORIENTED_EDGE('',*,*,#10518,.T.);
#10518 = EDGE_CURVE('',#10073,#10519,#10521,.T.);
#10519 = VERTEX_POINT('',#10520);
#10520 = CARTESIAN_POINT('',(1.95,-1.7,1.025));
#10521 = LINE('',#10522,#10523);
#10522 = CARTESIAN_POINT('',(1.95,-1.7,0.778829828783));
#10523 = VECTOR('',#10524,1.);
#10524 = DIRECTION('',(0.,0.,1.));
#10525 = ORIENTED_EDGE('',*,*,#10526,.F.);
#10526 = EDGE_CURVE('',#10510,#10519,#10527,.T.);
#10527 = LINE('',#10528,#10529);
#10528 = CARTESIAN_POINT('',(1.95,2.275,1.025));
#10529 = VECTOR('',#10530,1.);
#10530 = DIRECTION('',(2.22044604925E-16,-1.,0.));
#10531 = PLANE('',#10532);
#10532 = AXIS2_PLACEMENT_3D('',#10533,#10534,#10535);
#10533 = CARTESIAN_POINT('',(1.95,2.275,1.025));
#10534 = DIRECTION('',(-1.,-2.22044604925E-16,0.));
#10535 = DIRECTION('',(2.22044604925E-16,-1.,0.));
#10536 = ADVANCED_FACE('',(#10537),#10562,.F.);
#10537 = FACE_BOUND('',#10538,.F.);
#10538 = EDGE_LOOP('',(#10539,#10547,#10548,#10556));
#10539 = ORIENTED_EDGE('',*,*,#10540,.F.);
#10540 = EDGE_CURVE('',#10105,#10541,#10543,.T.);
#10541 = VERTEX_POINT('',#10542);
#10542 = CARTESIAN_POINT('',(2.25,0.84,0.825));
#10543 = LINE('',#10544,#10545);
#10544 = CARTESIAN_POINT('',(1.8,0.84,0.825));
#10545 = VECTOR('',#10546,1.);
#10546 = DIRECTION('',(1.,2.22044604925E-16,0.));
#10547 = ORIENTED_EDGE('',*,*,#10104,.T.);
#10548 = ORIENTED_EDGE('',*,*,#10549,.T.);
#10549 = EDGE_CURVE('',#10097,#10550,#10552,.T.);
#10550 = VERTEX_POINT('',#10551);
#10551 = CARTESIAN_POINT('',(2.25,0.43,0.825));
#10552 = LINE('',#10553,#10554);
#10553 = CARTESIAN_POINT('',(1.8,0.43,0.825));
#10554 = VECTOR('',#10555,1.);
#10555 = DIRECTION('',(1.,2.22044604925E-16,0.));
#10556 = ORIENTED_EDGE('',*,*,#10557,.F.);
#10557 = EDGE_CURVE('',#10541,#10550,#10558,.T.);
#10558 = LINE('',#10559,#10560);
#10559 = CARTESIAN_POINT('',(2.25,0.84,0.825));
#10560 = VECTOR('',#10561,1.);
#10561 = DIRECTION('',(2.22044604925E-16,-1.,0.));
#10562 = PLANE('',#10563);
#10563 = AXIS2_PLACEMENT_3D('',#10564,#10565,#10566);
#10564 = CARTESIAN_POINT('',(1.8,0.84,0.825));
#10565 = DIRECTION('',(0.,0.,1.));
#10566 = DIRECTION('',(1.,2.22044604925E-16,-0.));
#10567 = ADVANCED_FACE('',(#10568),#10593,.F.);
#10568 = FACE_BOUND('',#10569,.F.);
#10569 = EDGE_LOOP('',(#10570,#10578,#10579,#10587));
#10570 = ORIENTED_EDGE('',*,*,#10571,.F.);
#10571 = EDGE_CURVE('',#10089,#10572,#10574,.T.);
#10572 = VERTEX_POINT('',#10573);
#10573 = CARTESIAN_POINT('',(2.25,-0.43,0.825));
#10574 = LINE('',#10575,#10576);
#10575 = CARTESIAN_POINT('',(1.8,-0.43,0.825));
#10576 = VECTOR('',#10577,1.);
#10577 = DIRECTION('',(1.,2.22044604925E-16,0.));
#10578 = ORIENTED_EDGE('',*,*,#10088,.T.);
#10579 = ORIENTED_EDGE('',*,*,#10580,.T.);
#10580 = EDGE_CURVE('',#10081,#10581,#10583,.T.);
#10581 = VERTEX_POINT('',#10582);
#10582 = CARTESIAN_POINT('',(2.25,-0.84,0.825));
#10583 = LINE('',#10584,#10585);
#10584 = CARTESIAN_POINT('',(1.8,-0.84,0.825));
#10585 = VECTOR('',#10586,1.);
#10586 = DIRECTION('',(1.,2.22044604925E-16,0.));
#10587 = ORIENTED_EDGE('',*,*,#10588,.F.);
#10588 = EDGE_CURVE('',#10572,#10581,#10589,.T.);
#10589 = LINE('',#10590,#10591);
#10590 = CARTESIAN_POINT('',(2.25,-0.43,0.825));
#10591 = VECTOR('',#10592,1.);
#10592 = DIRECTION('',(2.22044604925E-16,-1.,0.));
#10593 = PLANE('',#10594);
#10594 = AXIS2_PLACEMENT_3D('',#10595,#10596,#10597);
#10595 = CARTESIAN_POINT('',(1.8,-0.43,0.825));
#10596 = DIRECTION('',(0.,0.,1.));
#10597 = DIRECTION('',(1.,2.22044604925E-16,-0.));
#10598 = ADVANCED_FACE('',(#10599),#10624,.F.);
#10599 = FACE_BOUND('',#10600,.F.);
#10600 = EDGE_LOOP('',(#10601,#10609,#10610,#10618));
#10601 = ORIENTED_EDGE('',*,*,#10602,.F.);
#10602 = EDGE_CURVE('',#10097,#10603,#10605,.T.);
#10603 = VERTEX_POINT('',#10604);
#10604 = CARTESIAN_POINT('',(1.95,0.43,1.025));
#10605 = LINE('',#10606,#10607);
#10606 = CARTESIAN_POINT('',(1.95,0.43,0.778829828783));
#10607 = VECTOR('',#10608,1.);
#10608 = DIRECTION('',(0.,0.,1.));
#10609 = ORIENTED_EDGE('',*,*,#10096,.T.);
#10610 = ORIENTED_EDGE('',*,*,#10611,.T.);
#10611 = EDGE_CURVE('',#10089,#10612,#10614,.T.);
#10612 = VERTEX_POINT('',#10613);
#10613 = CARTESIAN_POINT('',(1.95,-0.43,1.025));
#10614 = LINE('',#10615,#10616);
#10615 = CARTESIAN_POINT('',(1.95,-0.43,0.778829828783));
#10616 = VECTOR('',#10617,1.);
#10617 = DIRECTION('',(0.,0.,1.));
#10618 = ORIENTED_EDGE('',*,*,#10619,.F.);
#10619 = EDGE_CURVE('',#10603,#10612,#10620,.T.);
#10620 = LINE('',#10621,#10622);
#10621 = CARTESIAN_POINT('',(1.95,2.275,1.025));
#10622 = VECTOR('',#10623,1.);
#10623 = DIRECTION('',(2.22044604925E-16,-1.,0.));
#10624 = PLANE('',#10625);
#10625 = AXIS2_PLACEMENT_3D('',#10626,#10627,#10628);
#10626 = CARTESIAN_POINT('',(1.95,2.275,1.025));
#10627 = DIRECTION('',(-1.,-2.22044604925E-16,0.));
#10628 = DIRECTION('',(2.22044604925E-16,-1.,0.));
#10629 = ADVANCED_FACE('',(#10630),#10647,.F.);
#10630 = FACE_BOUND('',#10631,.F.);
#10631 = EDGE_LOOP('',(#10632,#10633,#10634,#10642));
#10632 = ORIENTED_EDGE('',*,*,#10404,.T.);
#10633 = ORIENTED_EDGE('',*,*,#10157,.T.);
#10634 = ORIENTED_EDGE('',*,*,#10635,.F.);
#10635 = EDGE_CURVE('',#10636,#10158,#10638,.T.);
#10636 = VERTEX_POINT('',#10637);
#10637 = CARTESIAN_POINT('',(1.775,2.45,1.025));
#10638 = LINE('',#10639,#10640);
#10639 = CARTESIAN_POINT('',(1.775,2.45,1.025));
#10640 = VECTOR('',#10641,1.);
#10641 = DIRECTION('',(0.707106781187,-0.707106781187,0.));
#10642 = ORIENTED_EDGE('',*,*,#10643,.F.);
#10643 = EDGE_CURVE('',#10405,#10636,#10644,.T.);
#10644 = B_SPLINE_CURVE_WITH_KNOTS('',1,(#10645,#10646),.UNSPECIFIED.,
  .F.,.F.,(2,2),(0.,1.),.PIECEWISE_BEZIER_KNOTS.);
#10645 = CARTESIAN_POINT('',(1.775,2.45,0.825));
#10646 = CARTESIAN_POINT('',(1.775,2.45,1.025));
#10647 = PLANE('',#10648);
#10648 = AXIS2_PLACEMENT_3D('',#10649,#10650,#10651);
#10649 = CARTESIAN_POINT('',(1.775,2.45,1.025));
#10650 = DIRECTION('',(-0.707106781187,-0.707106781187,0.));
#10651 = DIRECTION('',(0.707106781187,-0.707106781187,0.));
#10652 = ADVANCED_FACE('',(#10653),#10670,.F.);
#10653 = FACE_BOUND('',#10654,.F.);
#10654 = EDGE_LOOP('',(#10655,#10662,#10663,#10664));
#10655 = ORIENTED_EDGE('',*,*,#10656,.F.);
#10656 = EDGE_CURVE('',#10158,#10657,#10659,.T.);
#10657 = VERTEX_POINT('',#10658);
#10658 = CARTESIAN_POINT('',(1.875,2.2375,1.025));
#10659 = B_SPLINE_CURVE_WITH_KNOTS('',1,(#10660,#10661),.UNSPECIFIED.,
  .F.,.F.,(2,2),(0.,1.),.PIECEWISE_BEZIER_KNOTS.);
#10660 = CARTESIAN_POINT('',(1.95,2.275,1.025));
#10661 = CARTESIAN_POINT('',(1.875,2.2375,1.025));
#10662 = ORIENTED_EDGE('',*,*,#10166,.T.);
#10663 = ORIENTED_EDGE('',*,*,#10204,.T.);
#10664 = ORIENTED_EDGE('',*,*,#10665,.F.);
#10665 = EDGE_CURVE('',#10657,#10197,#10666,.T.);
#10666 = LINE('',#10667,#10668);
#10667 = CARTESIAN_POINT('',(1.875,2.2375,1.025));
#10668 = VECTOR('',#10669,1.);
#10669 = DIRECTION('',(2.22044604925E-16,-1.,0.));
#10670 = B_SPLINE_SURFACE_WITH_KNOTS('',1,1,(
    (#10671,#10672)
    ,(#10673,#10674
    )),.UNSPECIFIED.,.F.,.F.,.F.,(2,2),(2,2),(0.,4.55),(0.,1.),
  .PIECEWISE_BEZIER_KNOTS.);
#10671 = CARTESIAN_POINT('',(1.95,2.275,1.025));
#10672 = CARTESIAN_POINT('',(1.875,2.2375,1.025));
#10673 = CARTESIAN_POINT('',(1.95,-2.275,1.025));
#10674 = CARTESIAN_POINT('',(1.875,-2.2375,1.025));
#10675 = ADVANCED_FACE('',(#10676),#10756,.F.);
#10676 = FACE_BOUND('',#10677,.F.);
#10677 = EDGE_LOOP('',(#10678,#10679,#10680,#10688,#10696,#10704,#10712,
    #10720,#10728,#10736,#10743,#10751));
#10678 = ORIENTED_EDGE('',*,*,#10665,.T.);
#10679 = ORIENTED_EDGE('',*,*,#10196,.T.);
#10680 = ORIENTED_EDGE('',*,*,#10681,.T.);
#10681 = EDGE_CURVE('',#10189,#10682,#10684,.T.);
#10682 = VERTEX_POINT('',#10683);
#10683 = CARTESIAN_POINT('',(1.875,0.84,1.025));
#10684 = LINE('',#10685,#10686);
#10685 = CARTESIAN_POINT('',(1.875,2.2375,1.025));
#10686 = VECTOR('',#10687,1.);
#10687 = DIRECTION('',(2.22044604925E-16,-1.,0.));
#10688 = ORIENTED_EDGE('',*,*,#10689,.T.);
#10689 = EDGE_CURVE('',#10682,#10690,#10692,.T.);
#10690 = VERTEX_POINT('',#10691);
#10691 = CARTESIAN_POINT('',(1.875,0.43,1.025));
#10692 = LINE('',#10693,#10694);
#10693 = CARTESIAN_POINT('',(1.875,2.2375,1.025));
#10694 = VECTOR('',#10695,1.);
#10695 = DIRECTION('',(2.22044604925E-16,-1.,0.));
#10696 = ORIENTED_EDGE('',*,*,#10697,.T.);
#10697 = EDGE_CURVE('',#10690,#10698,#10700,.T.);
#10698 = VERTEX_POINT('',#10699);
#10699 = CARTESIAN_POINT('',(1.875,-0.43,1.025));
#10700 = LINE('',#10701,#10702);
#10701 = CARTESIAN_POINT('',(1.875,2.2375,1.025));
#10702 = VECTOR('',#10703,1.);
#10703 = DIRECTION('',(2.22044604925E-16,-1.,0.));
#10704 = ORIENTED_EDGE('',*,*,#10705,.T.);
#10705 = EDGE_CURVE('',#10698,#10706,#10708,.T.);
#10706 = VERTEX_POINT('',#10707);
#10707 = CARTESIAN_POINT('',(1.875,-0.84,1.025));
#10708 = LINE('',#10709,#10710);
#10709 = CARTESIAN_POINT('',(1.875,2.2375,1.025));
#10710 = VECTOR('',#10711,1.);
#10711 = DIRECTION('',(2.22044604925E-16,-1.,0.));
#10712 = ORIENTED_EDGE('',*,*,#10713,.T.);
#10713 = EDGE_CURVE('',#10706,#10714,#10716,.T.);
#10714 = VERTEX_POINT('',#10715);
#10715 = CARTESIAN_POINT('',(1.875,-1.7,1.025));
#10716 = LINE('',#10717,#10718);
#10717 = CARTESIAN_POINT('',(1.875,2.2375,1.025));
#10718 = VECTOR('',#10719,1.);
#10719 = DIRECTION('',(2.22044604925E-16,-1.,0.));
#10720 = ORIENTED_EDGE('',*,*,#10721,.T.);
#10721 = EDGE_CURVE('',#10714,#10722,#10724,.T.);
#10722 = VERTEX_POINT('',#10723);
#10723 = CARTESIAN_POINT('',(1.875,-2.11,1.025));
#10724 = LINE('',#10725,#10726);
#10725 = CARTESIAN_POINT('',(1.875,2.2375,1.025));
#10726 = VECTOR('',#10727,1.);
#10727 = DIRECTION('',(2.22044604925E-16,-1.,0.));
#10728 = ORIENTED_EDGE('',*,*,#10729,.T.);
#10729 = EDGE_CURVE('',#10722,#10730,#10732,.T.);
#10730 = VERTEX_POINT('',#10731);
#10731 = CARTESIAN_POINT('',(1.875,-2.2375,1.025));
#10732 = LINE('',#10733,#10734);
#10733 = CARTESIAN_POINT('',(1.875,2.2375,1.025));
#10734 = VECTOR('',#10735,1.);
#10735 = DIRECTION('',(2.22044604925E-16,-1.,0.));
#10736 = ORIENTED_EDGE('',*,*,#10737,.T.);
#10737 = EDGE_CURVE('',#10730,#10738,#10740,.T.);
#10738 = VERTEX_POINT('',#10739);
#10739 = CARTESIAN_POINT('',(1.760171280765,-2.180085640382,1.75));
#10740 = B_SPLINE_CURVE_WITH_KNOTS('',1,(#10741,#10742),.UNSPECIFIED.,
  .F.,.F.,(2,2),(0.,1.),.PIECEWISE_BEZIER_KNOTS.);
#10741 = CARTESIAN_POINT('',(1.875,-2.2375,1.025));
#10742 = CARTESIAN_POINT('',(1.760171280765,-2.180085640382,1.75));
#10743 = ORIENTED_EDGE('',*,*,#10744,.F.);
#10744 = EDGE_CURVE('',#10745,#10738,#10747,.T.);
#10745 = VERTEX_POINT('',#10746);
#10746 = CARTESIAN_POINT('',(1.760171280765,2.180085640382,1.75));
#10747 = LINE('',#10748,#10749);
#10748 = CARTESIAN_POINT('',(1.760171280765,2.180085640382,1.75));
#10749 = VECTOR('',#10750,1.);
#10750 = DIRECTION('',(2.22044604925E-16,-1.,0.));
#10751 = ORIENTED_EDGE('',*,*,#10752,.F.);
#10752 = EDGE_CURVE('',#10657,#10745,#10753,.T.);
#10753 = B_SPLINE_CURVE_WITH_KNOTS('',1,(#10754,#10755),.UNSPECIFIED.,
  .F.,.F.,(2,2),(0.,1.),.PIECEWISE_BEZIER_KNOTS.);
#10754 = CARTESIAN_POINT('',(1.875,2.2375,1.025));
#10755 = CARTESIAN_POINT('',(1.760171280765,2.180085640382,1.75));
#10756 = B_SPLINE_SURFACE_WITH_KNOTS('',1,1,(
    (#10757,#10758)
    ,(#10759,#10760
    )),.UNSPECIFIED.,.F.,.F.,.F.,(2,2),(2,2),(0.,4.475),(0.,1.),
  .PIECEWISE_BEZIER_KNOTS.);
#10757 = CARTESIAN_POINT('',(1.875,2.2375,1.025));
#10758 = CARTESIAN_POINT('',(1.760171280765,2.180085640382,1.75));
#10759 = CARTESIAN_POINT('',(1.875,-2.2375,1.025));
#10760 = CARTESIAN_POINT('',(1.760171280765,-2.180085640382,1.75));
#10761 = ADVANCED_FACE('',(#10762),#10773,.F.);
#10762 = FACE_BOUND('',#10763,.F.);
#10763 = EDGE_LOOP('',(#10764,#10765,#10766,#10772));
#10764 = ORIENTED_EDGE('',*,*,#10188,.F.);
#10765 = ORIENTED_EDGE('',*,*,#10325,.T.);
#10766 = ORIENTED_EDGE('',*,*,#10767,.T.);
#10767 = EDGE_CURVE('',#10318,#10682,#10768,.T.);
#10768 = LINE('',#10769,#10770);
#10769 = CARTESIAN_POINT('',(2.25,0.84,1.025));
#10770 = VECTOR('',#10771,1.);
#10771 = DIRECTION('',(-1.,-2.22044604925E-16,0.));
#10772 = ORIENTED_EDGE('',*,*,#10681,.F.);
#10773 = B_SPLINE_SURFACE_WITH_KNOTS('',1,1,(
    (#10774,#10775)
    ,(#10776,#10777
    )),.UNSPECIFIED.,.F.,.F.,.F.,(2,2),(2,2),(0.,4.55),(0.,1.),
  .PIECEWISE_BEZIER_KNOTS.);
#10774 = CARTESIAN_POINT('',(1.95,2.275,1.025));
#10775 = CARTESIAN_POINT('',(1.875,2.2375,1.025));
#10776 = CARTESIAN_POINT('',(1.95,-2.275,1.025));
#10777 = CARTESIAN_POINT('',(1.875,-2.2375,1.025));
#10778 = ADVANCED_FACE('',(#10779),#10865,.F.);
#10779 = FACE_BOUND('',#10780,.F.);
#10780 = EDGE_LOOP('',(#10781,#10782,#10783,#10792,#10800,#10809,#10817,
    #10825,#10833,#10842,#10850,#10859));
#10781 = ORIENTED_EDGE('',*,*,#10317,.F.);
#10782 = ORIENTED_EDGE('',*,*,#10540,.T.);
#10783 = ORIENTED_EDGE('',*,*,#10784,.T.);
#10784 = EDGE_CURVE('',#10541,#10785,#10787,.T.);
#10785 = VERTEX_POINT('',#10786);
#10786 = CARTESIAN_POINT('',(2.35,0.84,0.725));
#10787 = CIRCLE('',#10788,0.1);
#10788 = AXIS2_PLACEMENT_3D('',#10789,#10790,#10791);
#10789 = CARTESIAN_POINT('',(2.25,0.84,0.725));
#10790 = DIRECTION('',(-2.22044604925E-16,1.,4.379057699844E-47));
#10791 = DIRECTION('',(4.440892098501E-15,9.860761315262E-31,1.));
#10792 = ORIENTED_EDGE('',*,*,#10793,.T.);
#10793 = EDGE_CURVE('',#10785,#10794,#10796,.T.);
#10794 = VERTEX_POINT('',#10795);
#10795 = CARTESIAN_POINT('',(2.35,0.84,0.3));
#10796 = LINE('',#10797,#10798);
#10797 = CARTESIAN_POINT('',(2.35,0.84,0.725));
#10798 = VECTOR('',#10799,1.);
#10799 = DIRECTION('',(1.044915787883E-15,2.320179133003E-31,-1.));
#10800 = ORIENTED_EDGE('',*,*,#10801,.T.);
#10801 = EDGE_CURVE('',#10794,#10802,#10804,.T.);
#10802 = VERTEX_POINT('',#10803);
#10803 = CARTESIAN_POINT('',(2.65,0.84,5.551115123126E-17));
#10804 = CIRCLE('',#10805,0.3);
#10805 = AXIS2_PLACEMENT_3D('',#10806,#10807,#10808);
#10806 = CARTESIAN_POINT('',(2.65,0.84,0.3));
#10807 = DIRECTION('',(2.22044604925E-16,-1.,0.));
#10808 = DIRECTION('',(-1.,-2.22044604925E-16,3.515706244646E-15));
#10809 = ORIENTED_EDGE('',*,*,#10810,.T.);
#10810 = EDGE_CURVE('',#10802,#10811,#10813,.T.);
#10811 = VERTEX_POINT('',#10812);
#10812 = CARTESIAN_POINT('',(3.,0.84,5.551115123126E-17));
#10813 = LINE('',#10814,#10815);
#10814 = CARTESIAN_POINT('',(2.65,0.84,5.551115123126E-17));
#10815 = VECTOR('',#10816,1.);
#10816 = DIRECTION('',(1.,2.22044604925E-16,0.));
#10817 = ORIENTED_EDGE('',*,*,#10818,.T.);
#10818 = EDGE_CURVE('',#10811,#10819,#10821,.T.);
#10819 = VERTEX_POINT('',#10820);
#10820 = CARTESIAN_POINT('',(3.,0.84,0.2));
#10821 = LINE('',#10822,#10823);
#10822 = CARTESIAN_POINT('',(3.,0.84,5.551115123126E-17));
#10823 = VECTOR('',#10824,1.);
#10824 = DIRECTION('',(0.,0.,1.));
#10825 = ORIENTED_EDGE('',*,*,#10826,.T.);
#10826 = EDGE_CURVE('',#10819,#10827,#10829,.T.);
#10827 = VERTEX_POINT('',#10828);
#10828 = CARTESIAN_POINT('',(2.65,0.84,0.2));
#10829 = LINE('',#10830,#10831);
#10830 = CARTESIAN_POINT('',(3.,0.84,0.2));
#10831 = VECTOR('',#10832,1.);
#10832 = DIRECTION('',(-1.,-2.22044604925E-16,0.));
#10833 = ORIENTED_EDGE('',*,*,#10834,.T.);
#10834 = EDGE_CURVE('',#10827,#10835,#10837,.T.);
#10835 = VERTEX_POINT('',#10836);
#10836 = CARTESIAN_POINT('',(2.55,0.84,0.3));
#10837 = CIRCLE('',#10838,0.1);
#10838 = AXIS2_PLACEMENT_3D('',#10839,#10840,#10841);
#10839 = CARTESIAN_POINT('',(2.65,0.84,0.3));
#10840 = DIRECTION('',(-2.22044604925E-16,1.,0.));
#10841 = DIRECTION('',(0.,0.,-1.));
#10842 = ORIENTED_EDGE('',*,*,#10843,.T.);
#10843 = EDGE_CURVE('',#10835,#10844,#10846,.T.);
#10844 = VERTEX_POINT('',#10845);
#10845 = CARTESIAN_POINT('',(2.55,0.84,0.725));
#10846 = LINE('',#10847,#10848);
#10847 = CARTESIAN_POINT('',(2.55,0.84,0.3));
#10848 = VECTOR('',#10849,1.);
#10849 = DIRECTION('',(0.,0.,1.));
#10850 = ORIENTED_EDGE('',*,*,#10851,.T.);
#10851 = EDGE_CURVE('',#10844,#10852,#10854,.T.);
#10852 = VERTEX_POINT('',#10853);
#10853 = CARTESIAN_POINT('',(2.25,0.84,1.025));
#10854 = CIRCLE('',#10855,0.3);
#10855 = AXIS2_PLACEMENT_3D('',#10856,#10857,#10858);
#10856 = CARTESIAN_POINT('',(2.25,0.84,0.725));
#10857 = DIRECTION('',(2.22044604925E-16,-1.,0.));
#10858 = DIRECTION('',(1.,2.22044604925E-16,3.700743415417E-16));
#10859 = ORIENTED_EDGE('',*,*,#10860,.T.);
#10860 = EDGE_CURVE('',#10852,#10318,#10861,.T.);
#10861 = LINE('',#10862,#10863);
#10862 = CARTESIAN_POINT('',(2.25,0.84,1.025));
#10863 = VECTOR('',#10864,1.);
#10864 = DIRECTION('',(-1.,-2.22044604925E-16,0.));
#10865 = PLANE('',#10866);
#10866 = AXIS2_PLACEMENT_3D('',#10867,#10868,#10869);
#10867 = CARTESIAN_POINT('',(2.41578967201,0.84,0.532659657565));
#10868 = DIRECTION('',(2.22044604925E-16,-1.,0.));
#10869 = DIRECTION('',(0.,0.,1.));
#10870 = ADVANCED_FACE('',(#10871),#10888,.F.);
#10871 = FACE_BOUND('',#10872,.F.);
#10872 = EDGE_LOOP('',(#10873,#10874,#10875,#10883));
#10873 = ORIENTED_EDGE('',*,*,#10339,.T.);
#10874 = ORIENTED_EDGE('',*,*,#10412,.T.);
#10875 = ORIENTED_EDGE('',*,*,#10876,.F.);
#10876 = EDGE_CURVE('',#10877,#10405,#10879,.T.);
#10877 = VERTEX_POINT('',#10878);
#10878 = CARTESIAN_POINT('',(-1.775,2.45,0.825));
#10879 = LINE('',#10880,#10881);
#10880 = CARTESIAN_POINT('',(-1.775,2.45,0.825));
#10881 = VECTOR('',#10882,1.);
#10882 = DIRECTION('',(1.,2.22044604925E-16,0.));
#10883 = ORIENTED_EDGE('',*,*,#10884,.F.);
#10884 = EDGE_CURVE('',#10340,#10877,#10885,.T.);
#10885 = B_SPLINE_CURVE_WITH_KNOTS('',1,(#10886,#10887),.UNSPECIFIED.,
  .F.,.F.,(2,2),(0.,1.),.PIECEWISE_BEZIER_KNOTS.);
#10886 = CARTESIAN_POINT('',(-1.717585640382,2.335171280765,0.1));
#10887 = CARTESIAN_POINT('',(-1.775,2.45,0.825));
#10888 = B_SPLINE_SURFACE_WITH_KNOTS('',1,1,(
    (#10889,#10890)
    ,(#10891,#10892
    )),.UNSPECIFIED.,.F.,.F.,.F.,(2,2),(2,2),(0.,3.55),(0.,1.),
  .PIECEWISE_BEZIER_KNOTS.);
#10889 = CARTESIAN_POINT('',(-1.717585640382,2.335171280765,0.1));
#10890 = CARTESIAN_POINT('',(-1.775,2.45,0.825));
#10891 = CARTESIAN_POINT('',(1.717585640382,2.335171280765,0.1));
#10892 = CARTESIAN_POINT('',(1.775,2.45,0.825));
#10893 = ADVANCED_FACE('',(#10894),#10911,.F.);
#10894 = FACE_BOUND('',#10895,.F.);
#10895 = EDGE_LOOP('',(#10896,#10897,#10904,#10910));
#10896 = ORIENTED_EDGE('',*,*,#10364,.T.);
#10897 = ORIENTED_EDGE('',*,*,#10898,.T.);
#10898 = EDGE_CURVE('',#10365,#10899,#10901,.T.);
#10899 = VERTEX_POINT('',#10900);
#10900 = CARTESIAN_POINT('',(-1.775,-2.45,0.825));
#10901 = B_SPLINE_CURVE_WITH_KNOTS('',1,(#10902,#10903),.UNSPECIFIED.,
  .F.,.F.,(2,2),(0.,1.),.PIECEWISE_BEZIER_KNOTS.);
#10902 = CARTESIAN_POINT('',(-1.717585640382,-2.335171280765,0.1));
#10903 = CARTESIAN_POINT('',(-1.775,-2.45,0.825));
#10904 = ORIENTED_EDGE('',*,*,#10905,.F.);
#10905 = EDGE_CURVE('',#10427,#10899,#10906,.T.);
#10906 = LINE('',#10907,#10908);
#10907 = CARTESIAN_POINT('',(1.775,-2.45,0.825));
#10908 = VECTOR('',#10909,1.);
#10909 = DIRECTION('',(-1.,-2.22044604925E-16,0.));
#10910 = ORIENTED_EDGE('',*,*,#10426,.F.);
#10911 = B_SPLINE_SURFACE_WITH_KNOTS('',1,1,(
    (#10912,#10913)
    ,(#10914,#10915
    )),.UNSPECIFIED.,.F.,.F.,.F.,(2,2),(2,2),(0.,3.55),(0.,1.),
  .PIECEWISE_BEZIER_KNOTS.);
#10912 = CARTESIAN_POINT('',(1.717585640382,-2.335171280765,0.1));
#10913 = CARTESIAN_POINT('',(1.775,-2.45,0.825));
#10914 = CARTESIAN_POINT('',(-1.717585640382,-2.335171280765,0.1));
#10915 = CARTESIAN_POINT('',(-1.775,-2.45,0.825));
#10916 = ADVANCED_FACE('',(#10917),#10934,.F.);
#10917 = FACE_BOUND('',#10918,.F.);
#10918 = EDGE_LOOP('',(#10919,#10920,#10927,#10933));
#10919 = ORIENTED_EDGE('',*,*,#10372,.T.);
#10920 = ORIENTED_EDGE('',*,*,#10921,.T.);
#10921 = EDGE_CURVE('',#10373,#10922,#10924,.T.);
#10922 = VERTEX_POINT('',#10923);
#10923 = CARTESIAN_POINT('',(-1.95,-2.275,0.825));
#10924 = B_SPLINE_CURVE_WITH_KNOTS('',1,(#10925,#10926),.UNSPECIFIED.,
  .F.,.F.,(2,2),(0.,1.),.PIECEWISE_BEZIER_KNOTS.);
#10925 = CARTESIAN_POINT('',(-1.835171280765,-2.217585640382,0.1));
#10926 = CARTESIAN_POINT('',(-1.95,-2.275,0.825));
#10927 = ORIENTED_EDGE('',*,*,#10928,.F.);
#10928 = EDGE_CURVE('',#10899,#10922,#10929,.T.);
#10929 = LINE('',#10930,#10931);
#10930 = CARTESIAN_POINT('',(-1.775,-2.45,0.825));
#10931 = VECTOR('',#10932,1.);
#10932 = DIRECTION('',(-0.707106781187,0.707106781187,0.));
#10933 = ORIENTED_EDGE('',*,*,#10898,.F.);
#10934 = B_SPLINE_SURFACE_WITH_KNOTS('',1,1,(
    (#10935,#10936)
    ,(#10937,#10938
    )),.UNSPECIFIED.,.F.,.F.,.F.,(2,2),(2,2),(0.,0.247487373415),(0.,1.)
  ,.PIECEWISE_BEZIER_KNOTS.);
#10935 = CARTESIAN_POINT('',(-1.717585640382,-2.335171280765,0.1));
#10936 = CARTESIAN_POINT('',(-1.775,-2.45,0.825));
#10937 = CARTESIAN_POINT('',(-1.835171280765,-2.217585640382,0.1));
#10938 = CARTESIAN_POINT('',(-1.95,-2.275,0.825));
#10939 = ADVANCED_FACE('',(#10940),#11021,.F.);
#10940 = FACE_BOUND('',#10941,.F.);
#10941 = EDGE_LOOP('',(#10942,#10943,#10950,#10958,#10966,#10974,#10982,
    #10990,#10998,#11006,#11014,#11020));
#10942 = ORIENTED_EDGE('',*,*,#10380,.T.);
#10943 = ORIENTED_EDGE('',*,*,#10944,.T.);
#10944 = EDGE_CURVE('',#10381,#10945,#10947,.T.);
#10945 = VERTEX_POINT('',#10946);
#10946 = CARTESIAN_POINT('',(-1.95,2.275,0.825));
#10947 = B_SPLINE_CURVE_WITH_KNOTS('',1,(#10948,#10949),.UNSPECIFIED.,
  .F.,.F.,(2,2),(0.,1.),.PIECEWISE_BEZIER_KNOTS.);
#10948 = CARTESIAN_POINT('',(-1.835171280765,2.217585640382,0.1));
#10949 = CARTESIAN_POINT('',(-1.95,2.275,0.825));
#10950 = ORIENTED_EDGE('',*,*,#10951,.F.);
#10951 = EDGE_CURVE('',#10952,#10945,#10954,.T.);
#10952 = VERTEX_POINT('',#10953);
#10953 = CARTESIAN_POINT('',(-1.95,2.11,0.825));
#10954 = LINE('',#10955,#10956);
#10955 = CARTESIAN_POINT('',(-1.95,-2.275,0.825));
#10956 = VECTOR('',#10957,1.);
#10957 = DIRECTION('',(-2.22044604925E-16,1.,0.));
#10958 = ORIENTED_EDGE('',*,*,#10959,.F.);
#10959 = EDGE_CURVE('',#10960,#10952,#10962,.T.);
#10960 = VERTEX_POINT('',#10961);
#10961 = CARTESIAN_POINT('',(-1.95,1.7,0.825));
#10962 = LINE('',#10963,#10964);
#10963 = CARTESIAN_POINT('',(-1.95,-2.275,0.825));
#10964 = VECTOR('',#10965,1.);
#10965 = DIRECTION('',(-2.22044604925E-16,1.,0.));
#10966 = ORIENTED_EDGE('',*,*,#10967,.F.);
#10967 = EDGE_CURVE('',#10968,#10960,#10970,.T.);
#10968 = VERTEX_POINT('',#10969);
#10969 = CARTESIAN_POINT('',(-1.95,0.84,0.825));
#10970 = LINE('',#10971,#10972);
#10971 = CARTESIAN_POINT('',(-1.95,-2.275,0.825));
#10972 = VECTOR('',#10973,1.);
#10973 = DIRECTION('',(-2.22044604925E-16,1.,0.));
#10974 = ORIENTED_EDGE('',*,*,#10975,.F.);
#10975 = EDGE_CURVE('',#10976,#10968,#10978,.T.);
#10976 = VERTEX_POINT('',#10977);
#10977 = CARTESIAN_POINT('',(-1.95,0.43,0.825));
#10978 = LINE('',#10979,#10980);
#10979 = CARTESIAN_POINT('',(-1.95,-2.275,0.825));
#10980 = VECTOR('',#10981,1.);
#10981 = DIRECTION('',(-2.22044604925E-16,1.,0.));
#10982 = ORIENTED_EDGE('',*,*,#10983,.F.);
#10983 = EDGE_CURVE('',#10984,#10976,#10986,.T.);
#10984 = VERTEX_POINT('',#10985);
#10985 = CARTESIAN_POINT('',(-1.95,-0.43,0.825));
#10986 = LINE('',#10987,#10988);
#10987 = CARTESIAN_POINT('',(-1.95,-2.275,0.825));
#10988 = VECTOR('',#10989,1.);
#10989 = DIRECTION('',(-2.22044604925E-16,1.,0.));
#10990 = ORIENTED_EDGE('',*,*,#10991,.F.);
#10991 = EDGE_CURVE('',#10992,#10984,#10994,.T.);
#10992 = VERTEX_POINT('',#10993);
#10993 = CARTESIAN_POINT('',(-1.95,-0.84,0.825));
#10994 = LINE('',#10995,#10996);
#10995 = CARTESIAN_POINT('',(-1.95,-2.275,0.825));
#10996 = VECTOR('',#10997,1.);
#10997 = DIRECTION('',(-2.22044604925E-16,1.,0.));
#10998 = ORIENTED_EDGE('',*,*,#10999,.F.);
#10999 = EDGE_CURVE('',#11000,#10992,#11002,.T.);
#11000 = VERTEX_POINT('',#11001);
#11001 = CARTESIAN_POINT('',(-1.95,-1.7,0.825));
#11002 = LINE('',#11003,#11004);
#11003 = CARTESIAN_POINT('',(-1.95,-2.275,0.825));
#11004 = VECTOR('',#11005,1.);
#11005 = DIRECTION('',(-2.22044604925E-16,1.,0.));
#11006 = ORIENTED_EDGE('',*,*,#11007,.F.);
#11007 = EDGE_CURVE('',#11008,#11000,#11010,.T.);
#11008 = VERTEX_POINT('',#11009);
#11009 = CARTESIAN_POINT('',(-1.95,-2.11,0.825));
#11010 = LINE('',#11011,#11012);
#11011 = CARTESIAN_POINT('',(-1.95,-2.275,0.825));
#11012 = VECTOR('',#11013,1.);
#11013 = DIRECTION('',(-2.22044604925E-16,1.,0.));
#11014 = ORIENTED_EDGE('',*,*,#11015,.F.);
#11015 = EDGE_CURVE('',#10922,#11008,#11016,.T.);
#11016 = LINE('',#11017,#11018);
#11017 = CARTESIAN_POINT('',(-1.95,-2.275,0.825));
#11018 = VECTOR('',#11019,1.);
#11019 = DIRECTION('',(-2.22044604925E-16,1.,0.));
#11020 = ORIENTED_EDGE('',*,*,#10921,.F.);
#11021 = B_SPLINE_SURFACE_WITH_KNOTS('',1,1,(
    (#11022,#11023)
    ,(#11024,#11025
    )),.UNSPECIFIED.,.F.,.F.,.F.,(2,2),(2,2),(0.,4.55),(0.,1.),
  .PIECEWISE_BEZIER_KNOTS.);
#11022 = CARTESIAN_POINT('',(-1.835171280765,-2.217585640382,0.1));
#11023 = CARTESIAN_POINT('',(-1.95,-2.275,0.825));
#11024 = CARTESIAN_POINT('',(-1.835171280765,2.217585640382,0.1));
#11025 = CARTESIAN_POINT('',(-1.95,2.275,0.825));
#11026 = ADVANCED_FACE('',(#11027),#11038,.F.);
#11027 = FACE_BOUND('',#11028,.F.);
#11028 = EDGE_LOOP('',(#11029,#11030,#11031,#11037));
#11029 = ORIENTED_EDGE('',*,*,#10388,.T.);
#11030 = ORIENTED_EDGE('',*,*,#10884,.T.);
#11031 = ORIENTED_EDGE('',*,*,#11032,.F.);
#11032 = EDGE_CURVE('',#10945,#10877,#11033,.T.);
#11033 = LINE('',#11034,#11035);
#11034 = CARTESIAN_POINT('',(-1.95,2.275,0.825));
#11035 = VECTOR('',#11036,1.);
#11036 = DIRECTION('',(0.707106781187,0.707106781187,0.));
#11037 = ORIENTED_EDGE('',*,*,#10944,.F.);
#11038 = B_SPLINE_SURFACE_WITH_KNOTS('',1,1,(
    (#11039,#11040)
    ,(#11041,#11042
    )),.UNSPECIFIED.,.F.,.F.,.F.,(2,2),(2,2),(0.,0.247487373415),(0.,1.)
  ,.PIECEWISE_BEZIER_KNOTS.);
#11039 = CARTESIAN_POINT('',(-1.835171280765,2.217585640382,0.1));
#11040 = CARTESIAN_POINT('',(-1.95,2.275,0.825));
#11041 = CARTESIAN_POINT('',(-1.717585640382,2.335171280765,0.1));
#11042 = CARTESIAN_POINT('',(-1.775,2.45,0.825));
#11043 = ADVANCED_FACE('',(#11044),#11061,.F.);
#11044 = FACE_BOUND('',#11045,.F.);
#11045 = EDGE_LOOP('',(#11046,#11047,#11054,#11060));
#11046 = ORIENTED_EDGE('',*,*,#10433,.T.);
#11047 = ORIENTED_EDGE('',*,*,#11048,.T.);
#11048 = EDGE_CURVE('',#10427,#11049,#11051,.T.);
#11049 = VERTEX_POINT('',#11050);
#11050 = CARTESIAN_POINT('',(1.775,-2.45,1.025));
#11051 = B_SPLINE_CURVE_WITH_KNOTS('',1,(#11052,#11053),.UNSPECIFIED.,
  .F.,.F.,(2,2),(0.,1.),.PIECEWISE_BEZIER_KNOTS.);
#11052 = CARTESIAN_POINT('',(1.775,-2.45,0.825));
#11053 = CARTESIAN_POINT('',(1.775,-2.45,1.025));
#11054 = ORIENTED_EDGE('',*,*,#11055,.F.);
#11055 = EDGE_CURVE('',#10458,#11049,#11056,.T.);
#11056 = LINE('',#11057,#11058);
#11057 = CARTESIAN_POINT('',(1.95,-2.275,1.025));
#11058 = VECTOR('',#11059,1.);
#11059 = DIRECTION('',(-0.707106781187,-0.707106781187,0.));
#11060 = ORIENTED_EDGE('',*,*,#10457,.F.);
#11061 = PLANE('',#11062);
#11062 = AXIS2_PLACEMENT_3D('',#11063,#11064,#11065);
#11063 = CARTESIAN_POINT('',(1.95,-2.275,1.025));
#11064 = DIRECTION('',(-0.707106781187,0.707106781187,0.));
#11065 = DIRECTION('',(-0.707106781187,-0.707106781187,0.));
#11066 = ADVANCED_FACE('',(#11067),#11153,.T.);
#11067 = FACE_BOUND('',#11068,.T.);
#11068 = EDGE_LOOP('',(#11069,#11070,#11071,#11080,#11088,#11097,#11105,
    #11113,#11121,#11130,#11138,#11147));
#11069 = ORIENTED_EDGE('',*,*,#10448,.F.);
#11070 = ORIENTED_EDGE('',*,*,#10487,.T.);
#11071 = ORIENTED_EDGE('',*,*,#11072,.T.);
#11072 = EDGE_CURVE('',#10488,#11073,#11075,.T.);
#11073 = VERTEX_POINT('',#11074);
#11074 = CARTESIAN_POINT('',(2.35,-2.11,0.725));
#11075 = CIRCLE('',#11076,0.1);
#11076 = AXIS2_PLACEMENT_3D('',#11077,#11078,#11079);
#11077 = CARTESIAN_POINT('',(2.25,-2.11,0.725));
#11078 = DIRECTION('',(-2.22044604925E-16,1.,4.379057699844E-47));
#11079 = DIRECTION('',(4.440892098501E-15,9.860761315262E-31,1.));
#11080 = ORIENTED_EDGE('',*,*,#11081,.T.);
#11081 = EDGE_CURVE('',#11073,#11082,#11084,.T.);
#11082 = VERTEX_POINT('',#11083);
#11083 = CARTESIAN_POINT('',(2.35,-2.11,0.3));
#11084 = LINE('',#11085,#11086);
#11085 = CARTESIAN_POINT('',(2.35,-2.11,0.725));
#11086 = VECTOR('',#11087,1.);
#11087 = DIRECTION('',(1.044915787883E-15,2.320179133003E-31,-1.));
#11088 = ORIENTED_EDGE('',*,*,#11089,.T.);
#11089 = EDGE_CURVE('',#11082,#11090,#11092,.T.);
#11090 = VERTEX_POINT('',#11091);
#11091 = CARTESIAN_POINT('',(2.65,-2.11,5.551115123126E-17));
#11092 = CIRCLE('',#11093,0.3);
#11093 = AXIS2_PLACEMENT_3D('',#11094,#11095,#11096);
#11094 = CARTESIAN_POINT('',(2.65,-2.11,0.3));
#11095 = DIRECTION('',(2.22044604925E-16,-1.,0.));
#11096 = DIRECTION('',(-1.,-2.22044604925E-16,3.515706244646E-15));
#11097 = ORIENTED_EDGE('',*,*,#11098,.T.);
#11098 = EDGE_CURVE('',#11090,#11099,#11101,.T.);
#11099 = VERTEX_POINT('',#11100);
#11100 = CARTESIAN_POINT('',(3.,-2.11,5.551115123126E-17));
#11101 = LINE('',#11102,#11103);
#11102 = CARTESIAN_POINT('',(2.65,-2.11,5.551115123126E-17));
#11103 = VECTOR('',#11104,1.);
#11104 = DIRECTION('',(1.,2.22044604925E-16,0.));
#11105 = ORIENTED_EDGE('',*,*,#11106,.T.);
#11106 = EDGE_CURVE('',#11099,#11107,#11109,.T.);
#11107 = VERTEX_POINT('',#11108);
#11108 = CARTESIAN_POINT('',(3.,-2.11,0.2));
#11109 = LINE('',#11110,#11111);
#11110 = CARTESIAN_POINT('',(3.,-2.11,5.551115123126E-17));
#11111 = VECTOR('',#11112,1.);
#11112 = DIRECTION('',(0.,0.,1.));
#11113 = ORIENTED_EDGE('',*,*,#11114,.T.);
#11114 = EDGE_CURVE('',#11107,#11115,#11117,.T.);
#11115 = VERTEX_POINT('',#11116);
#11116 = CARTESIAN_POINT('',(2.65,-2.11,0.2));
#11117 = LINE('',#11118,#11119);
#11118 = CARTESIAN_POINT('',(3.,-2.11,0.2));
#11119 = VECTOR('',#11120,1.);
#11120 = DIRECTION('',(-1.,-2.22044604925E-16,0.));
#11121 = ORIENTED_EDGE('',*,*,#11122,.T.);
#11122 = EDGE_CURVE('',#11115,#11123,#11125,.T.);
#11123 = VERTEX_POINT('',#11124);
#11124 = CARTESIAN_POINT('',(2.55,-2.11,0.3));
#11125 = CIRCLE('',#11126,0.1);
#11126 = AXIS2_PLACEMENT_3D('',#11127,#11128,#11129);
#11127 = CARTESIAN_POINT('',(2.65,-2.11,0.3));
#11128 = DIRECTION('',(-2.22044604925E-16,1.,0.));
#11129 = DIRECTION('',(0.,0.,-1.));
#11130 = ORIENTED_EDGE('',*,*,#11131,.T.);
#11131 = EDGE_CURVE('',#11123,#11132,#11134,.T.);
#11132 = VERTEX_POINT('',#11133);
#11133 = CARTESIAN_POINT('',(2.55,-2.11,0.725));
#11134 = LINE('',#11135,#11136);
#11135 = CARTESIAN_POINT('',(2.55,-2.11,0.3));
#11136 = VECTOR('',#11137,1.);
#11137 = DIRECTION('',(0.,0.,1.));
#11138 = ORIENTED_EDGE('',*,*,#11139,.T.);
#11139 = EDGE_CURVE('',#11132,#11140,#11142,.T.);
#11140 = VERTEX_POINT('',#11141);
#11141 = CARTESIAN_POINT('',(2.25,-2.11,1.025));
#11142 = CIRCLE('',#11143,0.3);
#11143 = AXIS2_PLACEMENT_3D('',#11144,#11145,#11146);
#11144 = CARTESIAN_POINT('',(2.25,-2.11,0.725));
#11145 = DIRECTION('',(2.22044604925E-16,-1.,0.));
#11146 = DIRECTION('',(1.,2.22044604925E-16,3.700743415417E-16));
#11147 = ORIENTED_EDGE('',*,*,#11148,.T.);
#11148 = EDGE_CURVE('',#11140,#10449,#11149,.T.);
#11149 = LINE('',#11150,#11151);
#11150 = CARTESIAN_POINT('',(2.25,-2.11,1.025));
#11151 = VECTOR('',#11152,1.);
#11152 = DIRECTION('',(-1.,-2.22044604925E-16,0.));
#11153 = PLANE('',#11154);
#11154 = AXIS2_PLACEMENT_3D('',#11155,#11156,#11157);
#11155 = CARTESIAN_POINT('',(2.41578967201,-2.11,0.532659657565));
#11156 = DIRECTION('',(2.22044604925E-16,-1.,0.));
#11157 = DIRECTION('',(0.,0.,1.));
#11158 = ADVANCED_FACE('',(#11159),#11174,.F.);
#11159 = FACE_BOUND('',#11160,.F.);
#11160 = EDGE_LOOP('',(#11161,#11167,#11168,#11173));
#11161 = ORIENTED_EDGE('',*,*,#11162,.F.);
#11162 = EDGE_CURVE('',#10449,#10722,#11163,.T.);
#11163 = LINE('',#11164,#11165);
#11164 = CARTESIAN_POINT('',(2.25,-2.11,1.025));
#11165 = VECTOR('',#11166,1.);
#11166 = DIRECTION('',(-1.,-2.22044604925E-16,0.));
#11167 = ORIENTED_EDGE('',*,*,#10464,.T.);
#11168 = ORIENTED_EDGE('',*,*,#11169,.T.);
#11169 = EDGE_CURVE('',#10458,#10730,#11170,.T.);
#11170 = B_SPLINE_CURVE_WITH_KNOTS('',1,(#11171,#11172),.UNSPECIFIED.,
  .F.,.F.,(2,2),(0.,1.),.PIECEWISE_BEZIER_KNOTS.);
#11171 = CARTESIAN_POINT('',(1.95,-2.275,1.025));
#11172 = CARTESIAN_POINT('',(1.875,-2.2375,1.025));
#11173 = ORIENTED_EDGE('',*,*,#10729,.F.);
#11174 = B_SPLINE_SURFACE_WITH_KNOTS('',1,1,(
    (#11175,#11176)
    ,(#11177,#11178
    )),.UNSPECIFIED.,.F.,.F.,.F.,(2,2),(2,2),(0.,4.55),(0.,1.),
  .PIECEWISE_BEZIER_KNOTS.);
#11175 = CARTESIAN_POINT('',(1.95,2.275,1.025));
#11176 = CARTESIAN_POINT('',(1.875,2.2375,1.025));
#11177 = CARTESIAN_POINT('',(1.95,-2.275,1.025));
#11178 = CARTESIAN_POINT('',(1.875,-2.2375,1.025));
#11179 = ADVANCED_FACE('',(#11180),#11266,.F.);
#11180 = FACE_BOUND('',#11181,.F.);
#11181 = EDGE_LOOP('',(#11182,#11183,#11184,#11193,#11201,#11210,#11218,
    #11226,#11234,#11243,#11251,#11260));
#11182 = ORIENTED_EDGE('',*,*,#10518,.F.);
#11183 = ORIENTED_EDGE('',*,*,#10478,.T.);
#11184 = ORIENTED_EDGE('',*,*,#11185,.T.);
#11185 = EDGE_CURVE('',#10479,#11186,#11188,.T.);
#11186 = VERTEX_POINT('',#11187);
#11187 = CARTESIAN_POINT('',(2.35,-1.7,0.725));
#11188 = CIRCLE('',#11189,0.1);
#11189 = AXIS2_PLACEMENT_3D('',#11190,#11191,#11192);
#11190 = CARTESIAN_POINT('',(2.25,-1.7,0.725));
#11191 = DIRECTION('',(-2.22044604925E-16,1.,4.379057699844E-47));
#11192 = DIRECTION('',(4.440892098501E-15,9.860761315262E-31,1.));
#11193 = ORIENTED_EDGE('',*,*,#11194,.T.);
#11194 = EDGE_CURVE('',#11186,#11195,#11197,.T.);
#11195 = VERTEX_POINT('',#11196);
#11196 = CARTESIAN_POINT('',(2.35,-1.7,0.3));
#11197 = LINE('',#11198,#11199);
#11198 = CARTESIAN_POINT('',(2.35,-1.7,0.725));
#11199 = VECTOR('',#11200,1.);
#11200 = DIRECTION('',(1.044915787883E-15,2.320179133003E-31,-1.));
#11201 = ORIENTED_EDGE('',*,*,#11202,.T.);
#11202 = EDGE_CURVE('',#11195,#11203,#11205,.T.);
#11203 = VERTEX_POINT('',#11204);
#11204 = CARTESIAN_POINT('',(2.65,-1.7,5.551115123126E-17));
#11205 = CIRCLE('',#11206,0.3);
#11206 = AXIS2_PLACEMENT_3D('',#11207,#11208,#11209);
#11207 = CARTESIAN_POINT('',(2.65,-1.7,0.3));
#11208 = DIRECTION('',(2.22044604925E-16,-1.,0.));
#11209 = DIRECTION('',(-1.,-2.22044604925E-16,3.515706244646E-15));
#11210 = ORIENTED_EDGE('',*,*,#11211,.T.);
#11211 = EDGE_CURVE('',#11203,#11212,#11214,.T.);
#11212 = VERTEX_POINT('',#11213);
#11213 = CARTESIAN_POINT('',(3.,-1.7,5.551115123126E-17));
#11214 = LINE('',#11215,#11216);
#11215 = CARTESIAN_POINT('',(2.65,-1.7,5.551115123126E-17));
#11216 = VECTOR('',#11217,1.);
#11217 = DIRECTION('',(1.,2.22044604925E-16,0.));
#11218 = ORIENTED_EDGE('',*,*,#11219,.T.);
#11219 = EDGE_CURVE('',#11212,#11220,#11222,.T.);
#11220 = VERTEX_POINT('',#11221);
#11221 = CARTESIAN_POINT('',(3.,-1.7,0.2));
#11222 = LINE('',#11223,#11224);
#11223 = CARTESIAN_POINT('',(3.,-1.7,5.551115123126E-17));
#11224 = VECTOR('',#11225,1.);
#11225 = DIRECTION('',(0.,0.,1.));
#11226 = ORIENTED_EDGE('',*,*,#11227,.T.);
#11227 = EDGE_CURVE('',#11220,#11228,#11230,.T.);
#11228 = VERTEX_POINT('',#11229);
#11229 = CARTESIAN_POINT('',(2.65,-1.7,0.2));
#11230 = LINE('',#11231,#11232);
#11231 = CARTESIAN_POINT('',(3.,-1.7,0.2));
#11232 = VECTOR('',#11233,1.);
#11233 = DIRECTION('',(-1.,-2.22044604925E-16,0.));
#11234 = ORIENTED_EDGE('',*,*,#11235,.T.);
#11235 = EDGE_CURVE('',#11228,#11236,#11238,.T.);
#11236 = VERTEX_POINT('',#11237);
#11237 = CARTESIAN_POINT('',(2.55,-1.7,0.3));
#11238 = CIRCLE('',#11239,0.1);
#11239 = AXIS2_PLACEMENT_3D('',#11240,#11241,#11242);
#11240 = CARTESIAN_POINT('',(2.65,-1.7,0.3));
#11241 = DIRECTION('',(-2.22044604925E-16,1.,0.));
#11242 = DIRECTION('',(0.,0.,-1.));
#11243 = ORIENTED_EDGE('',*,*,#11244,.T.);
#11244 = EDGE_CURVE('',#11236,#11245,#11247,.T.);
#11245 = VERTEX_POINT('',#11246);
#11246 = CARTESIAN_POINT('',(2.55,-1.7,0.725));
#11247 = LINE('',#11248,#11249);
#11248 = CARTESIAN_POINT('',(2.55,-1.7,0.3));
#11249 = VECTOR('',#11250,1.);
#11250 = DIRECTION('',(0.,0.,1.));
#11251 = ORIENTED_EDGE('',*,*,#11252,.T.);
#11252 = EDGE_CURVE('',#11245,#11253,#11255,.T.);
#11253 = VERTEX_POINT('',#11254);
#11254 = CARTESIAN_POINT('',(2.25,-1.7,1.025));
#11255 = CIRCLE('',#11256,0.3);
#11256 = AXIS2_PLACEMENT_3D('',#11257,#11258,#11259);
#11257 = CARTESIAN_POINT('',(2.25,-1.7,0.725));
#11258 = DIRECTION('',(2.22044604925E-16,-1.,0.));
#11259 = DIRECTION('',(1.,2.22044604925E-16,3.700743415417E-16));
#11260 = ORIENTED_EDGE('',*,*,#11261,.T.);
#11261 = EDGE_CURVE('',#11253,#10519,#11262,.T.);
#11262 = LINE('',#11263,#11264);
#11263 = CARTESIAN_POINT('',(2.25,-1.7,1.025));
#11264 = VECTOR('',#11265,1.);
#11265 = DIRECTION('',(-1.,-2.22044604925E-16,0.));
#11266 = PLANE('',#11267);
#11267 = AXIS2_PLACEMENT_3D('',#11268,#11269,#11270);
#11268 = CARTESIAN_POINT('',(2.41578967201,-1.7,0.532659657565));
#11269 = DIRECTION('',(2.22044604925E-16,-1.,0.));
#11270 = DIRECTION('',(0.,0.,1.));
#11271 = ADVANCED_FACE('',(#11272),#11283,.F.);
#11272 = FACE_BOUND('',#11273,.F.);
#11273 = EDGE_LOOP('',(#11274,#11275,#11276,#11282));
#11274 = ORIENTED_EDGE('',*,*,#10495,.T.);
#11275 = ORIENTED_EDGE('',*,*,#11072,.T.);
#11276 = ORIENTED_EDGE('',*,*,#11277,.F.);
#11277 = EDGE_CURVE('',#11186,#11073,#11278,.T.);
#11278 = LINE('',#11279,#11280);
#11279 = CARTESIAN_POINT('',(2.35,-1.7,0.725));
#11280 = VECTOR('',#11281,1.);
#11281 = DIRECTION('',(2.22044604925E-16,-1.,0.));
#11282 = ORIENTED_EDGE('',*,*,#11185,.F.);
#11283 = CYLINDRICAL_SURFACE('',#11284,0.1);
#11284 = AXIS2_PLACEMENT_3D('',#11285,#11286,#11287);
#11285 = CARTESIAN_POINT('',(2.25,-1.7,0.725));
#11286 = DIRECTION('',(-2.22044604925E-16,1.,0.));
#11287 = DIRECTION('',(4.440892098501E-15,9.860761315262E-31,1.));
#11288 = ADVANCED_FACE('',(#11289),#11375,.T.);
#11289 = FACE_BOUND('',#11290,.T.);
#11290 = EDGE_LOOP('',(#11291,#11292,#11293,#11302,#11310,#11319,#11327,
    #11335,#11343,#11352,#11360,#11369));
#11291 = ORIENTED_EDGE('',*,*,#10509,.F.);
#11292 = ORIENTED_EDGE('',*,*,#10580,.T.);
#11293 = ORIENTED_EDGE('',*,*,#11294,.T.);
#11294 = EDGE_CURVE('',#10581,#11295,#11297,.T.);
#11295 = VERTEX_POINT('',#11296);
#11296 = CARTESIAN_POINT('',(2.35,-0.84,0.725));
#11297 = CIRCLE('',#11298,0.1);
#11298 = AXIS2_PLACEMENT_3D('',#11299,#11300,#11301);
#11299 = CARTESIAN_POINT('',(2.25,-0.84,0.725));
#11300 = DIRECTION('',(-2.22044604925E-16,1.,4.379057699844E-47));
#11301 = DIRECTION('',(4.440892098501E-15,9.860761315262E-31,1.));
#11302 = ORIENTED_EDGE('',*,*,#11303,.T.);
#11303 = EDGE_CURVE('',#11295,#11304,#11306,.T.);
#11304 = VERTEX_POINT('',#11305);
#11305 = CARTESIAN_POINT('',(2.35,-0.84,0.3));
#11306 = LINE('',#11307,#11308);
#11307 = CARTESIAN_POINT('',(2.35,-0.84,0.725));
#11308 = VECTOR('',#11309,1.);
#11309 = DIRECTION('',(1.044915787883E-15,2.320179133003E-31,-1.));
#11310 = ORIENTED_EDGE('',*,*,#11311,.T.);
#11311 = EDGE_CURVE('',#11304,#11312,#11314,.T.);
#11312 = VERTEX_POINT('',#11313);
#11313 = CARTESIAN_POINT('',(2.65,-0.84,5.551115123126E-17));
#11314 = CIRCLE('',#11315,0.3);
#11315 = AXIS2_PLACEMENT_3D('',#11316,#11317,#11318);
#11316 = CARTESIAN_POINT('',(2.65,-0.84,0.3));
#11317 = DIRECTION('',(2.22044604925E-16,-1.,0.));
#11318 = DIRECTION('',(-1.,-2.22044604925E-16,3.515706244646E-15));
#11319 = ORIENTED_EDGE('',*,*,#11320,.T.);
#11320 = EDGE_CURVE('',#11312,#11321,#11323,.T.);
#11321 = VERTEX_POINT('',#11322);
#11322 = CARTESIAN_POINT('',(3.,-0.84,5.551115123126E-17));
#11323 = LINE('',#11324,#11325);
#11324 = CARTESIAN_POINT('',(2.65,-0.84,5.551115123126E-17));
#11325 = VECTOR('',#11326,1.);
#11326 = DIRECTION('',(1.,2.22044604925E-16,0.));
#11327 = ORIENTED_EDGE('',*,*,#11328,.T.);
#11328 = EDGE_CURVE('',#11321,#11329,#11331,.T.);
#11329 = VERTEX_POINT('',#11330);
#11330 = CARTESIAN_POINT('',(3.,-0.84,0.2));
#11331 = LINE('',#11332,#11333);
#11332 = CARTESIAN_POINT('',(3.,-0.84,5.551115123126E-17));
#11333 = VECTOR('',#11334,1.);
#11334 = DIRECTION('',(0.,0.,1.));
#11335 = ORIENTED_EDGE('',*,*,#11336,.T.);
#11336 = EDGE_CURVE('',#11329,#11337,#11339,.T.);
#11337 = VERTEX_POINT('',#11338);
#11338 = CARTESIAN_POINT('',(2.65,-0.84,0.2));
#11339 = LINE('',#11340,#11341);
#11340 = CARTESIAN_POINT('',(3.,-0.84,0.2));
#11341 = VECTOR('',#11342,1.);
#11342 = DIRECTION('',(-1.,-2.22044604925E-16,0.));
#11343 = ORIENTED_EDGE('',*,*,#11344,.T.);
#11344 = EDGE_CURVE('',#11337,#11345,#11347,.T.);
#11345 = VERTEX_POINT('',#11346);
#11346 = CARTESIAN_POINT('',(2.55,-0.84,0.3));
#11347 = CIRCLE('',#11348,0.1);
#11348 = AXIS2_PLACEMENT_3D('',#11349,#11350,#11351);
#11349 = CARTESIAN_POINT('',(2.65,-0.84,0.3));
#11350 = DIRECTION('',(-2.22044604925E-16,1.,0.));
#11351 = DIRECTION('',(0.,0.,-1.));
#11352 = ORIENTED_EDGE('',*,*,#11353,.T.);
#11353 = EDGE_CURVE('',#11345,#11354,#11356,.T.);
#11354 = VERTEX_POINT('',#11355);
#11355 = CARTESIAN_POINT('',(2.55,-0.84,0.725));
#11356 = LINE('',#11357,#11358);
#11357 = CARTESIAN_POINT('',(2.55,-0.84,0.3));
#11358 = VECTOR('',#11359,1.);
#11359 = DIRECTION('',(0.,0.,1.));
#11360 = ORIENTED_EDGE('',*,*,#11361,.T.);
#11361 = EDGE_CURVE('',#11354,#11362,#11364,.T.);
#11362 = VERTEX_POINT('',#11363);
#11363 = CARTESIAN_POINT('',(2.25,-0.84,1.025));
#11364 = CIRCLE('',#11365,0.3);
#11365 = AXIS2_PLACEMENT_3D('',#11366,#11367,#11368);
#11366 = CARTESIAN_POINT('',(2.25,-0.84,0.725));
#11367 = DIRECTION('',(2.22044604925E-16,-1.,0.));
#11368 = DIRECTION('',(1.,2.22044604925E-16,3.700743415417E-16));
#11369 = ORIENTED_EDGE('',*,*,#11370,.T.);
#11370 = EDGE_CURVE('',#11362,#10510,#11371,.T.);
#11371 = LINE('',#11372,#11373);
#11372 = CARTESIAN_POINT('',(2.25,-0.84,1.025));
#11373 = VECTOR('',#11374,1.);
#11374 = DIRECTION('',(-1.,-2.22044604925E-16,0.));
#11375 = PLANE('',#11376);
#11376 = AXIS2_PLACEMENT_3D('',#11377,#11378,#11379);
#11377 = CARTESIAN_POINT('',(2.41578967201,-0.84,0.532659657565));
#11378 = DIRECTION('',(2.22044604925E-16,-1.,0.));
#11379 = DIRECTION('',(0.,0.,1.));
#11380 = ADVANCED_FACE('',(#11381),#11397,.F.);
#11381 = FACE_BOUND('',#11382,.F.);
#11382 = EDGE_LOOP('',(#11383,#11389,#11390,#11396));
#11383 = ORIENTED_EDGE('',*,*,#11384,.F.);
#11384 = EDGE_CURVE('',#10510,#10706,#11385,.T.);
#11385 = LINE('',#11386,#11387);
#11386 = CARTESIAN_POINT('',(2.25,-0.84,1.025));
#11387 = VECTOR('',#11388,1.);
#11388 = DIRECTION('',(-1.,-2.22044604925E-16,0.));
#11389 = ORIENTED_EDGE('',*,*,#10526,.T.);
#11390 = ORIENTED_EDGE('',*,*,#11391,.T.);
#11391 = EDGE_CURVE('',#10519,#10714,#11392,.T.);
#11392 = LINE('',#11393,#11394);
#11393 = CARTESIAN_POINT('',(2.25,-1.7,1.025));
#11394 = VECTOR('',#11395,1.);
#11395 = DIRECTION('',(-1.,-2.22044604925E-16,0.));
#11396 = ORIENTED_EDGE('',*,*,#10713,.F.);
#11397 = B_SPLINE_SURFACE_WITH_KNOTS('',1,1,(
    (#11398,#11399)
    ,(#11400,#11401
    )),.UNSPECIFIED.,.F.,.F.,.F.,(2,2),(2,2),(0.,4.55),(0.,1.),
  .PIECEWISE_BEZIER_KNOTS.);
#11398 = CARTESIAN_POINT('',(1.95,2.275,1.025));
#11399 = CARTESIAN_POINT('',(1.875,2.2375,1.025));
#11400 = CARTESIAN_POINT('',(1.95,-2.275,1.025));
#11401 = CARTESIAN_POINT('',(1.875,-2.2375,1.025));
#11402 = ADVANCED_FACE('',(#11403),#11422,.F.);
#11403 = FACE_BOUND('',#11404,.F.);
#11404 = EDGE_LOOP('',(#11405,#11406,#11415,#11421));
#11405 = ORIENTED_EDGE('',*,*,#10557,.T.);
#11406 = ORIENTED_EDGE('',*,*,#11407,.T.);
#11407 = EDGE_CURVE('',#10550,#11408,#11410,.T.);
#11408 = VERTEX_POINT('',#11409);
#11409 = CARTESIAN_POINT('',(2.35,0.43,0.725));
#11410 = CIRCLE('',#11411,0.1);
#11411 = AXIS2_PLACEMENT_3D('',#11412,#11413,#11414);
#11412 = CARTESIAN_POINT('',(2.25,0.43,0.725));
#11413 = DIRECTION('',(-2.22044604925E-16,1.,4.379057699844E-47));
#11414 = DIRECTION('',(4.440892098501E-15,9.860761315262E-31,1.));
#11415 = ORIENTED_EDGE('',*,*,#11416,.F.);
#11416 = EDGE_CURVE('',#10785,#11408,#11417,.T.);
#11417 = LINE('',#11418,#11419);
#11418 = CARTESIAN_POINT('',(2.35,0.84,0.725));
#11419 = VECTOR('',#11420,1.);
#11420 = DIRECTION('',(2.22044604925E-16,-1.,0.));
#11421 = ORIENTED_EDGE('',*,*,#10784,.F.);
#11422 = CYLINDRICAL_SURFACE('',#11423,0.1);
#11423 = AXIS2_PLACEMENT_3D('',#11424,#11425,#11426);
#11424 = CARTESIAN_POINT('',(2.25,0.84,0.725));
#11425 = DIRECTION('',(-2.22044604925E-16,1.,0.));
#11426 = DIRECTION('',(4.440892098501E-15,9.860761315262E-31,1.));
#11427 = ADVANCED_FACE('',(#11428),#11506,.T.);
#11428 = FACE_BOUND('',#11429,.T.);
#11429 = EDGE_LOOP('',(#11430,#11431,#11432,#11433,#11441,#11450,#11458,
    #11466,#11474,#11483,#11491,#11500));
#11430 = ORIENTED_EDGE('',*,*,#10602,.F.);
#11431 = ORIENTED_EDGE('',*,*,#10549,.T.);
#11432 = ORIENTED_EDGE('',*,*,#11407,.T.);
#11433 = ORIENTED_EDGE('',*,*,#11434,.T.);
#11434 = EDGE_CURVE('',#11408,#11435,#11437,.T.);
#11435 = VERTEX_POINT('',#11436);
#11436 = CARTESIAN_POINT('',(2.35,0.43,0.3));
#11437 = LINE('',#11438,#11439);
#11438 = CARTESIAN_POINT('',(2.35,0.43,0.725));
#11439 = VECTOR('',#11440,1.);
#11440 = DIRECTION('',(1.044915787883E-15,2.320179133003E-31,-1.));
#11441 = ORIENTED_EDGE('',*,*,#11442,.T.);
#11442 = EDGE_CURVE('',#11435,#11443,#11445,.T.);
#11443 = VERTEX_POINT('',#11444);
#11444 = CARTESIAN_POINT('',(2.65,0.43,5.551115123126E-17));
#11445 = CIRCLE('',#11446,0.3);
#11446 = AXIS2_PLACEMENT_3D('',#11447,#11448,#11449);
#11447 = CARTESIAN_POINT('',(2.65,0.43,0.3));
#11448 = DIRECTION('',(2.22044604925E-16,-1.,0.));
#11449 = DIRECTION('',(-1.,-2.22044604925E-16,3.515706244646E-15));
#11450 = ORIENTED_EDGE('',*,*,#11451,.T.);
#11451 = EDGE_CURVE('',#11443,#11452,#11454,.T.);
#11452 = VERTEX_POINT('',#11453);
#11453 = CARTESIAN_POINT('',(3.,0.43,5.551115123126E-17));
#11454 = LINE('',#11455,#11456);
#11455 = CARTESIAN_POINT('',(2.65,0.43,5.551115123126E-17));
#11456 = VECTOR('',#11457,1.);
#11457 = DIRECTION('',(1.,2.22044604925E-16,0.));
#11458 = ORIENTED_EDGE('',*,*,#11459,.T.);
#11459 = EDGE_CURVE('',#11452,#11460,#11462,.T.);
#11460 = VERTEX_POINT('',#11461);
#11461 = CARTESIAN_POINT('',(3.,0.43,0.2));
#11462 = LINE('',#11463,#11464);
#11463 = CARTESIAN_POINT('',(3.,0.43,5.551115123126E-17));
#11464 = VECTOR('',#11465,1.);
#11465 = DIRECTION('',(0.,0.,1.));
#11466 = ORIENTED_EDGE('',*,*,#11467,.T.);
#11467 = EDGE_CURVE('',#11460,#11468,#11470,.T.);
#11468 = VERTEX_POINT('',#11469);
#11469 = CARTESIAN_POINT('',(2.65,0.43,0.2));
#11470 = LINE('',#11471,#11472);
#11471 = CARTESIAN_POINT('',(3.,0.43,0.2));
#11472 = VECTOR('',#11473,1.);
#11473 = DIRECTION('',(-1.,-2.22044604925E-16,0.));
#11474 = ORIENTED_EDGE('',*,*,#11475,.T.);
#11475 = EDGE_CURVE('',#11468,#11476,#11478,.T.);
#11476 = VERTEX_POINT('',#11477);
#11477 = CARTESIAN_POINT('',(2.55,0.43,0.3));
#11478 = CIRCLE('',#11479,0.1);
#11479 = AXIS2_PLACEMENT_3D('',#11480,#11481,#11482);
#11480 = CARTESIAN_POINT('',(2.65,0.43,0.3));
#11481 = DIRECTION('',(-2.22044604925E-16,1.,0.));
#11482 = DIRECTION('',(0.,0.,-1.));
#11483 = ORIENTED_EDGE('',*,*,#11484,.T.);
#11484 = EDGE_CURVE('',#11476,#11485,#11487,.T.);
#11485 = VERTEX_POINT('',#11486);
#11486 = CARTESIAN_POINT('',(2.55,0.43,0.725));
#11487 = LINE('',#11488,#11489);
#11488 = CARTESIAN_POINT('',(2.55,0.43,0.3));
#11489 = VECTOR('',#11490,1.);
#11490 = DIRECTION('',(0.,0.,1.));
#11491 = ORIENTED_EDGE('',*,*,#11492,.T.);
#11492 = EDGE_CURVE('',#11485,#11493,#11495,.T.);
#11493 = VERTEX_POINT('',#11494);
#11494 = CARTESIAN_POINT('',(2.25,0.43,1.025));
#11495 = CIRCLE('',#11496,0.3);
#11496 = AXIS2_PLACEMENT_3D('',#11497,#11498,#11499);
#11497 = CARTESIAN_POINT('',(2.25,0.43,0.725));
#11498 = DIRECTION('',(2.22044604925E-16,-1.,0.));
#11499 = DIRECTION('',(1.,2.22044604925E-16,3.700743415417E-16));
#11500 = ORIENTED_EDGE('',*,*,#11501,.T.);
#11501 = EDGE_CURVE('',#11493,#10603,#11502,.T.);
#11502 = LINE('',#11503,#11504);
#11503 = CARTESIAN_POINT('',(2.25,0.43,1.025));
#11504 = VECTOR('',#11505,1.);
#11505 = DIRECTION('',(-1.,-2.22044604925E-16,0.));
#11506 = PLANE('',#11507);
#11507 = AXIS2_PLACEMENT_3D('',#11508,#11509,#11510);
#11508 = CARTESIAN_POINT('',(2.41578967201,0.43,0.532659657565));
#11509 = DIRECTION('',(2.22044604925E-16,-1.,0.));
#11510 = DIRECTION('',(0.,0.,1.));
#11511 = ADVANCED_FACE('',(#11512),#11598,.F.);
#11512 = FACE_BOUND('',#11513,.F.);
#11513 = EDGE_LOOP('',(#11514,#11515,#11516,#11525,#11533,#11542,#11550,
    #11558,#11566,#11575,#11583,#11592));
#11514 = ORIENTED_EDGE('',*,*,#10611,.F.);
#11515 = ORIENTED_EDGE('',*,*,#10571,.T.);
#11516 = ORIENTED_EDGE('',*,*,#11517,.T.);
#11517 = EDGE_CURVE('',#10572,#11518,#11520,.T.);
#11518 = VERTEX_POINT('',#11519);
#11519 = CARTESIAN_POINT('',(2.35,-0.43,0.725));
#11520 = CIRCLE('',#11521,0.1);
#11521 = AXIS2_PLACEMENT_3D('',#11522,#11523,#11524);
#11522 = CARTESIAN_POINT('',(2.25,-0.43,0.725));
#11523 = DIRECTION('',(-2.22044604925E-16,1.,4.379057699844E-47));
#11524 = DIRECTION('',(4.440892098501E-15,9.860761315262E-31,1.));
#11525 = ORIENTED_EDGE('',*,*,#11526,.T.);
#11526 = EDGE_CURVE('',#11518,#11527,#11529,.T.);
#11527 = VERTEX_POINT('',#11528);
#11528 = CARTESIAN_POINT('',(2.35,-0.43,0.3));
#11529 = LINE('',#11530,#11531);
#11530 = CARTESIAN_POINT('',(2.35,-0.43,0.725));
#11531 = VECTOR('',#11532,1.);
#11532 = DIRECTION('',(1.044915787883E-15,2.320179133003E-31,-1.));
#11533 = ORIENTED_EDGE('',*,*,#11534,.T.);
#11534 = EDGE_CURVE('',#11527,#11535,#11537,.T.);
#11535 = VERTEX_POINT('',#11536);
#11536 = CARTESIAN_POINT('',(2.65,-0.43,5.551115123126E-17));
#11537 = CIRCLE('',#11538,0.3);
#11538 = AXIS2_PLACEMENT_3D('',#11539,#11540,#11541);
#11539 = CARTESIAN_POINT('',(2.65,-0.43,0.3));
#11540 = DIRECTION('',(2.22044604925E-16,-1.,0.));
#11541 = DIRECTION('',(-1.,-2.22044604925E-16,3.515706244646E-15));
#11542 = ORIENTED_EDGE('',*,*,#11543,.T.);
#11543 = EDGE_CURVE('',#11535,#11544,#11546,.T.);
#11544 = VERTEX_POINT('',#11545);
#11545 = CARTESIAN_POINT('',(3.,-0.43,5.551115123126E-17));
#11546 = LINE('',#11547,#11548);
#11547 = CARTESIAN_POINT('',(2.65,-0.43,5.551115123126E-17));
#11548 = VECTOR('',#11549,1.);
#11549 = DIRECTION('',(1.,2.22044604925E-16,0.));
#11550 = ORIENTED_EDGE('',*,*,#11551,.T.);
#11551 = EDGE_CURVE('',#11544,#11552,#11554,.T.);
#11552 = VERTEX_POINT('',#11553);
#11553 = CARTESIAN_POINT('',(3.,-0.43,0.2));
#11554 = LINE('',#11555,#11556);
#11555 = CARTESIAN_POINT('',(3.,-0.43,5.551115123126E-17));
#11556 = VECTOR('',#11557,1.);
#11557 = DIRECTION('',(0.,0.,1.));
#11558 = ORIENTED_EDGE('',*,*,#11559,.T.);
#11559 = EDGE_CURVE('',#11552,#11560,#11562,.T.);
#11560 = VERTEX_POINT('',#11561);
#11561 = CARTESIAN_POINT('',(2.65,-0.43,0.2));
#11562 = LINE('',#11563,#11564);
#11563 = CARTESIAN_POINT('',(3.,-0.43,0.2));
#11564 = VECTOR('',#11565,1.);
#11565 = DIRECTION('',(-1.,-2.22044604925E-16,0.));
#11566 = ORIENTED_EDGE('',*,*,#11567,.T.);
#11567 = EDGE_CURVE('',#11560,#11568,#11570,.T.);
#11568 = VERTEX_POINT('',#11569);
#11569 = CARTESIAN_POINT('',(2.55,-0.43,0.3));
#11570 = CIRCLE('',#11571,0.1);
#11571 = AXIS2_PLACEMENT_3D('',#11572,#11573,#11574);
#11572 = CARTESIAN_POINT('',(2.65,-0.43,0.3));
#11573 = DIRECTION('',(-2.22044604925E-16,1.,0.));
#11574 = DIRECTION('',(0.,0.,-1.));
#11575 = ORIENTED_EDGE('',*,*,#11576,.T.);
#11576 = EDGE_CURVE('',#11568,#11577,#11579,.T.);
#11577 = VERTEX_POINT('',#11578);
#11578 = CARTESIAN_POINT('',(2.55,-0.43,0.725));
#11579 = LINE('',#11580,#11581);
#11580 = CARTESIAN_POINT('',(2.55,-0.43,0.3));
#11581 = VECTOR('',#11582,1.);
#11582 = DIRECTION('',(0.,0.,1.));
#11583 = ORIENTED_EDGE('',*,*,#11584,.T.);
#11584 = EDGE_CURVE('',#11577,#11585,#11587,.T.);
#11585 = VERTEX_POINT('',#11586);
#11586 = CARTESIAN_POINT('',(2.25,-0.43,1.025));
#11587 = CIRCLE('',#11588,0.3);
#11588 = AXIS2_PLACEMENT_3D('',#11589,#11590,#11591);
#11589 = CARTESIAN_POINT('',(2.25,-0.43,0.725));
#11590 = DIRECTION('',(2.22044604925E-16,-1.,0.));
#11591 = DIRECTION('',(1.,2.22044604925E-16,3.700743415417E-16));
#11592 = ORIENTED_EDGE('',*,*,#11593,.T.);
#11593 = EDGE_CURVE('',#11585,#10612,#11594,.T.);
#11594 = LINE('',#11595,#11596);
#11595 = CARTESIAN_POINT('',(2.25,-0.43,1.025));
#11596 = VECTOR('',#11597,1.);
#11597 = DIRECTION('',(-1.,-2.22044604925E-16,0.));
#11598 = PLANE('',#11599);
#11599 = AXIS2_PLACEMENT_3D('',#11600,#11601,#11602);
#11600 = CARTESIAN_POINT('',(2.41578967201,-0.43,0.532659657565));
#11601 = DIRECTION('',(2.22044604925E-16,-1.,0.));
#11602 = DIRECTION('',(0.,0.,1.));
#11603 = ADVANCED_FACE('',(#11604),#11615,.F.);
#11604 = FACE_BOUND('',#11605,.F.);
#11605 = EDGE_LOOP('',(#11606,#11607,#11608,#11614));
#11606 = ORIENTED_EDGE('',*,*,#10588,.T.);
#11607 = ORIENTED_EDGE('',*,*,#11294,.T.);
#11608 = ORIENTED_EDGE('',*,*,#11609,.F.);
#11609 = EDGE_CURVE('',#11518,#11295,#11610,.T.);
#11610 = LINE('',#11611,#11612);
#11611 = CARTESIAN_POINT('',(2.35,-0.43,0.725));
#11612 = VECTOR('',#11613,1.);
#11613 = DIRECTION('',(2.22044604925E-16,-1.,0.));
#11614 = ORIENTED_EDGE('',*,*,#11517,.F.);
#11615 = CYLINDRICAL_SURFACE('',#11616,0.1);
#11616 = AXIS2_PLACEMENT_3D('',#11617,#11618,#11619);
#11617 = CARTESIAN_POINT('',(2.25,-0.43,0.725));
#11618 = DIRECTION('',(-2.22044604925E-16,1.,0.));
#11619 = DIRECTION('',(4.440892098501E-15,9.860761315262E-31,1.));
#11620 = ADVANCED_FACE('',(#11621),#11637,.F.);
#11621 = FACE_BOUND('',#11622,.F.);
#11622 = EDGE_LOOP('',(#11623,#11629,#11630,#11636));
#11623 = ORIENTED_EDGE('',*,*,#11624,.F.);
#11624 = EDGE_CURVE('',#10603,#10690,#11625,.T.);
#11625 = LINE('',#11626,#11627);
#11626 = CARTESIAN_POINT('',(2.25,0.43,1.025));
#11627 = VECTOR('',#11628,1.);
#11628 = DIRECTION('',(-1.,-2.22044604925E-16,0.));
#11629 = ORIENTED_EDGE('',*,*,#10619,.T.);
#11630 = ORIENTED_EDGE('',*,*,#11631,.T.);
#11631 = EDGE_CURVE('',#10612,#10698,#11632,.T.);
#11632 = LINE('',#11633,#11634);
#11633 = CARTESIAN_POINT('',(2.25,-0.43,1.025));
#11634 = VECTOR('',#11635,1.);
#11635 = DIRECTION('',(-1.,-2.22044604925E-16,0.));
#11636 = ORIENTED_EDGE('',*,*,#10697,.F.);
#11637 = B_SPLINE_SURFACE_WITH_KNOTS('',1,1,(
    (#11638,#11639)
    ,(#11640,#11641
    )),.UNSPECIFIED.,.F.,.F.,.F.,(2,2),(2,2),(0.,4.55),(0.,1.),
  .PIECEWISE_BEZIER_KNOTS.);
#11638 = CARTESIAN_POINT('',(1.95,2.275,1.025));
#11639 = CARTESIAN_POINT('',(1.875,2.2375,1.025));
#11640 = CARTESIAN_POINT('',(1.95,-2.275,1.025));
#11641 = CARTESIAN_POINT('',(1.875,-2.2375,1.025));
#11642 = ADVANCED_FACE('',(#11643),#11660,.F.);
#11643 = FACE_BOUND('',#11644,.F.);
#11644 = EDGE_LOOP('',(#11645,#11646,#11647,#11655));
#11645 = ORIENTED_EDGE('',*,*,#10635,.T.);
#11646 = ORIENTED_EDGE('',*,*,#10656,.T.);
#11647 = ORIENTED_EDGE('',*,*,#11648,.F.);
#11648 = EDGE_CURVE('',#11649,#10657,#11651,.T.);
#11649 = VERTEX_POINT('',#11650);
#11650 = CARTESIAN_POINT('',(1.7375,2.375,1.025));
#11651 = LINE('',#11652,#11653);
#11652 = CARTESIAN_POINT('',(1.7375,2.375,1.025));
#11653 = VECTOR('',#11654,1.);
#11654 = DIRECTION('',(0.707106781187,-0.707106781187,0.));
#11655 = ORIENTED_EDGE('',*,*,#11656,.F.);
#11656 = EDGE_CURVE('',#10636,#11649,#11657,.T.);
#11657 = B_SPLINE_CURVE_WITH_KNOTS('',1,(#11658,#11659),.UNSPECIFIED.,
  .F.,.F.,(2,2),(0.,1.),.PIECEWISE_BEZIER_KNOTS.);
#11658 = CARTESIAN_POINT('',(1.775,2.45,1.025));
#11659 = CARTESIAN_POINT('',(1.7375,2.375,1.025));
#11660 = B_SPLINE_SURFACE_WITH_KNOTS('',1,1,(
    (#11661,#11662)
    ,(#11663,#11664
    )),.UNSPECIFIED.,.F.,.F.,.F.,(2,2),(2,2),(0.,0.247487373415),(0.,1.)
  ,.PIECEWISE_BEZIER_KNOTS.);
#11661 = CARTESIAN_POINT('',(1.775,2.45,1.025));
#11662 = CARTESIAN_POINT('',(1.7375,2.375,1.025));
#11663 = CARTESIAN_POINT('',(1.95,2.275,1.025));
#11664 = CARTESIAN_POINT('',(1.875,2.2375,1.025));
#11665 = ADVANCED_FACE('',(#11666),#11683,.F.);
#11666 = FACE_BOUND('',#11667,.F.);
#11667 = EDGE_LOOP('',(#11668,#11669,#11670,#11678));
#11668 = ORIENTED_EDGE('',*,*,#10876,.T.);
#11669 = ORIENTED_EDGE('',*,*,#10643,.T.);
#11670 = ORIENTED_EDGE('',*,*,#11671,.F.);
#11671 = EDGE_CURVE('',#11672,#10636,#11674,.T.);
#11672 = VERTEX_POINT('',#11673);
#11673 = CARTESIAN_POINT('',(-1.775,2.45,1.025));
#11674 = LINE('',#11675,#11676);
#11675 = CARTESIAN_POINT('',(-1.775,2.45,1.025));
#11676 = VECTOR('',#11677,1.);
#11677 = DIRECTION('',(1.,2.22044604925E-16,0.));
#11678 = ORIENTED_EDGE('',*,*,#11679,.F.);
#11679 = EDGE_CURVE('',#10877,#11672,#11680,.T.);
#11680 = B_SPLINE_CURVE_WITH_KNOTS('',1,(#11681,#11682),.UNSPECIFIED.,
  .F.,.F.,(2,2),(0.,1.),.PIECEWISE_BEZIER_KNOTS.);
#11681 = CARTESIAN_POINT('',(-1.775,2.45,0.825));
#11682 = CARTESIAN_POINT('',(-1.775,2.45,1.025));
#11683 = PLANE('',#11684);
#11684 = AXIS2_PLACEMENT_3D('',#11685,#11686,#11687);
#11685 = CARTESIAN_POINT('',(-1.775,2.45,1.025));
#11686 = DIRECTION('',(2.22044604925E-16,-1.,0.));
#11687 = DIRECTION('',(1.,2.22044604925E-16,0.));
#11688 = ADVANCED_FACE('',(#11689),#11706,.F.);
#11689 = FACE_BOUND('',#11690,.F.);
#11690 = EDGE_LOOP('',(#11691,#11692,#11693,#11701));
#11691 = ORIENTED_EDGE('',*,*,#11648,.T.);
#11692 = ORIENTED_EDGE('',*,*,#10752,.T.);
#11693 = ORIENTED_EDGE('',*,*,#11694,.F.);
#11694 = EDGE_CURVE('',#11695,#10745,#11697,.T.);
#11695 = VERTEX_POINT('',#11696);
#11696 = CARTESIAN_POINT('',(1.680085640382,2.260171280765,1.75));
#11697 = LINE('',#11698,#11699);
#11698 = CARTESIAN_POINT('',(1.680085640382,2.260171280765,1.75));
#11699 = VECTOR('',#11700,1.);
#11700 = DIRECTION('',(0.707106781187,-0.707106781187,0.));
#11701 = ORIENTED_EDGE('',*,*,#11702,.F.);
#11702 = EDGE_CURVE('',#11649,#11695,#11703,.T.);
#11703 = B_SPLINE_CURVE_WITH_KNOTS('',1,(#11704,#11705),.UNSPECIFIED.,
  .F.,.F.,(2,2),(0.,1.),.PIECEWISE_BEZIER_KNOTS.);
#11704 = CARTESIAN_POINT('',(1.7375,2.375,1.025));
#11705 = CARTESIAN_POINT('',(1.680085640382,2.260171280765,1.75));
#11706 = B_SPLINE_SURFACE_WITH_KNOTS('',1,1,(
    (#11707,#11708)
    ,(#11709,#11710
    )),.UNSPECIFIED.,.F.,.F.,.F.,(2,2),(2,2),(0.,0.194454364826),(0.,1.)
  ,.PIECEWISE_BEZIER_KNOTS.);
#11707 = CARTESIAN_POINT('',(1.7375,2.375,1.025));
#11708 = CARTESIAN_POINT('',(1.680085640382,2.260171280765,1.75));
#11709 = CARTESIAN_POINT('',(1.875,2.2375,1.025));
#11710 = CARTESIAN_POINT('',(1.760171280765,2.180085640382,1.75));
#11711 = ADVANCED_FACE('',(#11712,#11762),#11773,.F.);
#11712 = FACE_BOUND('',#11713,.F.);
#11713 = EDGE_LOOP('',(#11714,#11722,#11723,#11724,#11732,#11740,#11748,
    #11756));
#11714 = ORIENTED_EDGE('',*,*,#11715,.T.);
#11715 = EDGE_CURVE('',#11716,#11695,#11718,.T.);
#11716 = VERTEX_POINT('',#11717);
#11717 = CARTESIAN_POINT('',(-1.680085640382,2.260171280765,1.75));
#11718 = LINE('',#11719,#11720);
#11719 = CARTESIAN_POINT('',(-1.680085640382,2.260171280765,1.75));
#11720 = VECTOR('',#11721,1.);
#11721 = DIRECTION('',(1.,2.22044604925E-16,0.));
#11722 = ORIENTED_EDGE('',*,*,#11694,.T.);
#11723 = ORIENTED_EDGE('',*,*,#10744,.T.);
#11724 = ORIENTED_EDGE('',*,*,#11725,.T.);
#11725 = EDGE_CURVE('',#10738,#11726,#11728,.T.);
#11726 = VERTEX_POINT('',#11727);
#11727 = CARTESIAN_POINT('',(1.680085640382,-2.260171280765,1.75));
#11728 = LINE('',#11729,#11730);
#11729 = CARTESIAN_POINT('',(1.760171280765,-2.180085640382,1.75));
#11730 = VECTOR('',#11731,1.);
#11731 = DIRECTION('',(-0.707106781187,-0.707106781187,0.));
#11732 = ORIENTED_EDGE('',*,*,#11733,.T.);
#11733 = EDGE_CURVE('',#11726,#11734,#11736,.T.);
#11734 = VERTEX_POINT('',#11735);
#11735 = CARTESIAN_POINT('',(-1.680085640382,-2.260171280765,1.75));
#11736 = LINE('',#11737,#11738);
#11737 = CARTESIAN_POINT('',(1.680085640382,-2.260171280765,1.75));
#11738 = VECTOR('',#11739,1.);
#11739 = DIRECTION('',(-1.,-2.22044604925E-16,0.));
#11740 = ORIENTED_EDGE('',*,*,#11741,.T.);
#11741 = EDGE_CURVE('',#11734,#11742,#11744,.T.);
#11742 = VERTEX_POINT('',#11743);
#11743 = CARTESIAN_POINT('',(-1.760171280765,-2.180085640382,1.75));
#11744 = LINE('',#11745,#11746);
#11745 = CARTESIAN_POINT('',(-1.680085640382,-2.260171280765,1.75));
#11746 = VECTOR('',#11747,1.);
#11747 = DIRECTION('',(-0.707106781187,0.707106781187,0.));
#11748 = ORIENTED_EDGE('',*,*,#11749,.T.);
#11749 = EDGE_CURVE('',#11742,#11750,#11752,.T.);
#11750 = VERTEX_POINT('',#11751);
#11751 = CARTESIAN_POINT('',(-1.760171280765,2.180085640382,1.75));
#11752 = LINE('',#11753,#11754);
#11753 = CARTESIAN_POINT('',(-1.760171280765,-2.180085640382,1.75));
#11754 = VECTOR('',#11755,1.);
#11755 = DIRECTION('',(-2.22044604925E-16,1.,0.));
#11756 = ORIENTED_EDGE('',*,*,#11757,.T.);
#11757 = EDGE_CURVE('',#11750,#11716,#11758,.T.);
#11758 = LINE('',#11759,#11760);
#11759 = CARTESIAN_POINT('',(-1.760171280765,2.180085640382,1.75));
#11760 = VECTOR('',#11761,1.);
#11761 = DIRECTION('',(0.707106781187,0.707106781187,0.));
#11762 = FACE_BOUND('',#11763,.F.);
#11763 = EDGE_LOOP('',(#11764));
#11764 = ORIENTED_EDGE('',*,*,#11765,.T.);
#11765 = EDGE_CURVE('',#11766,#11766,#11768,.T.);
#11766 = VERTEX_POINT('',#11767);
#11767 = CARTESIAN_POINT('',(-1.110171280765,1.310171280765,1.75));
#11768 = CIRCLE('',#11769,0.3);
#11769 = AXIS2_PLACEMENT_3D('',#11770,#11771,#11772);
#11770 = CARTESIAN_POINT('',(-1.110171280765,1.610171280765,1.75));
#11771 = DIRECTION('',(-0.,0.,1.));
#11772 = DIRECTION('',(2.22044604925E-16,-1.,0.));
#11773 = PLANE('',#11774);
#11774 = AXIS2_PLACEMENT_3D('',#11775,#11776,#11777);
#11775 = CARTESIAN_POINT('',(-1.680085640382,2.260171280765,1.75));
#11776 = DIRECTION('',(0.,0.,-1.));
#11777 = DIRECTION('',(0.596575959062,-0.802556617983,0.));
#11778 = ADVANCED_FACE('',(#11779),#11796,.F.);
#11779 = FACE_BOUND('',#11780,.F.);
#11780 = EDGE_LOOP('',(#11781,#11789,#11794,#11795));
#11781 = ORIENTED_EDGE('',*,*,#11782,.T.);
#11782 = EDGE_CURVE('',#10730,#11783,#11785,.T.);
#11783 = VERTEX_POINT('',#11784);
#11784 = CARTESIAN_POINT('',(1.7375,-2.375,1.025));
#11785 = LINE('',#11786,#11787);
#11786 = CARTESIAN_POINT('',(1.875,-2.2375,1.025));
#11787 = VECTOR('',#11788,1.);
#11788 = DIRECTION('',(-0.707106781187,-0.707106781187,0.));
#11789 = ORIENTED_EDGE('',*,*,#11790,.T.);
#11790 = EDGE_CURVE('',#11783,#11726,#11791,.T.);
#11791 = B_SPLINE_CURVE_WITH_KNOTS('',1,(#11792,#11793),.UNSPECIFIED.,
  .F.,.F.,(2,2),(0.,1.),.PIECEWISE_BEZIER_KNOTS.);
#11792 = CARTESIAN_POINT('',(1.7375,-2.375,1.025));
#11793 = CARTESIAN_POINT('',(1.680085640382,-2.260171280765,1.75));
#11794 = ORIENTED_EDGE('',*,*,#11725,.F.);
#11795 = ORIENTED_EDGE('',*,*,#10737,.F.);
#11796 = B_SPLINE_SURFACE_WITH_KNOTS('',1,1,(
    (#11797,#11798)
    ,(#11799,#11800
    )),.UNSPECIFIED.,.F.,.F.,.F.,(2,2),(2,2),(0.,0.194454364826),(0.,1.)
  ,.PIECEWISE_BEZIER_KNOTS.);
#11797 = CARTESIAN_POINT('',(1.875,-2.2375,1.025));
#11798 = CARTESIAN_POINT('',(1.760171280765,-2.180085640382,1.75));
#11799 = CARTESIAN_POINT('',(1.7375,-2.375,1.025));
#11800 = CARTESIAN_POINT('',(1.680085640382,-2.260171280765,1.75));
#11801 = ADVANCED_FACE('',(#11802),#11815,.F.);
#11802 = FACE_BOUND('',#11803,.F.);
#11803 = EDGE_LOOP('',(#11804,#11805,#11811,#11812,#11813,#11814));
#11804 = ORIENTED_EDGE('',*,*,#10860,.F.);
#11805 = ORIENTED_EDGE('',*,*,#11806,.T.);
#11806 = EDGE_CURVE('',#10852,#11493,#11807,.T.);
#11807 = LINE('',#11808,#11809);
#11808 = CARTESIAN_POINT('',(2.25,0.84,1.025));
#11809 = VECTOR('',#11810,1.);
#11810 = DIRECTION('',(2.22044604925E-16,-1.,0.));
#11811 = ORIENTED_EDGE('',*,*,#11501,.T.);
#11812 = ORIENTED_EDGE('',*,*,#11624,.T.);
#11813 = ORIENTED_EDGE('',*,*,#10689,.F.);
#11814 = ORIENTED_EDGE('',*,*,#10767,.F.);
#11815 = PLANE('',#11816);
#11816 = AXIS2_PLACEMENT_3D('',#11817,#11818,#11819);
#11817 = CARTESIAN_POINT('',(2.25,0.84,1.025));
#11818 = DIRECTION('',(0.,0.,-1.));
#11819 = DIRECTION('',(-1.,-2.22044604925E-16,-0.));
#11820 = ADVANCED_FACE('',(#11821),#11834,.F.);
#11821 = FACE_BOUND('',#11822,.F.);
#11822 = EDGE_LOOP('',(#11823,#11824,#11830,#11831,#11832,#11833));
#11823 = ORIENTED_EDGE('',*,*,#11261,.F.);
#11824 = ORIENTED_EDGE('',*,*,#11825,.T.);
#11825 = EDGE_CURVE('',#11253,#11140,#11826,.T.);
#11826 = LINE('',#11827,#11828);
#11827 = CARTESIAN_POINT('',(2.25,-1.7,1.025));
#11828 = VECTOR('',#11829,1.);
#11829 = DIRECTION('',(2.22044604925E-16,-1.,0.));
#11830 = ORIENTED_EDGE('',*,*,#11148,.T.);
#11831 = ORIENTED_EDGE('',*,*,#11162,.T.);
#11832 = ORIENTED_EDGE('',*,*,#10721,.F.);
#11833 = ORIENTED_EDGE('',*,*,#11391,.F.);
#11834 = PLANE('',#11835);
#11835 = AXIS2_PLACEMENT_3D('',#11836,#11837,#11838);
#11836 = CARTESIAN_POINT('',(2.25,-1.7,1.025));
#11837 = DIRECTION('',(0.,0.,-1.));
#11838 = DIRECTION('',(-1.,-2.22044604925E-16,-0.));
#11839 = ADVANCED_FACE('',(#11840),#11853,.F.);
#11840 = FACE_BOUND('',#11841,.F.);
#11841 = EDGE_LOOP('',(#11842,#11843,#11849,#11850,#11851,#11852));
#11842 = ORIENTED_EDGE('',*,*,#11593,.F.);
#11843 = ORIENTED_EDGE('',*,*,#11844,.T.);
#11844 = EDGE_CURVE('',#11585,#11362,#11845,.T.);
#11845 = LINE('',#11846,#11847);
#11846 = CARTESIAN_POINT('',(2.25,-0.43,1.025));
#11847 = VECTOR('',#11848,1.);
#11848 = DIRECTION('',(2.22044604925E-16,-1.,0.));
#11849 = ORIENTED_EDGE('',*,*,#11370,.T.);
#11850 = ORIENTED_EDGE('',*,*,#11384,.T.);
#11851 = ORIENTED_EDGE('',*,*,#10705,.F.);
#11852 = ORIENTED_EDGE('',*,*,#11631,.F.);
#11853 = PLANE('',#11854);
#11854 = AXIS2_PLACEMENT_3D('',#11855,#11856,#11857);
#11855 = CARTESIAN_POINT('',(2.25,-0.43,1.025));
#11856 = DIRECTION('',(0.,0.,-1.));
#11857 = DIRECTION('',(-1.,-2.22044604925E-16,-0.));
#11858 = ADVANCED_FACE('',(#11859),#11870,.T.);
#11859 = FACE_BOUND('',#11860,.T.);
#11860 = EDGE_LOOP('',(#11861,#11862,#11863,#11864));
#11861 = ORIENTED_EDGE('',*,*,#10851,.T.);
#11862 = ORIENTED_EDGE('',*,*,#11806,.T.);
#11863 = ORIENTED_EDGE('',*,*,#11492,.F.);
#11864 = ORIENTED_EDGE('',*,*,#11865,.F.);
#11865 = EDGE_CURVE('',#10844,#11485,#11866,.T.);
#11866 = LINE('',#11867,#11868);
#11867 = CARTESIAN_POINT('',(2.55,0.84,0.725));
#11868 = VECTOR('',#11869,1.);
#11869 = DIRECTION('',(2.22044604925E-16,-1.,0.));
#11870 = CYLINDRICAL_SURFACE('',#11871,0.3);
#11871 = AXIS2_PLACEMENT_3D('',#11872,#11873,#11874);
#11872 = CARTESIAN_POINT('',(2.25,0.84,0.725));
#11873 = DIRECTION('',(-2.22044604925E-16,1.,-0.));
#11874 = DIRECTION('',(1.,2.22044604925E-16,3.700743415417E-16));
#11875 = ADVANCED_FACE('',(#11876),#11887,.F.);
#11876 = FACE_BOUND('',#11877,.F.);
#11877 = EDGE_LOOP('',(#11878,#11884,#11885,#11886));
#11878 = ORIENTED_EDGE('',*,*,#11879,.T.);
#11879 = EDGE_CURVE('',#10835,#11476,#11880,.T.);
#11880 = LINE('',#11881,#11882);
#11881 = CARTESIAN_POINT('',(2.55,0.84,0.3));
#11882 = VECTOR('',#11883,1.);
#11883 = DIRECTION('',(2.22044604925E-16,-1.,0.));
#11884 = ORIENTED_EDGE('',*,*,#11484,.T.);
#11885 = ORIENTED_EDGE('',*,*,#11865,.F.);
#11886 = ORIENTED_EDGE('',*,*,#10843,.F.);
#11887 = PLANE('',#11888);
#11888 = AXIS2_PLACEMENT_3D('',#11889,#11890,#11891);
#11889 = CARTESIAN_POINT('',(2.55,0.84,0.3));
#11890 = DIRECTION('',(-1.,-2.22044604925E-16,0.));
#11891 = DIRECTION('',(0.,0.,1.));
#11892 = ADVANCED_FACE('',(#11893),#11904,.F.);
#11893 = FACE_BOUND('',#11894,.F.);
#11894 = EDGE_LOOP('',(#11895,#11901,#11902,#11903));
#11895 = ORIENTED_EDGE('',*,*,#11896,.T.);
#11896 = EDGE_CURVE('',#10827,#11468,#11897,.T.);
#11897 = LINE('',#11898,#11899);
#11898 = CARTESIAN_POINT('',(2.65,0.84,0.2));
#11899 = VECTOR('',#11900,1.);
#11900 = DIRECTION('',(2.22044604925E-16,-1.,0.));
#11901 = ORIENTED_EDGE('',*,*,#11475,.T.);
#11902 = ORIENTED_EDGE('',*,*,#11879,.F.);
#11903 = ORIENTED_EDGE('',*,*,#10834,.F.);
#11904 = CYLINDRICAL_SURFACE('',#11905,0.1);
#11905 = AXIS2_PLACEMENT_3D('',#11906,#11907,#11908);
#11906 = CARTESIAN_POINT('',(2.65,0.84,0.3));
#11907 = DIRECTION('',(-2.22044604925E-16,1.,0.));
#11908 = DIRECTION('',(0.,0.,-1.));
#11909 = ADVANCED_FACE('',(#11910),#11921,.F.);
#11910 = FACE_BOUND('',#11911,.F.);
#11911 = EDGE_LOOP('',(#11912,#11918,#11919,#11920));
#11912 = ORIENTED_EDGE('',*,*,#11913,.T.);
#11913 = EDGE_CURVE('',#10819,#11460,#11914,.T.);
#11914 = LINE('',#11915,#11916);
#11915 = CARTESIAN_POINT('',(3.,0.84,0.2));
#11916 = VECTOR('',#11917,1.);
#11917 = DIRECTION('',(2.22044604925E-16,-1.,0.));
#11918 = ORIENTED_EDGE('',*,*,#11467,.T.);
#11919 = ORIENTED_EDGE('',*,*,#11896,.F.);
#11920 = ORIENTED_EDGE('',*,*,#10826,.F.);
#11921 = PLANE('',#11922);
#11922 = AXIS2_PLACEMENT_3D('',#11923,#11924,#11925);
#11923 = CARTESIAN_POINT('',(3.,0.84,0.2));
#11924 = DIRECTION('',(0.,0.,-1.));
#11925 = DIRECTION('',(-1.,-2.22044604925E-16,-0.));
#11926 = ADVANCED_FACE('',(#11927),#11938,.F.);
#11927 = FACE_BOUND('',#11928,.F.);
#11928 = EDGE_LOOP('',(#11929,#11935,#11936,#11937));
#11929 = ORIENTED_EDGE('',*,*,#11930,.T.);
#11930 = EDGE_CURVE('',#10811,#11452,#11931,.T.);
#11931 = LINE('',#11932,#11933);
#11932 = CARTESIAN_POINT('',(3.,0.84,5.551115123126E-17));
#11933 = VECTOR('',#11934,1.);
#11934 = DIRECTION('',(2.22044604925E-16,-1.,0.));
#11935 = ORIENTED_EDGE('',*,*,#11459,.T.);
#11936 = ORIENTED_EDGE('',*,*,#11913,.F.);
#11937 = ORIENTED_EDGE('',*,*,#10818,.F.);
#11938 = PLANE('',#11939);
#11939 = AXIS2_PLACEMENT_3D('',#11940,#11941,#11942);
#11940 = CARTESIAN_POINT('',(3.,0.84,5.551115123126E-17));
#11941 = DIRECTION('',(-1.,-2.22044604925E-16,0.));
#11942 = DIRECTION('',(0.,0.,1.));
#11943 = ADVANCED_FACE('',(#11944),#11955,.F.);
#11944 = FACE_BOUND('',#11945,.F.);
#11945 = EDGE_LOOP('',(#11946,#11952,#11953,#11954));
#11946 = ORIENTED_EDGE('',*,*,#11947,.T.);
#11947 = EDGE_CURVE('',#10802,#11443,#11948,.T.);
#11948 = LINE('',#11949,#11950);
#11949 = CARTESIAN_POINT('',(2.65,0.84,5.551115123126E-17));
#11950 = VECTOR('',#11951,1.);
#11951 = DIRECTION('',(2.22044604925E-16,-1.,0.));
#11952 = ORIENTED_EDGE('',*,*,#11451,.T.);
#11953 = ORIENTED_EDGE('',*,*,#11930,.F.);
#11954 = ORIENTED_EDGE('',*,*,#10810,.F.);
#11955 = PLANE('',#11956);
#11956 = AXIS2_PLACEMENT_3D('',#11957,#11958,#11959);
#11957 = CARTESIAN_POINT('',(2.65,0.84,5.551115123126E-17));
#11958 = DIRECTION('',(0.,0.,1.));
#11959 = DIRECTION('',(1.,2.22044604925E-16,-0.));
#11960 = ADVANCED_FACE('',(#11961),#11972,.T.);
#11961 = FACE_BOUND('',#11962,.T.);
#11962 = EDGE_LOOP('',(#11963,#11964,#11965,#11966));
#11963 = ORIENTED_EDGE('',*,*,#10801,.T.);
#11964 = ORIENTED_EDGE('',*,*,#11947,.T.);
#11965 = ORIENTED_EDGE('',*,*,#11442,.F.);
#11966 = ORIENTED_EDGE('',*,*,#11967,.F.);
#11967 = EDGE_CURVE('',#10794,#11435,#11968,.T.);
#11968 = LINE('',#11969,#11970);
#11969 = CARTESIAN_POINT('',(2.35,0.84,0.3));
#11970 = VECTOR('',#11971,1.);
#11971 = DIRECTION('',(2.22044604925E-16,-1.,0.));
#11972 = CYLINDRICAL_SURFACE('',#11973,0.3);
#11973 = AXIS2_PLACEMENT_3D('',#11974,#11975,#11976);
#11974 = CARTESIAN_POINT('',(2.65,0.84,0.3));
#11975 = DIRECTION('',(-2.22044604925E-16,1.,-0.));
#11976 = DIRECTION('',(-1.,-2.22044604925E-16,3.515706244646E-15));
#11977 = ADVANCED_FACE('',(#11978),#11984,.F.);
#11978 = FACE_BOUND('',#11979,.F.);
#11979 = EDGE_LOOP('',(#11980,#11981,#11982,#11983));
#11980 = ORIENTED_EDGE('',*,*,#11416,.T.);
#11981 = ORIENTED_EDGE('',*,*,#11434,.T.);
#11982 = ORIENTED_EDGE('',*,*,#11967,.F.);
#11983 = ORIENTED_EDGE('',*,*,#10793,.F.);
#11984 = PLANE('',#11985);
#11985 = AXIS2_PLACEMENT_3D('',#11986,#11987,#11988);
#11986 = CARTESIAN_POINT('',(2.35,0.84,0.725));
#11987 = DIRECTION('',(1.,2.22044604925E-16,1.044915787883E-15));
#11988 = DIRECTION('',(1.044915787883E-15,2.320179133003E-31,-1.));
#11989 = ADVANCED_FACE('',(#11990),#12007,.F.);
#11990 = FACE_BOUND('',#11991,.F.);
#11991 = EDGE_LOOP('',(#11992,#11993,#12000,#12006));
#11992 = ORIENTED_EDGE('',*,*,#10905,.T.);
#11993 = ORIENTED_EDGE('',*,*,#11994,.T.);
#11994 = EDGE_CURVE('',#10899,#11995,#11997,.T.);
#11995 = VERTEX_POINT('',#11996);
#11996 = CARTESIAN_POINT('',(-1.775,-2.45,1.025));
#11997 = B_SPLINE_CURVE_WITH_KNOTS('',1,(#11998,#11999),.UNSPECIFIED.,
  .F.,.F.,(2,2),(0.,1.),.PIECEWISE_BEZIER_KNOTS.);
#11998 = CARTESIAN_POINT('',(-1.775,-2.45,0.825));
#11999 = CARTESIAN_POINT('',(-1.775,-2.45,1.025));
#12000 = ORIENTED_EDGE('',*,*,#12001,.F.);
#12001 = EDGE_CURVE('',#11049,#11995,#12002,.T.);
#12002 = LINE('',#12003,#12004);
#12003 = CARTESIAN_POINT('',(1.775,-2.45,1.025));
#12004 = VECTOR('',#12005,1.);
#12005 = DIRECTION('',(-1.,-2.22044604925E-16,0.));
#12006 = ORIENTED_EDGE('',*,*,#11048,.F.);
#12007 = PLANE('',#12008);
#12008 = AXIS2_PLACEMENT_3D('',#12009,#12010,#12011);
#12009 = CARTESIAN_POINT('',(1.775,-2.45,1.025));
#12010 = DIRECTION('',(-2.22044604925E-16,1.,0.));
#12011 = DIRECTION('',(-1.,-2.22044604925E-16,0.));
#12012 = ADVANCED_FACE('',(#12013),#12030,.F.);
#12013 = FACE_BOUND('',#12014,.F.);
#12014 = EDGE_LOOP('',(#12015,#12016,#12023,#12029));
#12015 = ORIENTED_EDGE('',*,*,#10928,.T.);
#12016 = ORIENTED_EDGE('',*,*,#12017,.T.);
#12017 = EDGE_CURVE('',#10922,#12018,#12020,.T.);
#12018 = VERTEX_POINT('',#12019);
#12019 = CARTESIAN_POINT('',(-1.95,-2.275,1.025));
#12020 = B_SPLINE_CURVE_WITH_KNOTS('',1,(#12021,#12022),.UNSPECIFIED.,
  .F.,.F.,(2,2),(0.,1.),.PIECEWISE_BEZIER_KNOTS.);
#12021 = CARTESIAN_POINT('',(-1.95,-2.275,0.825));
#12022 = CARTESIAN_POINT('',(-1.95,-2.275,1.025));
#12023 = ORIENTED_EDGE('',*,*,#12024,.F.);
#12024 = EDGE_CURVE('',#11995,#12018,#12025,.T.);
#12025 = LINE('',#12026,#12027);
#12026 = CARTESIAN_POINT('',(-1.775,-2.45,1.025));
#12027 = VECTOR('',#12028,1.);
#12028 = DIRECTION('',(-0.707106781187,0.707106781187,0.));
#12029 = ORIENTED_EDGE('',*,*,#11994,.F.);
#12030 = PLANE('',#12031);
#12031 = AXIS2_PLACEMENT_3D('',#12032,#12033,#12034);
#12032 = CARTESIAN_POINT('',(-1.775,-2.45,1.025));
#12033 = DIRECTION('',(0.707106781187,0.707106781187,0.));
#12034 = DIRECTION('',(-0.707106781187,0.707106781187,0.));
#12035 = ADVANCED_FACE('',(#12036),#12054,.F.);
#12036 = FACE_BOUND('',#12037,.F.);
#12037 = EDGE_LOOP('',(#12038,#12039,#12040,#12048));
#12038 = ORIENTED_EDGE('',*,*,#12017,.F.);
#12039 = ORIENTED_EDGE('',*,*,#11015,.T.);
#12040 = ORIENTED_EDGE('',*,*,#12041,.T.);
#12041 = EDGE_CURVE('',#11008,#12042,#12044,.T.);
#12042 = VERTEX_POINT('',#12043);
#12043 = CARTESIAN_POINT('',(-1.95,-2.11,1.025));
#12044 = LINE('',#12045,#12046);
#12045 = CARTESIAN_POINT('',(-1.95,-2.11,0.778829828783));
#12046 = VECTOR('',#12047,1.);
#12047 = DIRECTION('',(0.,0.,1.));
#12048 = ORIENTED_EDGE('',*,*,#12049,.F.);
#12049 = EDGE_CURVE('',#12018,#12042,#12050,.T.);
#12050 = LINE('',#12051,#12052);
#12051 = CARTESIAN_POINT('',(-1.95,-2.275,1.025));
#12052 = VECTOR('',#12053,1.);
#12053 = DIRECTION('',(-2.22044604925E-16,1.,0.));
#12054 = PLANE('',#12055);
#12055 = AXIS2_PLACEMENT_3D('',#12056,#12057,#12058);
#12056 = CARTESIAN_POINT('',(-1.95,-2.275,1.025));
#12057 = DIRECTION('',(1.,2.22044604925E-16,0.));
#12058 = DIRECTION('',(-2.22044604925E-16,1.,0.));
#12059 = ADVANCED_FACE('',(#12060),#12084,.F.);
#12060 = FACE_BOUND('',#12061,.F.);
#12061 = EDGE_LOOP('',(#12062,#12070,#12071,#12078));
#12062 = ORIENTED_EDGE('',*,*,#12063,.F.);
#12063 = EDGE_CURVE('',#10952,#12064,#12066,.T.);
#12064 = VERTEX_POINT('',#12065);
#12065 = CARTESIAN_POINT('',(-1.95,2.11,1.025));
#12066 = LINE('',#12067,#12068);
#12067 = CARTESIAN_POINT('',(-1.95,2.11,0.778829828783));
#12068 = VECTOR('',#12069,1.);
#12069 = DIRECTION('',(0.,0.,1.));
#12070 = ORIENTED_EDGE('',*,*,#10951,.T.);
#12071 = ORIENTED_EDGE('',*,*,#12072,.T.);
#12072 = EDGE_CURVE('',#10945,#12073,#12075,.T.);
#12073 = VERTEX_POINT('',#12074);
#12074 = CARTESIAN_POINT('',(-1.95,2.275,1.025));
#12075 = B_SPLINE_CURVE_WITH_KNOTS('',1,(#12076,#12077),.UNSPECIFIED.,
  .F.,.F.,(2,2),(0.,1.),.PIECEWISE_BEZIER_KNOTS.);
#12076 = CARTESIAN_POINT('',(-1.95,2.275,0.825));
#12077 = CARTESIAN_POINT('',(-1.95,2.275,1.025));
#12078 = ORIENTED_EDGE('',*,*,#12079,.F.);
#12079 = EDGE_CURVE('',#12064,#12073,#12080,.T.);
#12080 = LINE('',#12081,#12082);
#12081 = CARTESIAN_POINT('',(-1.95,-2.275,1.025));
#12082 = VECTOR('',#12083,1.);
#12083 = DIRECTION('',(-2.22044604925E-16,1.,0.));
#12084 = PLANE('',#12085);
#12085 = AXIS2_PLACEMENT_3D('',#12086,#12087,#12088);
#12086 = CARTESIAN_POINT('',(-1.95,-2.275,1.025));
#12087 = DIRECTION('',(1.,2.22044604925E-16,0.));
#12088 = DIRECTION('',(-2.22044604925E-16,1.,0.));
#12089 = ADVANCED_FACE('',(#12090),#12115,.F.);
#12090 = FACE_BOUND('',#12091,.F.);
#12091 = EDGE_LOOP('',(#12092,#12100,#12101,#12109));
#12092 = ORIENTED_EDGE('',*,*,#12093,.F.);
#12093 = EDGE_CURVE('',#11008,#12094,#12096,.T.);
#12094 = VERTEX_POINT('',#12095);
#12095 = CARTESIAN_POINT('',(-2.25,-2.11,0.825));
#12096 = LINE('',#12097,#12098);
#12097 = CARTESIAN_POINT('',(-1.8,-2.11,0.825));
#12098 = VECTOR('',#12099,1.);
#12099 = DIRECTION('',(-1.,-9.95799250103E-17,0.));
#12100 = ORIENTED_EDGE('',*,*,#11007,.T.);
#12101 = ORIENTED_EDGE('',*,*,#12102,.T.);
#12102 = EDGE_CURVE('',#11000,#12103,#12105,.T.);
#12103 = VERTEX_POINT('',#12104);
#12104 = CARTESIAN_POINT('',(-2.25,-1.7,0.825));
#12105 = LINE('',#12106,#12107);
#12106 = CARTESIAN_POINT('',(-1.8,-1.7,0.825));
#12107 = VECTOR('',#12108,1.);
#12108 = DIRECTION('',(-1.,-9.95799250103E-17,0.));
#12109 = ORIENTED_EDGE('',*,*,#12110,.F.);
#12110 = EDGE_CURVE('',#12094,#12103,#12111,.T.);
#12111 = LINE('',#12112,#12113);
#12112 = CARTESIAN_POINT('',(-2.25,-2.11,0.825));
#12113 = VECTOR('',#12114,1.);
#12114 = DIRECTION('',(-9.95799250103E-17,1.,0.));
#12115 = PLANE('',#12116);
#12116 = AXIS2_PLACEMENT_3D('',#12117,#12118,#12119);
#12117 = CARTESIAN_POINT('',(-1.8,-2.11,0.825));
#12118 = DIRECTION('',(0.,0.,1.));
#12119 = DIRECTION('',(-1.,-9.95799250103E-17,0.));
#12120 = ADVANCED_FACE('',(#12121),#12146,.F.);
#12121 = FACE_BOUND('',#12122,.F.);
#12122 = EDGE_LOOP('',(#12123,#12131,#12132,#12140));
#12123 = ORIENTED_EDGE('',*,*,#12124,.F.);
#12124 = EDGE_CURVE('',#10960,#12125,#12127,.T.);
#12125 = VERTEX_POINT('',#12126);
#12126 = CARTESIAN_POINT('',(-2.25,1.7,0.825));
#12127 = LINE('',#12128,#12129);
#12128 = CARTESIAN_POINT('',(-1.8,1.7,0.825));
#12129 = VECTOR('',#12130,1.);
#12130 = DIRECTION('',(-1.,-9.95799250103E-17,0.));
#12131 = ORIENTED_EDGE('',*,*,#10959,.T.);
#12132 = ORIENTED_EDGE('',*,*,#12133,.T.);
#12133 = EDGE_CURVE('',#10952,#12134,#12136,.T.);
#12134 = VERTEX_POINT('',#12135);
#12135 = CARTESIAN_POINT('',(-2.25,2.11,0.825));
#12136 = LINE('',#12137,#12138);
#12137 = CARTESIAN_POINT('',(-1.8,2.11,0.825));
#12138 = VECTOR('',#12139,1.);
#12139 = DIRECTION('',(-1.,-9.95799250103E-17,0.));
#12140 = ORIENTED_EDGE('',*,*,#12141,.F.);
#12141 = EDGE_CURVE('',#12125,#12134,#12142,.T.);
#12142 = LINE('',#12143,#12144);
#12143 = CARTESIAN_POINT('',(-2.25,1.7,0.825));
#12144 = VECTOR('',#12145,1.);
#12145 = DIRECTION('',(-9.95799250103E-17,1.,0.));
#12146 = PLANE('',#12147);
#12147 = AXIS2_PLACEMENT_3D('',#12148,#12149,#12150);
#12148 = CARTESIAN_POINT('',(-1.8,1.7,0.825));
#12149 = DIRECTION('',(0.,0.,1.));
#12150 = DIRECTION('',(-1.,-9.95799250103E-17,0.));
#12151 = ADVANCED_FACE('',(#12152),#12177,.F.);
#12152 = FACE_BOUND('',#12153,.F.);
#12153 = EDGE_LOOP('',(#12154,#12162,#12163,#12171));
#12154 = ORIENTED_EDGE('',*,*,#12155,.F.);
#12155 = EDGE_CURVE('',#11000,#12156,#12158,.T.);
#12156 = VERTEX_POINT('',#12157);
#12157 = CARTESIAN_POINT('',(-1.95,-1.7,1.025));
#12158 = LINE('',#12159,#12160);
#12159 = CARTESIAN_POINT('',(-1.95,-1.7,0.778829828783));
#12160 = VECTOR('',#12161,1.);
#12161 = DIRECTION('',(0.,0.,1.));
#12162 = ORIENTED_EDGE('',*,*,#10999,.T.);
#12163 = ORIENTED_EDGE('',*,*,#12164,.T.);
#12164 = EDGE_CURVE('',#10992,#12165,#12167,.T.);
#12165 = VERTEX_POINT('',#12166);
#12166 = CARTESIAN_POINT('',(-1.95,-0.84,1.025));
#12167 = LINE('',#12168,#12169);
#12168 = CARTESIAN_POINT('',(-1.95,-0.84,0.778829828783));
#12169 = VECTOR('',#12170,1.);
#12170 = DIRECTION('',(0.,0.,1.));
#12171 = ORIENTED_EDGE('',*,*,#12172,.F.);
#12172 = EDGE_CURVE('',#12156,#12165,#12173,.T.);
#12173 = LINE('',#12174,#12175);
#12174 = CARTESIAN_POINT('',(-1.95,-2.275,1.025));
#12175 = VECTOR('',#12176,1.);
#12176 = DIRECTION('',(-2.22044604925E-16,1.,0.));
#12177 = PLANE('',#12178);
#12178 = AXIS2_PLACEMENT_3D('',#12179,#12180,#12181);
#12179 = CARTESIAN_POINT('',(-1.95,-2.275,1.025));
#12180 = DIRECTION('',(1.,2.22044604925E-16,0.));
#12181 = DIRECTION('',(-2.22044604925E-16,1.,0.));
#12182 = ADVANCED_FACE('',(#12183),#12208,.F.);
#12183 = FACE_BOUND('',#12184,.F.);
#12184 = EDGE_LOOP('',(#12185,#12193,#12194,#12202));
#12185 = ORIENTED_EDGE('',*,*,#12186,.F.);
#12186 = EDGE_CURVE('',#10968,#12187,#12189,.T.);
#12187 = VERTEX_POINT('',#12188);
#12188 = CARTESIAN_POINT('',(-1.95,0.84,1.025));
#12189 = LINE('',#12190,#12191);
#12190 = CARTESIAN_POINT('',(-1.95,0.84,0.778829828783));
#12191 = VECTOR('',#12192,1.);
#12192 = DIRECTION('',(0.,0.,1.));
#12193 = ORIENTED_EDGE('',*,*,#10967,.T.);
#12194 = ORIENTED_EDGE('',*,*,#12195,.T.);
#12195 = EDGE_CURVE('',#10960,#12196,#12198,.T.);
#12196 = VERTEX_POINT('',#12197);
#12197 = CARTESIAN_POINT('',(-1.95,1.7,1.025));
#12198 = LINE('',#12199,#12200);
#12199 = CARTESIAN_POINT('',(-1.95,1.7,0.778829828783));
#12200 = VECTOR('',#12201,1.);
#12201 = DIRECTION('',(0.,0.,1.));
#12202 = ORIENTED_EDGE('',*,*,#12203,.F.);
#12203 = EDGE_CURVE('',#12187,#12196,#12204,.T.);
#12204 = LINE('',#12205,#12206);
#12205 = CARTESIAN_POINT('',(-1.95,-2.275,1.025));
#12206 = VECTOR('',#12207,1.);
#12207 = DIRECTION('',(-2.22044604925E-16,1.,0.));
#12208 = PLANE('',#12209);
#12209 = AXIS2_PLACEMENT_3D('',#12210,#12211,#12212);
#12210 = CARTESIAN_POINT('',(-1.95,-2.275,1.025));
#12211 = DIRECTION('',(1.,2.22044604925E-16,0.));
#12212 = DIRECTION('',(-2.22044604925E-16,1.,0.));
#12213 = ADVANCED_FACE('',(#12214),#12239,.F.);
#12214 = FACE_BOUND('',#12215,.F.);
#12215 = EDGE_LOOP('',(#12216,#12224,#12225,#12233));
#12216 = ORIENTED_EDGE('',*,*,#12217,.F.);
#12217 = EDGE_CURVE('',#10992,#12218,#12220,.T.);
#12218 = VERTEX_POINT('',#12219);
#12219 = CARTESIAN_POINT('',(-2.25,-0.84,0.825));
#12220 = LINE('',#12221,#12222);
#12221 = CARTESIAN_POINT('',(-1.8,-0.84,0.825));
#12222 = VECTOR('',#12223,1.);
#12223 = DIRECTION('',(-1.,-9.95799250103E-17,0.));
#12224 = ORIENTED_EDGE('',*,*,#10991,.T.);
#12225 = ORIENTED_EDGE('',*,*,#12226,.T.);
#12226 = EDGE_CURVE('',#10984,#12227,#12229,.T.);
#12227 = VERTEX_POINT('',#12228);
#12228 = CARTESIAN_POINT('',(-2.25,-0.43,0.825));
#12229 = LINE('',#12230,#12231);
#12230 = CARTESIAN_POINT('',(-1.8,-0.43,0.825));
#12231 = VECTOR('',#12232,1.);
#12232 = DIRECTION('',(-1.,-9.95799250103E-17,0.));
#12233 = ORIENTED_EDGE('',*,*,#12234,.F.);
#12234 = EDGE_CURVE('',#12218,#12227,#12235,.T.);
#12235 = LINE('',#12236,#12237);
#12236 = CARTESIAN_POINT('',(-2.25,-0.84,0.825));
#12237 = VECTOR('',#12238,1.);
#12238 = DIRECTION('',(-9.95799250103E-17,1.,0.));
#12239 = PLANE('',#12240);
#12240 = AXIS2_PLACEMENT_3D('',#12241,#12242,#12243);
#12241 = CARTESIAN_POINT('',(-1.8,-0.84,0.825));
#12242 = DIRECTION('',(0.,0.,1.));
#12243 = DIRECTION('',(-1.,-9.95799250103E-17,0.));
#12244 = ADVANCED_FACE('',(#12245),#12270,.F.);
#12245 = FACE_BOUND('',#12246,.F.);
#12246 = EDGE_LOOP('',(#12247,#12255,#12256,#12264));
#12247 = ORIENTED_EDGE('',*,*,#12248,.F.);
#12248 = EDGE_CURVE('',#10976,#12249,#12251,.T.);
#12249 = VERTEX_POINT('',#12250);
#12250 = CARTESIAN_POINT('',(-2.25,0.43,0.825));
#12251 = LINE('',#12252,#12253);
#12252 = CARTESIAN_POINT('',(-1.8,0.43,0.825));
#12253 = VECTOR('',#12254,1.);
#12254 = DIRECTION('',(-1.,-9.95799250103E-17,0.));
#12255 = ORIENTED_EDGE('',*,*,#10975,.T.);
#12256 = ORIENTED_EDGE('',*,*,#12257,.T.);
#12257 = EDGE_CURVE('',#10968,#12258,#12260,.T.);
#12258 = VERTEX_POINT('',#12259);
#12259 = CARTESIAN_POINT('',(-2.25,0.84,0.825));
#12260 = LINE('',#12261,#12262);
#12261 = CARTESIAN_POINT('',(-1.8,0.84,0.825));
#12262 = VECTOR('',#12263,1.);
#12263 = DIRECTION('',(-1.,-9.95799250103E-17,0.));
#12264 = ORIENTED_EDGE('',*,*,#12265,.F.);
#12265 = EDGE_CURVE('',#12249,#12258,#12266,.T.);
#12266 = LINE('',#12267,#12268);
#12267 = CARTESIAN_POINT('',(-2.25,0.43,0.825));
#12268 = VECTOR('',#12269,1.);
#12269 = DIRECTION('',(-9.95799250103E-17,1.,0.));
#12270 = PLANE('',#12271);
#12271 = AXIS2_PLACEMENT_3D('',#12272,#12273,#12274);
#12272 = CARTESIAN_POINT('',(-1.8,0.43,0.825));
#12273 = DIRECTION('',(0.,0.,1.));
#12274 = DIRECTION('',(-1.,-9.95799250103E-17,0.));
#12275 = ADVANCED_FACE('',(#12276),#12301,.F.);
#12276 = FACE_BOUND('',#12277,.F.);
#12277 = EDGE_LOOP('',(#12278,#12286,#12287,#12295));
#12278 = ORIENTED_EDGE('',*,*,#12279,.F.);
#12279 = EDGE_CURVE('',#10984,#12280,#12282,.T.);
#12280 = VERTEX_POINT('',#12281);
#12281 = CARTESIAN_POINT('',(-1.95,-0.43,1.025));
#12282 = LINE('',#12283,#12284);
#12283 = CARTESIAN_POINT('',(-1.95,-0.43,0.778829828783));
#12284 = VECTOR('',#12285,1.);
#12285 = DIRECTION('',(0.,0.,1.));
#12286 = ORIENTED_EDGE('',*,*,#10983,.T.);
#12287 = ORIENTED_EDGE('',*,*,#12288,.T.);
#12288 = EDGE_CURVE('',#10976,#12289,#12291,.T.);
#12289 = VERTEX_POINT('',#12290);
#12290 = CARTESIAN_POINT('',(-1.95,0.43,1.025));
#12291 = LINE('',#12292,#12293);
#12292 = CARTESIAN_POINT('',(-1.95,0.43,0.778829828783));
#12293 = VECTOR('',#12294,1.);
#12294 = DIRECTION('',(0.,0.,1.));
#12295 = ORIENTED_EDGE('',*,*,#12296,.F.);
#12296 = EDGE_CURVE('',#12280,#12289,#12297,.T.);
#12297 = LINE('',#12298,#12299);
#12298 = CARTESIAN_POINT('',(-1.95,-2.275,1.025));
#12299 = VECTOR('',#12300,1.);
#12300 = DIRECTION('',(-2.22044604925E-16,1.,0.));
#12301 = PLANE('',#12302);
#12302 = AXIS2_PLACEMENT_3D('',#12303,#12304,#12305);
#12303 = CARTESIAN_POINT('',(-1.95,-2.275,1.025));
#12304 = DIRECTION('',(1.,2.22044604925E-16,0.));
#12305 = DIRECTION('',(-2.22044604925E-16,1.,0.));
#12306 = ADVANCED_FACE('',(#12307),#12318,.F.);
#12307 = FACE_BOUND('',#12308,.F.);
#12308 = EDGE_LOOP('',(#12309,#12310,#12311,#12317));
#12309 = ORIENTED_EDGE('',*,*,#11032,.T.);
#12310 = ORIENTED_EDGE('',*,*,#11679,.T.);
#12311 = ORIENTED_EDGE('',*,*,#12312,.F.);
#12312 = EDGE_CURVE('',#12073,#11672,#12313,.T.);
#12313 = LINE('',#12314,#12315);
#12314 = CARTESIAN_POINT('',(-1.95,2.275,1.025));
#12315 = VECTOR('',#12316,1.);
#12316 = DIRECTION('',(0.707106781187,0.707106781187,0.));
#12317 = ORIENTED_EDGE('',*,*,#12072,.F.);
#12318 = PLANE('',#12319);
#12319 = AXIS2_PLACEMENT_3D('',#12320,#12321,#12322);
#12320 = CARTESIAN_POINT('',(-1.95,2.275,1.025));
#12321 = DIRECTION('',(0.707106781187,-0.707106781187,0.));
#12322 = DIRECTION('',(0.707106781187,0.707106781187,0.));
#12323 = ADVANCED_FACE('',(#12324),#12334,.F.);
#12324 = FACE_BOUND('',#12325,.F.);
#12325 = EDGE_LOOP('',(#12326,#12327,#12332,#12333));
#12326 = ORIENTED_EDGE('',*,*,#11055,.T.);
#12327 = ORIENTED_EDGE('',*,*,#12328,.T.);
#12328 = EDGE_CURVE('',#11049,#11783,#12329,.T.);
#12329 = B_SPLINE_CURVE_WITH_KNOTS('',1,(#12330,#12331),.UNSPECIFIED.,
  .F.,.F.,(2,2),(0.,1.),.PIECEWISE_BEZIER_KNOTS.);
#12330 = CARTESIAN_POINT('',(1.775,-2.45,1.025));
#12331 = CARTESIAN_POINT('',(1.7375,-2.375,1.025));
#12332 = ORIENTED_EDGE('',*,*,#11782,.F.);
#12333 = ORIENTED_EDGE('',*,*,#11169,.F.);
#12334 = B_SPLINE_SURFACE_WITH_KNOTS('',1,1,(
    (#12335,#12336)
    ,(#12337,#12338
    )),.UNSPECIFIED.,.F.,.F.,.F.,(2,2),(2,2),(0.,0.247487373415),(0.,1.)
  ,.PIECEWISE_BEZIER_KNOTS.);
#12335 = CARTESIAN_POINT('',(1.95,-2.275,1.025));
#12336 = CARTESIAN_POINT('',(1.875,-2.2375,1.025));
#12337 = CARTESIAN_POINT('',(1.775,-2.45,1.025));
#12338 = CARTESIAN_POINT('',(1.7375,-2.375,1.025));
#12339 = ADVANCED_FACE('',(#12340),#12351,.T.);
#12340 = FACE_BOUND('',#12341,.T.);
#12341 = EDGE_LOOP('',(#12342,#12343,#12344,#12345));
#12342 = ORIENTED_EDGE('',*,*,#11252,.T.);
#12343 = ORIENTED_EDGE('',*,*,#11825,.T.);
#12344 = ORIENTED_EDGE('',*,*,#11139,.F.);
#12345 = ORIENTED_EDGE('',*,*,#12346,.F.);
#12346 = EDGE_CURVE('',#11245,#11132,#12347,.T.);
#12347 = LINE('',#12348,#12349);
#12348 = CARTESIAN_POINT('',(2.55,-1.7,0.725));
#12349 = VECTOR('',#12350,1.);
#12350 = DIRECTION('',(2.22044604925E-16,-1.,0.));
#12351 = CYLINDRICAL_SURFACE('',#12352,0.3);
#12352 = AXIS2_PLACEMENT_3D('',#12353,#12354,#12355);
#12353 = CARTESIAN_POINT('',(2.25,-1.7,0.725));
#12354 = DIRECTION('',(-2.22044604925E-16,1.,-0.));
#12355 = DIRECTION('',(1.,2.22044604925E-16,3.700743415417E-16));
#12356 = ADVANCED_FACE('',(#12357),#12368,.F.);
#12357 = FACE_BOUND('',#12358,.F.);
#12358 = EDGE_LOOP('',(#12359,#12365,#12366,#12367));
#12359 = ORIENTED_EDGE('',*,*,#12360,.T.);
#12360 = EDGE_CURVE('',#11236,#11123,#12361,.T.);
#12361 = LINE('',#12362,#12363);
#12362 = CARTESIAN_POINT('',(2.55,-1.7,0.3));
#12363 = VECTOR('',#12364,1.);
#12364 = DIRECTION('',(2.22044604925E-16,-1.,0.));
#12365 = ORIENTED_EDGE('',*,*,#11131,.T.);
#12366 = ORIENTED_EDGE('',*,*,#12346,.F.);
#12367 = ORIENTED_EDGE('',*,*,#11244,.F.);
#12368 = PLANE('',#12369);
#12369 = AXIS2_PLACEMENT_3D('',#12370,#12371,#12372);
#12370 = CARTESIAN_POINT('',(2.55,-1.7,0.3));
#12371 = DIRECTION('',(-1.,-2.22044604925E-16,0.));
#12372 = DIRECTION('',(0.,0.,1.));
#12373 = ADVANCED_FACE('',(#12374),#12385,.F.);
#12374 = FACE_BOUND('',#12375,.F.);
#12375 = EDGE_LOOP('',(#12376,#12382,#12383,#12384));
#12376 = ORIENTED_EDGE('',*,*,#12377,.T.);
#12377 = EDGE_CURVE('',#11228,#11115,#12378,.T.);
#12378 = LINE('',#12379,#12380);
#12379 = CARTESIAN_POINT('',(2.65,-1.7,0.2));
#12380 = VECTOR('',#12381,1.);
#12381 = DIRECTION('',(2.22044604925E-16,-1.,0.));
#12382 = ORIENTED_EDGE('',*,*,#11122,.T.);
#12383 = ORIENTED_EDGE('',*,*,#12360,.F.);
#12384 = ORIENTED_EDGE('',*,*,#11235,.F.);
#12385 = CYLINDRICAL_SURFACE('',#12386,0.1);
#12386 = AXIS2_PLACEMENT_3D('',#12387,#12388,#12389);
#12387 = CARTESIAN_POINT('',(2.65,-1.7,0.3));
#12388 = DIRECTION('',(-2.22044604925E-16,1.,0.));
#12389 = DIRECTION('',(0.,0.,-1.));
#12390 = ADVANCED_FACE('',(#12391),#12402,.F.);
#12391 = FACE_BOUND('',#12392,.F.);
#12392 = EDGE_LOOP('',(#12393,#12399,#12400,#12401));
#12393 = ORIENTED_EDGE('',*,*,#12394,.T.);
#12394 = EDGE_CURVE('',#11220,#11107,#12395,.T.);
#12395 = LINE('',#12396,#12397);
#12396 = CARTESIAN_POINT('',(3.,-1.7,0.2));
#12397 = VECTOR('',#12398,1.);
#12398 = DIRECTION('',(2.22044604925E-16,-1.,0.));
#12399 = ORIENTED_EDGE('',*,*,#11114,.T.);
#12400 = ORIENTED_EDGE('',*,*,#12377,.F.);
#12401 = ORIENTED_EDGE('',*,*,#11227,.F.);
#12402 = PLANE('',#12403);
#12403 = AXIS2_PLACEMENT_3D('',#12404,#12405,#12406);
#12404 = CARTESIAN_POINT('',(3.,-1.7,0.2));
#12405 = DIRECTION('',(0.,0.,-1.));
#12406 = DIRECTION('',(-1.,-2.22044604925E-16,-0.));
#12407 = ADVANCED_FACE('',(#12408),#12419,.F.);
#12408 = FACE_BOUND('',#12409,.F.);
#12409 = EDGE_LOOP('',(#12410,#12416,#12417,#12418));
#12410 = ORIENTED_EDGE('',*,*,#12411,.T.);
#12411 = EDGE_CURVE('',#11212,#11099,#12412,.T.);
#12412 = LINE('',#12413,#12414);
#12413 = CARTESIAN_POINT('',(3.,-1.7,5.551115123126E-17));
#12414 = VECTOR('',#12415,1.);
#12415 = DIRECTION('',(2.22044604925E-16,-1.,0.));
#12416 = ORIENTED_EDGE('',*,*,#11106,.T.);
#12417 = ORIENTED_EDGE('',*,*,#12394,.F.);
#12418 = ORIENTED_EDGE('',*,*,#11219,.F.);
#12419 = PLANE('',#12420);
#12420 = AXIS2_PLACEMENT_3D('',#12421,#12422,#12423);
#12421 = CARTESIAN_POINT('',(3.,-1.7,5.551115123126E-17));
#12422 = DIRECTION('',(-1.,-2.22044604925E-16,0.));
#12423 = DIRECTION('',(0.,0.,1.));
#12424 = ADVANCED_FACE('',(#12425),#12436,.F.);
#12425 = FACE_BOUND('',#12426,.F.);
#12426 = EDGE_LOOP('',(#12427,#12433,#12434,#12435));
#12427 = ORIENTED_EDGE('',*,*,#12428,.T.);
#12428 = EDGE_CURVE('',#11203,#11090,#12429,.T.);
#12429 = LINE('',#12430,#12431);
#12430 = CARTESIAN_POINT('',(2.65,-1.7,5.551115123126E-17));
#12431 = VECTOR('',#12432,1.);
#12432 = DIRECTION('',(2.22044604925E-16,-1.,0.));
#12433 = ORIENTED_EDGE('',*,*,#11098,.T.);
#12434 = ORIENTED_EDGE('',*,*,#12411,.F.);
#12435 = ORIENTED_EDGE('',*,*,#11211,.F.);
#12436 = PLANE('',#12437);
#12437 = AXIS2_PLACEMENT_3D('',#12438,#12439,#12440);
#12438 = CARTESIAN_POINT('',(2.65,-1.7,5.551115123126E-17));
#12439 = DIRECTION('',(0.,0.,1.));
#12440 = DIRECTION('',(1.,2.22044604925E-16,-0.));
#12441 = ADVANCED_FACE('',(#12442),#12453,.T.);
#12442 = FACE_BOUND('',#12443,.T.);
#12443 = EDGE_LOOP('',(#12444,#12445,#12446,#12447));
#12444 = ORIENTED_EDGE('',*,*,#11202,.T.);
#12445 = ORIENTED_EDGE('',*,*,#12428,.T.);
#12446 = ORIENTED_EDGE('',*,*,#11089,.F.);
#12447 = ORIENTED_EDGE('',*,*,#12448,.F.);
#12448 = EDGE_CURVE('',#11195,#11082,#12449,.T.);
#12449 = LINE('',#12450,#12451);
#12450 = CARTESIAN_POINT('',(2.35,-1.7,0.3));
#12451 = VECTOR('',#12452,1.);
#12452 = DIRECTION('',(2.22044604925E-16,-1.,0.));
#12453 = CYLINDRICAL_SURFACE('',#12454,0.3);
#12454 = AXIS2_PLACEMENT_3D('',#12455,#12456,#12457);
#12455 = CARTESIAN_POINT('',(2.65,-1.7,0.3));
#12456 = DIRECTION('',(-2.22044604925E-16,1.,-0.));
#12457 = DIRECTION('',(-1.,-2.22044604925E-16,3.515706244646E-15));
#12458 = ADVANCED_FACE('',(#12459),#12465,.F.);
#12459 = FACE_BOUND('',#12460,.F.);
#12460 = EDGE_LOOP('',(#12461,#12462,#12463,#12464));
#12461 = ORIENTED_EDGE('',*,*,#11277,.T.);
#12462 = ORIENTED_EDGE('',*,*,#11081,.T.);
#12463 = ORIENTED_EDGE('',*,*,#12448,.F.);
#12464 = ORIENTED_EDGE('',*,*,#11194,.F.);
#12465 = PLANE('',#12466);
#12466 = AXIS2_PLACEMENT_3D('',#12467,#12468,#12469);
#12467 = CARTESIAN_POINT('',(2.35,-1.7,0.725));
#12468 = DIRECTION('',(1.,2.22044604925E-16,1.044915787883E-15));
#12469 = DIRECTION('',(1.044915787883E-15,2.320179133003E-31,-1.));
#12470 = ADVANCED_FACE('',(#12471),#12482,.T.);
#12471 = FACE_BOUND('',#12472,.T.);
#12472 = EDGE_LOOP('',(#12473,#12474,#12475,#12476));
#12473 = ORIENTED_EDGE('',*,*,#11584,.T.);
#12474 = ORIENTED_EDGE('',*,*,#11844,.T.);
#12475 = ORIENTED_EDGE('',*,*,#11361,.F.);
#12476 = ORIENTED_EDGE('',*,*,#12477,.F.);
#12477 = EDGE_CURVE('',#11577,#11354,#12478,.T.);
#12478 = LINE('',#12479,#12480);
#12479 = CARTESIAN_POINT('',(2.55,-0.43,0.725));
#12480 = VECTOR('',#12481,1.);
#12481 = DIRECTION('',(2.22044604925E-16,-1.,0.));
#12482 = CYLINDRICAL_SURFACE('',#12483,0.3);
#12483 = AXIS2_PLACEMENT_3D('',#12484,#12485,#12486);
#12484 = CARTESIAN_POINT('',(2.25,-0.43,0.725));
#12485 = DIRECTION('',(-2.22044604925E-16,1.,-0.));
#12486 = DIRECTION('',(1.,2.22044604925E-16,3.700743415417E-16));
#12487 = ADVANCED_FACE('',(#12488),#12499,.F.);
#12488 = FACE_BOUND('',#12489,.F.);
#12489 = EDGE_LOOP('',(#12490,#12496,#12497,#12498));
#12490 = ORIENTED_EDGE('',*,*,#12491,.T.);
#12491 = EDGE_CURVE('',#11568,#11345,#12492,.T.);
#12492 = LINE('',#12493,#12494);
#12493 = CARTESIAN_POINT('',(2.55,-0.43,0.3));
#12494 = VECTOR('',#12495,1.);
#12495 = DIRECTION('',(2.22044604925E-16,-1.,0.));
#12496 = ORIENTED_EDGE('',*,*,#11353,.T.);
#12497 = ORIENTED_EDGE('',*,*,#12477,.F.);
#12498 = ORIENTED_EDGE('',*,*,#11576,.F.);
#12499 = PLANE('',#12500);
#12500 = AXIS2_PLACEMENT_3D('',#12501,#12502,#12503);
#12501 = CARTESIAN_POINT('',(2.55,-0.43,0.3));
#12502 = DIRECTION('',(-1.,-2.22044604925E-16,0.));
#12503 = DIRECTION('',(0.,0.,1.));
#12504 = ADVANCED_FACE('',(#12505),#12516,.F.);
#12505 = FACE_BOUND('',#12506,.F.);
#12506 = EDGE_LOOP('',(#12507,#12513,#12514,#12515));
#12507 = ORIENTED_EDGE('',*,*,#12508,.T.);
#12508 = EDGE_CURVE('',#11560,#11337,#12509,.T.);
#12509 = LINE('',#12510,#12511);
#12510 = CARTESIAN_POINT('',(2.65,-0.43,0.2));
#12511 = VECTOR('',#12512,1.);
#12512 = DIRECTION('',(2.22044604925E-16,-1.,0.));
#12513 = ORIENTED_EDGE('',*,*,#11344,.T.);
#12514 = ORIENTED_EDGE('',*,*,#12491,.F.);
#12515 = ORIENTED_EDGE('',*,*,#11567,.F.);
#12516 = CYLINDRICAL_SURFACE('',#12517,0.1);
#12517 = AXIS2_PLACEMENT_3D('',#12518,#12519,#12520);
#12518 = CARTESIAN_POINT('',(2.65,-0.43,0.3));
#12519 = DIRECTION('',(-2.22044604925E-16,1.,0.));
#12520 = DIRECTION('',(0.,0.,-1.));
#12521 = ADVANCED_FACE('',(#12522),#12533,.F.);
#12522 = FACE_BOUND('',#12523,.F.);
#12523 = EDGE_LOOP('',(#12524,#12530,#12531,#12532));
#12524 = ORIENTED_EDGE('',*,*,#12525,.T.);
#12525 = EDGE_CURVE('',#11552,#11329,#12526,.T.);
#12526 = LINE('',#12527,#12528);
#12527 = CARTESIAN_POINT('',(3.,-0.43,0.2));
#12528 = VECTOR('',#12529,1.);
#12529 = DIRECTION('',(2.22044604925E-16,-1.,0.));
#12530 = ORIENTED_EDGE('',*,*,#11336,.T.);
#12531 = ORIENTED_EDGE('',*,*,#12508,.F.);
#12532 = ORIENTED_EDGE('',*,*,#11559,.F.);
#12533 = PLANE('',#12534);
#12534 = AXIS2_PLACEMENT_3D('',#12535,#12536,#12537);
#12535 = CARTESIAN_POINT('',(3.,-0.43,0.2));
#12536 = DIRECTION('',(0.,0.,-1.));
#12537 = DIRECTION('',(-1.,-2.22044604925E-16,-0.));
#12538 = ADVANCED_FACE('',(#12539),#12550,.F.);
#12539 = FACE_BOUND('',#12540,.F.);
#12540 = EDGE_LOOP('',(#12541,#12547,#12548,#12549));
#12541 = ORIENTED_EDGE('',*,*,#12542,.T.);
#12542 = EDGE_CURVE('',#11544,#11321,#12543,.T.);
#12543 = LINE('',#12544,#12545);
#12544 = CARTESIAN_POINT('',(3.,-0.43,5.551115123126E-17));
#12545 = VECTOR('',#12546,1.);
#12546 = DIRECTION('',(2.22044604925E-16,-1.,0.));
#12547 = ORIENTED_EDGE('',*,*,#11328,.T.);
#12548 = ORIENTED_EDGE('',*,*,#12525,.F.);
#12549 = ORIENTED_EDGE('',*,*,#11551,.F.);
#12550 = PLANE('',#12551);
#12551 = AXIS2_PLACEMENT_3D('',#12552,#12553,#12554);
#12552 = CARTESIAN_POINT('',(3.,-0.43,5.551115123126E-17));
#12553 = DIRECTION('',(-1.,-2.22044604925E-16,0.));
#12554 = DIRECTION('',(0.,0.,1.));
#12555 = ADVANCED_FACE('',(#12556),#12567,.F.);
#12556 = FACE_BOUND('',#12557,.F.);
#12557 = EDGE_LOOP('',(#12558,#12564,#12565,#12566));
#12558 = ORIENTED_EDGE('',*,*,#12559,.T.);
#12559 = EDGE_CURVE('',#11535,#11312,#12560,.T.);
#12560 = LINE('',#12561,#12562);
#12561 = CARTESIAN_POINT('',(2.65,-0.43,5.551115123126E-17));
#12562 = VECTOR('',#12563,1.);
#12563 = DIRECTION('',(2.22044604925E-16,-1.,0.));
#12564 = ORIENTED_EDGE('',*,*,#11320,.T.);
#12565 = ORIENTED_EDGE('',*,*,#12542,.F.);
#12566 = ORIENTED_EDGE('',*,*,#11543,.F.);
#12567 = PLANE('',#12568);
#12568 = AXIS2_PLACEMENT_3D('',#12569,#12570,#12571);
#12569 = CARTESIAN_POINT('',(2.65,-0.43,5.551115123126E-17));
#12570 = DIRECTION('',(0.,0.,1.));
#12571 = DIRECTION('',(1.,2.22044604925E-16,-0.));
#12572 = ADVANCED_FACE('',(#12573),#12584,.T.);
#12573 = FACE_BOUND('',#12574,.T.);
#12574 = EDGE_LOOP('',(#12575,#12576,#12577,#12578));
#12575 = ORIENTED_EDGE('',*,*,#11534,.T.);
#12576 = ORIENTED_EDGE('',*,*,#12559,.T.);
#12577 = ORIENTED_EDGE('',*,*,#11311,.F.);
#12578 = ORIENTED_EDGE('',*,*,#12579,.F.);
#12579 = EDGE_CURVE('',#11527,#11304,#12580,.T.);
#12580 = LINE('',#12581,#12582);
#12581 = CARTESIAN_POINT('',(2.35,-0.43,0.3));
#12582 = VECTOR('',#12583,1.);
#12583 = DIRECTION('',(2.22044604925E-16,-1.,0.));
#12584 = CYLINDRICAL_SURFACE('',#12585,0.3);
#12585 = AXIS2_PLACEMENT_3D('',#12586,#12587,#12588);
#12586 = CARTESIAN_POINT('',(2.65,-0.43,0.3));
#12587 = DIRECTION('',(-2.22044604925E-16,1.,-0.));
#12588 = DIRECTION('',(-1.,-2.22044604925E-16,3.515706244646E-15));
#12589 = ADVANCED_FACE('',(#12590),#12596,.F.);
#12590 = FACE_BOUND('',#12591,.F.);
#12591 = EDGE_LOOP('',(#12592,#12593,#12594,#12595));
#12592 = ORIENTED_EDGE('',*,*,#11609,.T.);
#12593 = ORIENTED_EDGE('',*,*,#11303,.T.);
#12594 = ORIENTED_EDGE('',*,*,#12579,.F.);
#12595 = ORIENTED_EDGE('',*,*,#11526,.F.);
#12596 = PLANE('',#12597);
#12597 = AXIS2_PLACEMENT_3D('',#12598,#12599,#12600);
#12598 = CARTESIAN_POINT('',(2.35,-0.43,0.725));
#12599 = DIRECTION('',(1.,2.22044604925E-16,1.044915787883E-15));
#12600 = DIRECTION('',(1.044915787883E-15,2.320179133003E-31,-1.));
#12601 = ADVANCED_FACE('',(#12602),#12619,.F.);
#12602 = FACE_BOUND('',#12603,.F.);
#12603 = EDGE_LOOP('',(#12604,#12605,#12606,#12614));
#12604 = ORIENTED_EDGE('',*,*,#11671,.T.);
#12605 = ORIENTED_EDGE('',*,*,#11656,.T.);
#12606 = ORIENTED_EDGE('',*,*,#12607,.F.);
#12607 = EDGE_CURVE('',#12608,#11649,#12610,.T.);
#12608 = VERTEX_POINT('',#12609);
#12609 = CARTESIAN_POINT('',(-1.7375,2.375,1.025));
#12610 = LINE('',#12611,#12612);
#12611 = CARTESIAN_POINT('',(-1.7375,2.375,1.025));
#12612 = VECTOR('',#12613,1.);
#12613 = DIRECTION('',(1.,2.22044604925E-16,0.));
#12614 = ORIENTED_EDGE('',*,*,#12615,.F.);
#12615 = EDGE_CURVE('',#11672,#12608,#12616,.T.);
#12616 = B_SPLINE_CURVE_WITH_KNOTS('',1,(#12617,#12618),.UNSPECIFIED.,
  .F.,.F.,(2,2),(0.,1.),.PIECEWISE_BEZIER_KNOTS.);
#12617 = CARTESIAN_POINT('',(-1.775,2.45,1.025));
#12618 = CARTESIAN_POINT('',(-1.7375,2.375,1.025));
#12619 = B_SPLINE_SURFACE_WITH_KNOTS('',1,1,(
    (#12620,#12621)
    ,(#12622,#12623
    )),.UNSPECIFIED.,.F.,.F.,.F.,(2,2),(2,2),(0.,3.55),(0.,1.),
  .PIECEWISE_BEZIER_KNOTS.);
#12620 = CARTESIAN_POINT('',(-1.775,2.45,1.025));
#12621 = CARTESIAN_POINT('',(-1.7375,2.375,1.025));
#12622 = CARTESIAN_POINT('',(1.775,2.45,1.025));
#12623 = CARTESIAN_POINT('',(1.7375,2.375,1.025));
#12624 = ADVANCED_FACE('',(#12625),#12635,.F.);
#12625 = FACE_BOUND('',#12626,.F.);
#12626 = EDGE_LOOP('',(#12627,#12628,#12629,#12630));
#12627 = ORIENTED_EDGE('',*,*,#12607,.T.);
#12628 = ORIENTED_EDGE('',*,*,#11702,.T.);
#12629 = ORIENTED_EDGE('',*,*,#11715,.F.);
#12630 = ORIENTED_EDGE('',*,*,#12631,.F.);
#12631 = EDGE_CURVE('',#12608,#11716,#12632,.T.);
#12632 = B_SPLINE_CURVE_WITH_KNOTS('',1,(#12633,#12634),.UNSPECIFIED.,
  .F.,.F.,(2,2),(0.,1.),.PIECEWISE_BEZIER_KNOTS.);
#12633 = CARTESIAN_POINT('',(-1.7375,2.375,1.025));
#12634 = CARTESIAN_POINT('',(-1.680085640382,2.260171280765,1.75));
#12635 = B_SPLINE_SURFACE_WITH_KNOTS('',1,1,(
    (#12636,#12637)
    ,(#12638,#12639
    )),.UNSPECIFIED.,.F.,.F.,.F.,(2,2),(2,2),(0.,3.475),(0.,1.),
  .PIECEWISE_BEZIER_KNOTS.);
#12636 = CARTESIAN_POINT('',(-1.7375,2.375,1.025));
#12637 = CARTESIAN_POINT('',(-1.680085640382,2.260171280765,1.75));
#12638 = CARTESIAN_POINT('',(1.7375,2.375,1.025));
#12639 = CARTESIAN_POINT('',(1.680085640382,2.260171280765,1.75));
#12640 = ADVANCED_FACE('',(#12641),#12658,.F.);
#12641 = FACE_BOUND('',#12642,.F.);
#12642 = EDGE_LOOP('',(#12643,#12651,#12652,#12653));
#12643 = ORIENTED_EDGE('',*,*,#12644,.T.);
#12644 = EDGE_CURVE('',#12645,#12608,#12647,.T.);
#12645 = VERTEX_POINT('',#12646);
#12646 = CARTESIAN_POINT('',(-1.875,2.2375,1.025));
#12647 = LINE('',#12648,#12649);
#12648 = CARTESIAN_POINT('',(-1.875,2.2375,1.025));
#12649 = VECTOR('',#12650,1.);
#12650 = DIRECTION('',(0.707106781187,0.707106781187,0.));
#12651 = ORIENTED_EDGE('',*,*,#12631,.T.);
#12652 = ORIENTED_EDGE('',*,*,#11757,.F.);
#12653 = ORIENTED_EDGE('',*,*,#12654,.F.);
#12654 = EDGE_CURVE('',#12645,#11750,#12655,.T.);
#12655 = B_SPLINE_CURVE_WITH_KNOTS('',1,(#12656,#12657),.UNSPECIFIED.,
  .F.,.F.,(2,2),(0.,1.),.PIECEWISE_BEZIER_KNOTS.);
#12656 = CARTESIAN_POINT('',(-1.875,2.2375,1.025));
#12657 = CARTESIAN_POINT('',(-1.760171280765,2.180085640382,1.75));
#12658 = B_SPLINE_SURFACE_WITH_KNOTS('',1,1,(
    (#12659,#12660)
    ,(#12661,#12662
    )),.UNSPECIFIED.,.F.,.F.,.F.,(2,2),(2,2),(0.,0.194454364826),(0.,1.)
  ,.PIECEWISE_BEZIER_KNOTS.);
#12659 = CARTESIAN_POINT('',(-1.875,2.2375,1.025));
#12660 = CARTESIAN_POINT('',(-1.760171280765,2.180085640382,1.75));
#12661 = CARTESIAN_POINT('',(-1.7375,2.375,1.025));
#12662 = CARTESIAN_POINT('',(-1.680085640382,2.260171280765,1.75));
#12663 = ADVANCED_FACE('',(#12664),#12745,.F.);
#12664 = FACE_BOUND('',#12665,.F.);
#12665 = EDGE_LOOP('',(#12666,#12676,#12684,#12692,#12700,#12708,#12716,
    #12724,#12732,#12738,#12739,#12740));
#12666 = ORIENTED_EDGE('',*,*,#12667,.T.);
#12667 = EDGE_CURVE('',#12668,#12670,#12672,.T.);
#12668 = VERTEX_POINT('',#12669);
#12669 = CARTESIAN_POINT('',(-1.875,-2.2375,1.025));
#12670 = VERTEX_POINT('',#12671);
#12671 = CARTESIAN_POINT('',(-1.875,-2.11,1.025));
#12672 = LINE('',#12673,#12674);
#12673 = CARTESIAN_POINT('',(-1.875,-2.2375,1.025));
#12674 = VECTOR('',#12675,1.);
#12675 = DIRECTION('',(-2.22044604925E-16,1.,0.));
#12676 = ORIENTED_EDGE('',*,*,#12677,.T.);
#12677 = EDGE_CURVE('',#12670,#12678,#12680,.T.);
#12678 = VERTEX_POINT('',#12679);
#12679 = CARTESIAN_POINT('',(-1.875,-1.7,1.025));
#12680 = LINE('',#12681,#12682);
#12681 = CARTESIAN_POINT('',(-1.875,-2.2375,1.025));
#12682 = VECTOR('',#12683,1.);
#12683 = DIRECTION('',(-2.22044604925E-16,1.,0.));
#12684 = ORIENTED_EDGE('',*,*,#12685,.T.);
#12685 = EDGE_CURVE('',#12678,#12686,#12688,.T.);
#12686 = VERTEX_POINT('',#12687);
#12687 = CARTESIAN_POINT('',(-1.875,-0.84,1.025));
#12688 = LINE('',#12689,#12690);
#12689 = CARTESIAN_POINT('',(-1.875,-2.2375,1.025));
#12690 = VECTOR('',#12691,1.);
#12691 = DIRECTION('',(-2.22044604925E-16,1.,0.));
#12692 = ORIENTED_EDGE('',*,*,#12693,.T.);
#12693 = EDGE_CURVE('',#12686,#12694,#12696,.T.);
#12694 = VERTEX_POINT('',#12695);
#12695 = CARTESIAN_POINT('',(-1.875,-0.43,1.025));
#12696 = LINE('',#12697,#12698);
#12697 = CARTESIAN_POINT('',(-1.875,-2.2375,1.025));
#12698 = VECTOR('',#12699,1.);
#12699 = DIRECTION('',(-2.22044604925E-16,1.,0.));
#12700 = ORIENTED_EDGE('',*,*,#12701,.T.);
#12701 = EDGE_CURVE('',#12694,#12702,#12704,.T.);
#12702 = VERTEX_POINT('',#12703);
#12703 = CARTESIAN_POINT('',(-1.875,0.43,1.025));
#12704 = LINE('',#12705,#12706);
#12705 = CARTESIAN_POINT('',(-1.875,-2.2375,1.025));
#12706 = VECTOR('',#12707,1.);
#12707 = DIRECTION('',(-2.22044604925E-16,1.,0.));
#12708 = ORIENTED_EDGE('',*,*,#12709,.T.);
#12709 = EDGE_CURVE('',#12702,#12710,#12712,.T.);
#12710 = VERTEX_POINT('',#12711);
#12711 = CARTESIAN_POINT('',(-1.875,0.84,1.025));
#12712 = LINE('',#12713,#12714);
#12713 = CARTESIAN_POINT('',(-1.875,-2.2375,1.025));
#12714 = VECTOR('',#12715,1.);
#12715 = DIRECTION('',(-2.22044604925E-16,1.,0.));
#12716 = ORIENTED_EDGE('',*,*,#12717,.T.);
#12717 = EDGE_CURVE('',#12710,#12718,#12720,.T.);
#12718 = VERTEX_POINT('',#12719);
#12719 = CARTESIAN_POINT('',(-1.875,1.7,1.025));
#12720 = LINE('',#12721,#12722);
#12721 = CARTESIAN_POINT('',(-1.875,-2.2375,1.025));
#12722 = VECTOR('',#12723,1.);
#12723 = DIRECTION('',(-2.22044604925E-16,1.,0.));
#12724 = ORIENTED_EDGE('',*,*,#12725,.T.);
#12725 = EDGE_CURVE('',#12718,#12726,#12728,.T.);
#12726 = VERTEX_POINT('',#12727);
#12727 = CARTESIAN_POINT('',(-1.875,2.11,1.025));
#12728 = LINE('',#12729,#12730);
#12729 = CARTESIAN_POINT('',(-1.875,-2.2375,1.025));
#12730 = VECTOR('',#12731,1.);
#12731 = DIRECTION('',(-2.22044604925E-16,1.,0.));
#12732 = ORIENTED_EDGE('',*,*,#12733,.T.);
#12733 = EDGE_CURVE('',#12726,#12645,#12734,.T.);
#12734 = LINE('',#12735,#12736);
#12735 = CARTESIAN_POINT('',(-1.875,-2.2375,1.025));
#12736 = VECTOR('',#12737,1.);
#12737 = DIRECTION('',(-2.22044604925E-16,1.,0.));
#12738 = ORIENTED_EDGE('',*,*,#12654,.T.);
#12739 = ORIENTED_EDGE('',*,*,#11749,.F.);
#12740 = ORIENTED_EDGE('',*,*,#12741,.F.);
#12741 = EDGE_CURVE('',#12668,#11742,#12742,.T.);
#12742 = B_SPLINE_CURVE_WITH_KNOTS('',1,(#12743,#12744),.UNSPECIFIED.,
  .F.,.F.,(2,2),(0.,1.),.PIECEWISE_BEZIER_KNOTS.);
#12743 = CARTESIAN_POINT('',(-1.875,-2.2375,1.025));
#12744 = CARTESIAN_POINT('',(-1.760171280765,-2.180085640382,1.75));
#12745 = B_SPLINE_SURFACE_WITH_KNOTS('',1,1,(
    (#12746,#12747)
    ,(#12748,#12749
    )),.UNSPECIFIED.,.F.,.F.,.F.,(2,2),(2,2),(0.,4.475),(0.,1.),
  .PIECEWISE_BEZIER_KNOTS.);
#12746 = CARTESIAN_POINT('',(-1.875,-2.2375,1.025));
#12747 = CARTESIAN_POINT('',(-1.760171280765,-2.180085640382,1.75));
#12748 = CARTESIAN_POINT('',(-1.875,2.2375,1.025));
#12749 = CARTESIAN_POINT('',(-1.760171280765,2.180085640382,1.75));
#12750 = ADVANCED_FACE('',(#12751),#12768,.F.);
#12751 = FACE_BOUND('',#12752,.F.);
#12752 = EDGE_LOOP('',(#12753,#12761,#12762,#12763));
#12753 = ORIENTED_EDGE('',*,*,#12754,.T.);
#12754 = EDGE_CURVE('',#12755,#12668,#12757,.T.);
#12755 = VERTEX_POINT('',#12756);
#12756 = CARTESIAN_POINT('',(-1.7375,-2.375,1.025));
#12757 = LINE('',#12758,#12759);
#12758 = CARTESIAN_POINT('',(-1.7375,-2.375,1.025));
#12759 = VECTOR('',#12760,1.);
#12760 = DIRECTION('',(-0.707106781187,0.707106781187,0.));
#12761 = ORIENTED_EDGE('',*,*,#12741,.T.);
#12762 = ORIENTED_EDGE('',*,*,#11741,.F.);
#12763 = ORIENTED_EDGE('',*,*,#12764,.F.);
#12764 = EDGE_CURVE('',#12755,#11734,#12765,.T.);
#12765 = B_SPLINE_CURVE_WITH_KNOTS('',1,(#12766,#12767),.UNSPECIFIED.,
  .F.,.F.,(2,2),(0.,1.),.PIECEWISE_BEZIER_KNOTS.);
#12766 = CARTESIAN_POINT('',(-1.7375,-2.375,1.025));
#12767 = CARTESIAN_POINT('',(-1.680085640382,-2.260171280765,1.75));
#12768 = B_SPLINE_SURFACE_WITH_KNOTS('',1,1,(
    (#12769,#12770)
    ,(#12771,#12772
    )),.UNSPECIFIED.,.F.,.F.,.F.,(2,2),(2,2),(0.,0.194454364826),(0.,1.)
  ,.PIECEWISE_BEZIER_KNOTS.);
#12769 = CARTESIAN_POINT('',(-1.7375,-2.375,1.025));
#12770 = CARTESIAN_POINT('',(-1.680085640382,-2.260171280765,1.75));
#12771 = CARTESIAN_POINT('',(-1.875,-2.2375,1.025));
#12772 = CARTESIAN_POINT('',(-1.760171280765,-2.180085640382,1.75));
#12773 = ADVANCED_FACE('',(#12774),#12785,.F.);
#12774 = FACE_BOUND('',#12775,.F.);
#12775 = EDGE_LOOP('',(#12776,#12782,#12783,#12784));
#12776 = ORIENTED_EDGE('',*,*,#12777,.T.);
#12777 = EDGE_CURVE('',#11783,#12755,#12778,.T.);
#12778 = LINE('',#12779,#12780);
#12779 = CARTESIAN_POINT('',(1.7375,-2.375,1.025));
#12780 = VECTOR('',#12781,1.);
#12781 = DIRECTION('',(-1.,-2.22044604925E-16,0.));
#12782 = ORIENTED_EDGE('',*,*,#12764,.T.);
#12783 = ORIENTED_EDGE('',*,*,#11733,.F.);
#12784 = ORIENTED_EDGE('',*,*,#11790,.F.);
#12785 = B_SPLINE_SURFACE_WITH_KNOTS('',1,1,(
    (#12786,#12787)
    ,(#12788,#12789
    )),.UNSPECIFIED.,.F.,.F.,.F.,(2,2),(2,2),(0.,3.475),(0.,1.),
  .PIECEWISE_BEZIER_KNOTS.);
#12786 = CARTESIAN_POINT('',(1.7375,-2.375,1.025));
#12787 = CARTESIAN_POINT('',(1.680085640382,-2.260171280765,1.75));
#12788 = CARTESIAN_POINT('',(-1.7375,-2.375,1.025));
#12789 = CARTESIAN_POINT('',(-1.680085640382,-2.260171280765,1.75));
#12790 = ADVANCED_FACE('',(#12791),#12810,.F.);
#12791 = FACE_BOUND('',#12792,.F.);
#12792 = EDGE_LOOP('',(#12793,#12802,#12808,#12809));
#12793 = ORIENTED_EDGE('',*,*,#12794,.T.);
#12794 = EDGE_CURVE('',#12795,#12795,#12797,.T.);
#12795 = VERTEX_POINT('',#12796);
#12796 = CARTESIAN_POINT('',(-1.110171280765,1.310171280765,1.7));
#12797 = CIRCLE('',#12798,0.3);
#12798 = AXIS2_PLACEMENT_3D('',#12799,#12800,#12801);
#12799 = CARTESIAN_POINT('',(-1.110171280765,1.610171280765,1.7));
#12800 = DIRECTION('',(-0.,0.,1.));
#12801 = DIRECTION('',(2.22044604925E-16,-1.,0.));
#12802 = ORIENTED_EDGE('',*,*,#12803,.F.);
#12803 = EDGE_CURVE('',#11766,#12795,#12804,.T.);
#12804 = LINE('',#12805,#12806);
#12805 = CARTESIAN_POINT('',(-1.110171280765,1.310171280765,1.75));
#12806 = VECTOR('',#12807,1.);
#12807 = DIRECTION('',(0.,-0.,-1.));
#12808 = ORIENTED_EDGE('',*,*,#11765,.F.);
#12809 = ORIENTED_EDGE('',*,*,#12803,.T.);
#12810 = CYLINDRICAL_SURFACE('',#12811,0.3);
#12811 = AXIS2_PLACEMENT_3D('',#12812,#12813,#12814);
#12812 = CARTESIAN_POINT('',(-1.110171280765,1.610171280765,1.75));
#12813 = DIRECTION('',(-0.,0.,-1.));
#12814 = DIRECTION('',(2.22044604925E-16,-1.,-0.));
#12815 = ADVANCED_FACE('',(#12816),#12826,.F.);
#12816 = FACE_BOUND('',#12817,.F.);
#12817 = EDGE_LOOP('',(#12818,#12819,#12824,#12825));
#12818 = ORIENTED_EDGE('',*,*,#12001,.T.);
#12819 = ORIENTED_EDGE('',*,*,#12820,.T.);
#12820 = EDGE_CURVE('',#11995,#12755,#12821,.T.);
#12821 = B_SPLINE_CURVE_WITH_KNOTS('',1,(#12822,#12823),.UNSPECIFIED.,
  .F.,.F.,(2,2),(0.,1.),.PIECEWISE_BEZIER_KNOTS.);
#12822 = CARTESIAN_POINT('',(-1.775,-2.45,1.025));
#12823 = CARTESIAN_POINT('',(-1.7375,-2.375,1.025));
#12824 = ORIENTED_EDGE('',*,*,#12777,.F.);
#12825 = ORIENTED_EDGE('',*,*,#12328,.F.);
#12826 = B_SPLINE_SURFACE_WITH_KNOTS('',1,1,(
    (#12827,#12828)
    ,(#12829,#12830
    )),.UNSPECIFIED.,.F.,.F.,.F.,(2,2),(2,2),(0.,3.55),(0.,1.),
  .PIECEWISE_BEZIER_KNOTS.);
#12827 = CARTESIAN_POINT('',(1.775,-2.45,1.025));
#12828 = CARTESIAN_POINT('',(1.7375,-2.375,1.025));
#12829 = CARTESIAN_POINT('',(-1.775,-2.45,1.025));
#12830 = CARTESIAN_POINT('',(-1.7375,-2.375,1.025));
#12831 = ADVANCED_FACE('',(#12832),#12842,.F.);
#12832 = FACE_BOUND('',#12833,.F.);
#12833 = EDGE_LOOP('',(#12834,#12835,#12840,#12841));
#12834 = ORIENTED_EDGE('',*,*,#12024,.T.);
#12835 = ORIENTED_EDGE('',*,*,#12836,.T.);
#12836 = EDGE_CURVE('',#12018,#12668,#12837,.T.);
#12837 = B_SPLINE_CURVE_WITH_KNOTS('',1,(#12838,#12839),.UNSPECIFIED.,
  .F.,.F.,(2,2),(0.,1.),.PIECEWISE_BEZIER_KNOTS.);
#12838 = CARTESIAN_POINT('',(-1.95,-2.275,1.025));
#12839 = CARTESIAN_POINT('',(-1.875,-2.2375,1.025));
#12840 = ORIENTED_EDGE('',*,*,#12754,.F.);
#12841 = ORIENTED_EDGE('',*,*,#12820,.F.);
#12842 = B_SPLINE_SURFACE_WITH_KNOTS('',1,1,(
    (#12843,#12844)
    ,(#12845,#12846
    )),.UNSPECIFIED.,.F.,.F.,.F.,(2,2),(2,2),(0.,0.247487373415),(0.,1.)
  ,.PIECEWISE_BEZIER_KNOTS.);
#12843 = CARTESIAN_POINT('',(-1.775,-2.45,1.025));
#12844 = CARTESIAN_POINT('',(-1.7375,-2.375,1.025));
#12845 = CARTESIAN_POINT('',(-1.95,-2.275,1.025));
#12846 = CARTESIAN_POINT('',(-1.875,-2.2375,1.025));
#12847 = ADVANCED_FACE('',(#12848),#12859,.F.);
#12848 = FACE_BOUND('',#12849,.F.);
#12849 = EDGE_LOOP('',(#12850,#12851,#12852,#12858));
#12850 = ORIENTED_EDGE('',*,*,#12836,.F.);
#12851 = ORIENTED_EDGE('',*,*,#12049,.T.);
#12852 = ORIENTED_EDGE('',*,*,#12853,.T.);
#12853 = EDGE_CURVE('',#12042,#12670,#12854,.T.);
#12854 = LINE('',#12855,#12856);
#12855 = CARTESIAN_POINT('',(-2.25,-2.11,1.025));
#12856 = VECTOR('',#12857,1.);
#12857 = DIRECTION('',(1.,9.95799250103E-17,0.));
#12858 = ORIENTED_EDGE('',*,*,#12667,.F.);
#12859 = B_SPLINE_SURFACE_WITH_KNOTS('',1,1,(
    (#12860,#12861)
    ,(#12862,#12863
    )),.UNSPECIFIED.,.F.,.F.,.F.,(2,2),(2,2),(0.,4.55),(0.,1.),
  .PIECEWISE_BEZIER_KNOTS.);
#12860 = CARTESIAN_POINT('',(-1.95,-2.275,1.025));
#12861 = CARTESIAN_POINT('',(-1.875,-2.2375,1.025));
#12862 = CARTESIAN_POINT('',(-1.95,2.275,1.025));
#12863 = CARTESIAN_POINT('',(-1.875,2.2375,1.025));
#12864 = ADVANCED_FACE('',(#12865),#12951,.F.);
#12865 = FACE_BOUND('',#12866,.F.);
#12866 = EDGE_LOOP('',(#12867,#12868,#12869,#12878,#12886,#12895,#12903,
    #12911,#12919,#12928,#12936,#12945));
#12867 = ORIENTED_EDGE('',*,*,#12041,.F.);
#12868 = ORIENTED_EDGE('',*,*,#12093,.T.);
#12869 = ORIENTED_EDGE('',*,*,#12870,.T.);
#12870 = EDGE_CURVE('',#12094,#12871,#12873,.T.);
#12871 = VERTEX_POINT('',#12872);
#12872 = CARTESIAN_POINT('',(-2.35,-2.11,0.725));
#12873 = CIRCLE('',#12874,0.1);
#12874 = AXIS2_PLACEMENT_3D('',#12875,#12876,#12877);
#12875 = CARTESIAN_POINT('',(-2.25,-2.11,0.725));
#12876 = DIRECTION('',(9.95799250103E-17,-1.,1.294197968281E-47));
#12877 = DIRECTION('',(-4.440892098501E-15,-4.422237021476E-31,1.));
#12878 = ORIENTED_EDGE('',*,*,#12879,.T.);
#12879 = EDGE_CURVE('',#12871,#12880,#12882,.T.);
#12880 = VERTEX_POINT('',#12881);
#12881 = CARTESIAN_POINT('',(-2.35,-2.11,0.3));
#12882 = LINE('',#12883,#12884);
#12883 = CARTESIAN_POINT('',(-2.35,-2.11,0.725));
#12884 = VECTOR('',#12885,1.);
#12885 = DIRECTION('',(-1.044915787883E-15,-1.040526357994E-31,-1.));
#12886 = ORIENTED_EDGE('',*,*,#12887,.T.);
#12887 = EDGE_CURVE('',#12880,#12888,#12890,.T.);
#12888 = VERTEX_POINT('',#12889);
#12889 = CARTESIAN_POINT('',(-2.65,-2.11,5.551115123126E-17));
#12890 = CIRCLE('',#12891,0.3);
#12891 = AXIS2_PLACEMENT_3D('',#12892,#12893,#12894);
#12892 = CARTESIAN_POINT('',(-2.65,-2.11,0.3));
#12893 = DIRECTION('',(-9.95799250103E-17,1.,0.));
#12894 = DIRECTION('',(1.,9.95799250103E-17,3.515706244646E-15));
#12895 = ORIENTED_EDGE('',*,*,#12896,.T.);
#12896 = EDGE_CURVE('',#12888,#12897,#12899,.T.);
#12897 = VERTEX_POINT('',#12898);
#12898 = CARTESIAN_POINT('',(-3.,-2.11,5.551115123126E-17));
#12899 = LINE('',#12900,#12901);
#12900 = CARTESIAN_POINT('',(-2.65,-2.11,5.551115123126E-17));
#12901 = VECTOR('',#12902,1.);
#12902 = DIRECTION('',(-1.,-9.95799250103E-17,0.));
#12903 = ORIENTED_EDGE('',*,*,#12904,.T.);
#12904 = EDGE_CURVE('',#12897,#12905,#12907,.T.);
#12905 = VERTEX_POINT('',#12906);
#12906 = CARTESIAN_POINT('',(-3.,-2.11,0.2));
#12907 = LINE('',#12908,#12909);
#12908 = CARTESIAN_POINT('',(-3.,-2.11,5.551115123126E-17));
#12909 = VECTOR('',#12910,1.);
#12910 = DIRECTION('',(0.,0.,1.));
#12911 = ORIENTED_EDGE('',*,*,#12912,.T.);
#12912 = EDGE_CURVE('',#12905,#12913,#12915,.T.);
#12913 = VERTEX_POINT('',#12914);
#12914 = CARTESIAN_POINT('',(-2.65,-2.11,0.2));
#12915 = LINE('',#12916,#12917);
#12916 = CARTESIAN_POINT('',(-3.,-2.11,0.2));
#12917 = VECTOR('',#12918,1.);
#12918 = DIRECTION('',(1.,9.95799250103E-17,0.));
#12919 = ORIENTED_EDGE('',*,*,#12920,.T.);
#12920 = EDGE_CURVE('',#12913,#12921,#12923,.T.);
#12921 = VERTEX_POINT('',#12922);
#12922 = CARTESIAN_POINT('',(-2.55,-2.11,0.3));
#12923 = CIRCLE('',#12924,0.1);
#12924 = AXIS2_PLACEMENT_3D('',#12925,#12926,#12927);
#12925 = CARTESIAN_POINT('',(-2.65,-2.11,0.3));
#12926 = DIRECTION('',(9.95799250103E-17,-1.,-0.));
#12927 = DIRECTION('',(-0.,0.,-1.));
#12928 = ORIENTED_EDGE('',*,*,#12929,.T.);
#12929 = EDGE_CURVE('',#12921,#12930,#12932,.T.);
#12930 = VERTEX_POINT('',#12931);
#12931 = CARTESIAN_POINT('',(-2.55,-2.11,0.725));
#12932 = LINE('',#12933,#12934);
#12933 = CARTESIAN_POINT('',(-2.55,-2.11,0.3));
#12934 = VECTOR('',#12935,1.);
#12935 = DIRECTION('',(0.,0.,1.));
#12936 = ORIENTED_EDGE('',*,*,#12937,.T.);
#12937 = EDGE_CURVE('',#12930,#12938,#12940,.T.);
#12938 = VERTEX_POINT('',#12939);
#12939 = CARTESIAN_POINT('',(-2.25,-2.11,1.025));
#12940 = CIRCLE('',#12941,0.3);
#12941 = AXIS2_PLACEMENT_3D('',#12942,#12943,#12944);
#12942 = CARTESIAN_POINT('',(-2.25,-2.11,0.725));
#12943 = DIRECTION('',(-9.95799250103E-17,1.,0.));
#12944 = DIRECTION('',(-1.,-9.95799250103E-17,3.700743415417E-16));
#12945 = ORIENTED_EDGE('',*,*,#12946,.T.);
#12946 = EDGE_CURVE('',#12938,#12042,#12947,.T.);
#12947 = LINE('',#12948,#12949);
#12948 = CARTESIAN_POINT('',(-2.25,-2.11,1.025));
#12949 = VECTOR('',#12950,1.);
#12950 = DIRECTION('',(1.,9.95799250103E-17,0.));
#12951 = PLANE('',#12952);
#12952 = AXIS2_PLACEMENT_3D('',#12953,#12954,#12955);
#12953 = CARTESIAN_POINT('',(-2.41578967201,-2.11,0.532659657565));
#12954 = DIRECTION('',(-9.95799250103E-17,1.,0.));
#12955 = DIRECTION('',(0.,0.,1.));
#12956 = ADVANCED_FACE('',(#12957),#13043,.T.);
#12957 = FACE_BOUND('',#12958,.T.);
#12958 = EDGE_LOOP('',(#12959,#12960,#12961,#12970,#12978,#12987,#12995,
    #13003,#13011,#13020,#13028,#13037));
#12959 = ORIENTED_EDGE('',*,*,#12063,.F.);
#12960 = ORIENTED_EDGE('',*,*,#12133,.T.);
#12961 = ORIENTED_EDGE('',*,*,#12962,.T.);
#12962 = EDGE_CURVE('',#12134,#12963,#12965,.T.);
#12963 = VERTEX_POINT('',#12964);
#12964 = CARTESIAN_POINT('',(-2.35,2.11,0.725));
#12965 = CIRCLE('',#12966,0.1);
#12966 = AXIS2_PLACEMENT_3D('',#12967,#12968,#12969);
#12967 = CARTESIAN_POINT('',(-2.25,2.11,0.725));
#12968 = DIRECTION('',(9.95799250103E-17,-1.,1.294197968281E-47));
#12969 = DIRECTION('',(-4.440892098501E-15,-4.422237021476E-31,1.));
#12970 = ORIENTED_EDGE('',*,*,#12971,.T.);
#12971 = EDGE_CURVE('',#12963,#12972,#12974,.T.);
#12972 = VERTEX_POINT('',#12973);
#12973 = CARTESIAN_POINT('',(-2.35,2.11,0.3));
#12974 = LINE('',#12975,#12976);
#12975 = CARTESIAN_POINT('',(-2.35,2.11,0.725));
#12976 = VECTOR('',#12977,1.);
#12977 = DIRECTION('',(-1.044915787883E-15,-1.040526357994E-31,-1.));
#12978 = ORIENTED_EDGE('',*,*,#12979,.T.);
#12979 = EDGE_CURVE('',#12972,#12980,#12982,.T.);
#12980 = VERTEX_POINT('',#12981);
#12981 = CARTESIAN_POINT('',(-2.65,2.11,5.551115123126E-17));
#12982 = CIRCLE('',#12983,0.3);
#12983 = AXIS2_PLACEMENT_3D('',#12984,#12985,#12986);
#12984 = CARTESIAN_POINT('',(-2.65,2.11,0.3));
#12985 = DIRECTION('',(-9.95799250103E-17,1.,0.));
#12986 = DIRECTION('',(1.,9.95799250103E-17,3.515706244646E-15));
#12987 = ORIENTED_EDGE('',*,*,#12988,.T.);
#12988 = EDGE_CURVE('',#12980,#12989,#12991,.T.);
#12989 = VERTEX_POINT('',#12990);
#12990 = CARTESIAN_POINT('',(-3.,2.11,5.551115123126E-17));
#12991 = LINE('',#12992,#12993);
#12992 = CARTESIAN_POINT('',(-2.65,2.11,5.551115123126E-17));
#12993 = VECTOR('',#12994,1.);
#12994 = DIRECTION('',(-1.,-9.95799250103E-17,0.));
#12995 = ORIENTED_EDGE('',*,*,#12996,.T.);
#12996 = EDGE_CURVE('',#12989,#12997,#12999,.T.);
#12997 = VERTEX_POINT('',#12998);
#12998 = CARTESIAN_POINT('',(-3.,2.11,0.2));
#12999 = LINE('',#13000,#13001);
#13000 = CARTESIAN_POINT('',(-3.,2.11,5.551115123126E-17));
#13001 = VECTOR('',#13002,1.);
#13002 = DIRECTION('',(0.,0.,1.));
#13003 = ORIENTED_EDGE('',*,*,#13004,.T.);
#13004 = EDGE_CURVE('',#12997,#13005,#13007,.T.);
#13005 = VERTEX_POINT('',#13006);
#13006 = CARTESIAN_POINT('',(-2.65,2.11,0.2));
#13007 = LINE('',#13008,#13009);
#13008 = CARTESIAN_POINT('',(-3.,2.11,0.2));
#13009 = VECTOR('',#13010,1.);
#13010 = DIRECTION('',(1.,9.95799250103E-17,0.));
#13011 = ORIENTED_EDGE('',*,*,#13012,.T.);
#13012 = EDGE_CURVE('',#13005,#13013,#13015,.T.);
#13013 = VERTEX_POINT('',#13014);
#13014 = CARTESIAN_POINT('',(-2.55,2.11,0.3));
#13015 = CIRCLE('',#13016,0.1);
#13016 = AXIS2_PLACEMENT_3D('',#13017,#13018,#13019);
#13017 = CARTESIAN_POINT('',(-2.65,2.11,0.3));
#13018 = DIRECTION('',(9.95799250103E-17,-1.,-0.));
#13019 = DIRECTION('',(-0.,0.,-1.));
#13020 = ORIENTED_EDGE('',*,*,#13021,.T.);
#13021 = EDGE_CURVE('',#13013,#13022,#13024,.T.);
#13022 = VERTEX_POINT('',#13023);
#13023 = CARTESIAN_POINT('',(-2.55,2.11,0.725));
#13024 = LINE('',#13025,#13026);
#13025 = CARTESIAN_POINT('',(-2.55,2.11,0.3));
#13026 = VECTOR('',#13027,1.);
#13027 = DIRECTION('',(0.,0.,1.));
#13028 = ORIENTED_EDGE('',*,*,#13029,.T.);
#13029 = EDGE_CURVE('',#13022,#13030,#13032,.T.);
#13030 = VERTEX_POINT('',#13031);
#13031 = CARTESIAN_POINT('',(-2.25,2.11,1.025));
#13032 = CIRCLE('',#13033,0.3);
#13033 = AXIS2_PLACEMENT_3D('',#13034,#13035,#13036);
#13034 = CARTESIAN_POINT('',(-2.25,2.11,0.725));
#13035 = DIRECTION('',(-9.95799250103E-17,1.,0.));
#13036 = DIRECTION('',(-1.,-9.95799250103E-17,3.700743415417E-16));
#13037 = ORIENTED_EDGE('',*,*,#13038,.T.);
#13038 = EDGE_CURVE('',#13030,#12064,#13039,.T.);
#13039 = LINE('',#13040,#13041);
#13040 = CARTESIAN_POINT('',(-2.25,2.11,1.025));
#13041 = VECTOR('',#13042,1.);
#13042 = DIRECTION('',(1.,9.95799250103E-17,0.));
#13043 = PLANE('',#13044);
#13044 = AXIS2_PLACEMENT_3D('',#13045,#13046,#13047);
#13045 = CARTESIAN_POINT('',(-2.41578967201,2.11,0.532659657565));
#13046 = DIRECTION('',(-9.95799250103E-17,1.,0.));
#13047 = DIRECTION('',(0.,0.,1.));
#13048 = ADVANCED_FACE('',(#13049),#13064,.F.);
#13049 = FACE_BOUND('',#13050,.F.);
#13050 = EDGE_LOOP('',(#13051,#13057,#13058,#13063));
#13051 = ORIENTED_EDGE('',*,*,#13052,.F.);
#13052 = EDGE_CURVE('',#12064,#12726,#13053,.T.);
#13053 = LINE('',#13054,#13055);
#13054 = CARTESIAN_POINT('',(-2.25,2.11,1.025));
#13055 = VECTOR('',#13056,1.);
#13056 = DIRECTION('',(1.,9.95799250103E-17,0.));
#13057 = ORIENTED_EDGE('',*,*,#12079,.T.);
#13058 = ORIENTED_EDGE('',*,*,#13059,.T.);
#13059 = EDGE_CURVE('',#12073,#12645,#13060,.T.);
#13060 = B_SPLINE_CURVE_WITH_KNOTS('',1,(#13061,#13062),.UNSPECIFIED.,
  .F.,.F.,(2,2),(0.,1.),.PIECEWISE_BEZIER_KNOTS.);
#13061 = CARTESIAN_POINT('',(-1.95,2.275,1.025));
#13062 = CARTESIAN_POINT('',(-1.875,2.2375,1.025));
#13063 = ORIENTED_EDGE('',*,*,#12733,.F.);
#13064 = B_SPLINE_SURFACE_WITH_KNOTS('',1,1,(
    (#13065,#13066)
    ,(#13067,#13068
    )),.UNSPECIFIED.,.F.,.F.,.F.,(2,2),(2,2),(0.,4.55),(0.,1.),
  .PIECEWISE_BEZIER_KNOTS.);
#13065 = CARTESIAN_POINT('',(-1.95,-2.275,1.025));
#13066 = CARTESIAN_POINT('',(-1.875,-2.2375,1.025));
#13067 = CARTESIAN_POINT('',(-1.95,2.275,1.025));
#13068 = CARTESIAN_POINT('',(-1.875,2.2375,1.025));
#13069 = ADVANCED_FACE('',(#13070),#13089,.F.);
#13070 = FACE_BOUND('',#13071,.F.);
#13071 = EDGE_LOOP('',(#13072,#13073,#13082,#13088));
#13072 = ORIENTED_EDGE('',*,*,#12110,.T.);
#13073 = ORIENTED_EDGE('',*,*,#13074,.T.);
#13074 = EDGE_CURVE('',#12103,#13075,#13077,.T.);
#13075 = VERTEX_POINT('',#13076);
#13076 = CARTESIAN_POINT('',(-2.35,-1.7,0.725));
#13077 = CIRCLE('',#13078,0.1);
#13078 = AXIS2_PLACEMENT_3D('',#13079,#13080,#13081);
#13079 = CARTESIAN_POINT('',(-2.25,-1.7,0.725));
#13080 = DIRECTION('',(9.95799250103E-17,-1.,1.294197968281E-47));
#13081 = DIRECTION('',(-4.440892098501E-15,-4.422237021476E-31,1.));
#13082 = ORIENTED_EDGE('',*,*,#13083,.F.);
#13083 = EDGE_CURVE('',#12871,#13075,#13084,.T.);
#13084 = LINE('',#13085,#13086);
#13085 = CARTESIAN_POINT('',(-2.35,-2.11,0.725));
#13086 = VECTOR('',#13087,1.);
#13087 = DIRECTION('',(-9.95799250103E-17,1.,0.));
#13088 = ORIENTED_EDGE('',*,*,#12870,.F.);
#13089 = CYLINDRICAL_SURFACE('',#13090,0.1);
#13090 = AXIS2_PLACEMENT_3D('',#13091,#13092,#13093);
#13091 = CARTESIAN_POINT('',(-2.25,-2.11,0.725));
#13092 = DIRECTION('',(9.95799250103E-17,-1.,0.));
#13093 = DIRECTION('',(-4.440892098501E-15,-4.422237021476E-31,1.));
#13094 = ADVANCED_FACE('',(#13095),#13173,.T.);
#13095 = FACE_BOUND('',#13096,.T.);
#13096 = EDGE_LOOP('',(#13097,#13098,#13099,#13100,#13108,#13117,#13125,
    #13133,#13141,#13150,#13158,#13167));
#13097 = ORIENTED_EDGE('',*,*,#12155,.F.);
#13098 = ORIENTED_EDGE('',*,*,#12102,.T.);
#13099 = ORIENTED_EDGE('',*,*,#13074,.T.);
#13100 = ORIENTED_EDGE('',*,*,#13101,.T.);
#13101 = EDGE_CURVE('',#13075,#13102,#13104,.T.);
#13102 = VERTEX_POINT('',#13103);
#13103 = CARTESIAN_POINT('',(-2.35,-1.7,0.3));
#13104 = LINE('',#13105,#13106);
#13105 = CARTESIAN_POINT('',(-2.35,-1.7,0.725));
#13106 = VECTOR('',#13107,1.);
#13107 = DIRECTION('',(-1.044915787883E-15,-1.040526357994E-31,-1.));
#13108 = ORIENTED_EDGE('',*,*,#13109,.T.);
#13109 = EDGE_CURVE('',#13102,#13110,#13112,.T.);
#13110 = VERTEX_POINT('',#13111);
#13111 = CARTESIAN_POINT('',(-2.65,-1.7,5.551115123126E-17));
#13112 = CIRCLE('',#13113,0.3);
#13113 = AXIS2_PLACEMENT_3D('',#13114,#13115,#13116);
#13114 = CARTESIAN_POINT('',(-2.65,-1.7,0.3));
#13115 = DIRECTION('',(-9.95799250103E-17,1.,0.));
#13116 = DIRECTION('',(1.,9.95799250103E-17,3.515706244646E-15));
#13117 = ORIENTED_EDGE('',*,*,#13118,.T.);
#13118 = EDGE_CURVE('',#13110,#13119,#13121,.T.);
#13119 = VERTEX_POINT('',#13120);
#13120 = CARTESIAN_POINT('',(-3.,-1.7,5.551115123126E-17));
#13121 = LINE('',#13122,#13123);
#13122 = CARTESIAN_POINT('',(-2.65,-1.7,5.551115123126E-17));
#13123 = VECTOR('',#13124,1.);
#13124 = DIRECTION('',(-1.,-9.95799250103E-17,0.));
#13125 = ORIENTED_EDGE('',*,*,#13126,.T.);
#13126 = EDGE_CURVE('',#13119,#13127,#13129,.T.);
#13127 = VERTEX_POINT('',#13128);
#13128 = CARTESIAN_POINT('',(-3.,-1.7,0.2));
#13129 = LINE('',#13130,#13131);
#13130 = CARTESIAN_POINT('',(-3.,-1.7,5.551115123126E-17));
#13131 = VECTOR('',#13132,1.);
#13132 = DIRECTION('',(0.,0.,1.));
#13133 = ORIENTED_EDGE('',*,*,#13134,.T.);
#13134 = EDGE_CURVE('',#13127,#13135,#13137,.T.);
#13135 = VERTEX_POINT('',#13136);
#13136 = CARTESIAN_POINT('',(-2.65,-1.7,0.2));
#13137 = LINE('',#13138,#13139);
#13138 = CARTESIAN_POINT('',(-3.,-1.7,0.2));
#13139 = VECTOR('',#13140,1.);
#13140 = DIRECTION('',(1.,9.95799250103E-17,0.));
#13141 = ORIENTED_EDGE('',*,*,#13142,.T.);
#13142 = EDGE_CURVE('',#13135,#13143,#13145,.T.);
#13143 = VERTEX_POINT('',#13144);
#13144 = CARTESIAN_POINT('',(-2.55,-1.7,0.3));
#13145 = CIRCLE('',#13146,0.1);
#13146 = AXIS2_PLACEMENT_3D('',#13147,#13148,#13149);
#13147 = CARTESIAN_POINT('',(-2.65,-1.7,0.3));
#13148 = DIRECTION('',(9.95799250103E-17,-1.,-0.));
#13149 = DIRECTION('',(-0.,0.,-1.));
#13150 = ORIENTED_EDGE('',*,*,#13151,.T.);
#13151 = EDGE_CURVE('',#13143,#13152,#13154,.T.);
#13152 = VERTEX_POINT('',#13153);
#13153 = CARTESIAN_POINT('',(-2.55,-1.7,0.725));
#13154 = LINE('',#13155,#13156);
#13155 = CARTESIAN_POINT('',(-2.55,-1.7,0.3));
#13156 = VECTOR('',#13157,1.);
#13157 = DIRECTION('',(0.,0.,1.));
#13158 = ORIENTED_EDGE('',*,*,#13159,.T.);
#13159 = EDGE_CURVE('',#13152,#13160,#13162,.T.);
#13160 = VERTEX_POINT('',#13161);
#13161 = CARTESIAN_POINT('',(-2.25,-1.7,1.025));
#13162 = CIRCLE('',#13163,0.3);
#13163 = AXIS2_PLACEMENT_3D('',#13164,#13165,#13166);
#13164 = CARTESIAN_POINT('',(-2.25,-1.7,0.725));
#13165 = DIRECTION('',(-9.95799250103E-17,1.,0.));
#13166 = DIRECTION('',(-1.,-9.95799250103E-17,3.700743415417E-16));
#13167 = ORIENTED_EDGE('',*,*,#13168,.T.);
#13168 = EDGE_CURVE('',#13160,#12156,#13169,.T.);
#13169 = LINE('',#13170,#13171);
#13170 = CARTESIAN_POINT('',(-2.25,-1.7,1.025));
#13171 = VECTOR('',#13172,1.);
#13172 = DIRECTION('',(1.,9.95799250103E-17,0.));
#13173 = PLANE('',#13174);
#13174 = AXIS2_PLACEMENT_3D('',#13175,#13176,#13177);
#13175 = CARTESIAN_POINT('',(-2.41578967201,-1.7,0.532659657565));
#13176 = DIRECTION('',(-9.95799250103E-17,1.,0.));
#13177 = DIRECTION('',(0.,0.,1.));
#13178 = ADVANCED_FACE('',(#13179),#13265,.F.);
#13179 = FACE_BOUND('',#13180,.F.);
#13180 = EDGE_LOOP('',(#13181,#13182,#13183,#13192,#13200,#13209,#13217,
    #13225,#13233,#13242,#13250,#13259));
#13181 = ORIENTED_EDGE('',*,*,#12195,.F.);
#13182 = ORIENTED_EDGE('',*,*,#12124,.T.);
#13183 = ORIENTED_EDGE('',*,*,#13184,.T.);
#13184 = EDGE_CURVE('',#12125,#13185,#13187,.T.);
#13185 = VERTEX_POINT('',#13186);
#13186 = CARTESIAN_POINT('',(-2.35,1.7,0.725));
#13187 = CIRCLE('',#13188,0.1);
#13188 = AXIS2_PLACEMENT_3D('',#13189,#13190,#13191);
#13189 = CARTESIAN_POINT('',(-2.25,1.7,0.725));
#13190 = DIRECTION('',(9.95799250103E-17,-1.,1.294197968281E-47));
#13191 = DIRECTION('',(-4.440892098501E-15,-4.422237021476E-31,1.));
#13192 = ORIENTED_EDGE('',*,*,#13193,.T.);
#13193 = EDGE_CURVE('',#13185,#13194,#13196,.T.);
#13194 = VERTEX_POINT('',#13195);
#13195 = CARTESIAN_POINT('',(-2.35,1.7,0.3));
#13196 = LINE('',#13197,#13198);
#13197 = CARTESIAN_POINT('',(-2.35,1.7,0.725));
#13198 = VECTOR('',#13199,1.);
#13199 = DIRECTION('',(-1.044915787883E-15,-1.040526357994E-31,-1.));
#13200 = ORIENTED_EDGE('',*,*,#13201,.T.);
#13201 = EDGE_CURVE('',#13194,#13202,#13204,.T.);
#13202 = VERTEX_POINT('',#13203);
#13203 = CARTESIAN_POINT('',(-2.65,1.7,5.551115123126E-17));
#13204 = CIRCLE('',#13205,0.3);
#13205 = AXIS2_PLACEMENT_3D('',#13206,#13207,#13208);
#13206 = CARTESIAN_POINT('',(-2.65,1.7,0.3));
#13207 = DIRECTION('',(-9.95799250103E-17,1.,0.));
#13208 = DIRECTION('',(1.,9.95799250103E-17,3.515706244646E-15));
#13209 = ORIENTED_EDGE('',*,*,#13210,.T.);
#13210 = EDGE_CURVE('',#13202,#13211,#13213,.T.);
#13211 = VERTEX_POINT('',#13212);
#13212 = CARTESIAN_POINT('',(-3.,1.7,5.551115123126E-17));
#13213 = LINE('',#13214,#13215);
#13214 = CARTESIAN_POINT('',(-2.65,1.7,5.551115123126E-17));
#13215 = VECTOR('',#13216,1.);
#13216 = DIRECTION('',(-1.,-9.95799250103E-17,0.));
#13217 = ORIENTED_EDGE('',*,*,#13218,.T.);
#13218 = EDGE_CURVE('',#13211,#13219,#13221,.T.);
#13219 = VERTEX_POINT('',#13220);
#13220 = CARTESIAN_POINT('',(-3.,1.7,0.2));
#13221 = LINE('',#13222,#13223);
#13222 = CARTESIAN_POINT('',(-3.,1.7,5.551115123126E-17));
#13223 = VECTOR('',#13224,1.);
#13224 = DIRECTION('',(0.,0.,1.));
#13225 = ORIENTED_EDGE('',*,*,#13226,.T.);
#13226 = EDGE_CURVE('',#13219,#13227,#13229,.T.);
#13227 = VERTEX_POINT('',#13228);
#13228 = CARTESIAN_POINT('',(-2.65,1.7,0.2));
#13229 = LINE('',#13230,#13231);
#13230 = CARTESIAN_POINT('',(-3.,1.7,0.2));
#13231 = VECTOR('',#13232,1.);
#13232 = DIRECTION('',(1.,9.95799250103E-17,0.));
#13233 = ORIENTED_EDGE('',*,*,#13234,.T.);
#13234 = EDGE_CURVE('',#13227,#13235,#13237,.T.);
#13235 = VERTEX_POINT('',#13236);
#13236 = CARTESIAN_POINT('',(-2.55,1.7,0.3));
#13237 = CIRCLE('',#13238,0.1);
#13238 = AXIS2_PLACEMENT_3D('',#13239,#13240,#13241);
#13239 = CARTESIAN_POINT('',(-2.65,1.7,0.3));
#13240 = DIRECTION('',(9.95799250103E-17,-1.,-0.));
#13241 = DIRECTION('',(-0.,0.,-1.));
#13242 = ORIENTED_EDGE('',*,*,#13243,.T.);
#13243 = EDGE_CURVE('',#13235,#13244,#13246,.T.);
#13244 = VERTEX_POINT('',#13245);
#13245 = CARTESIAN_POINT('',(-2.55,1.7,0.725));
#13246 = LINE('',#13247,#13248);
#13247 = CARTESIAN_POINT('',(-2.55,1.7,0.3));
#13248 = VECTOR('',#13249,1.);
#13249 = DIRECTION('',(0.,0.,1.));
#13250 = ORIENTED_EDGE('',*,*,#13251,.T.);
#13251 = EDGE_CURVE('',#13244,#13252,#13254,.T.);
#13252 = VERTEX_POINT('',#13253);
#13253 = CARTESIAN_POINT('',(-2.25,1.7,1.025));
#13254 = CIRCLE('',#13255,0.3);
#13255 = AXIS2_PLACEMENT_3D('',#13256,#13257,#13258);
#13256 = CARTESIAN_POINT('',(-2.25,1.7,0.725));
#13257 = DIRECTION('',(-9.95799250103E-17,1.,0.));
#13258 = DIRECTION('',(-1.,-9.95799250103E-17,3.700743415417E-16));
#13259 = ORIENTED_EDGE('',*,*,#13260,.T.);
#13260 = EDGE_CURVE('',#13252,#12196,#13261,.T.);
#13261 = LINE('',#13262,#13263);
#13262 = CARTESIAN_POINT('',(-2.25,1.7,1.025));
#13263 = VECTOR('',#13264,1.);
#13264 = DIRECTION('',(1.,9.95799250103E-17,0.));
#13265 = PLANE('',#13266);
#13266 = AXIS2_PLACEMENT_3D('',#13267,#13268,#13269);
#13267 = CARTESIAN_POINT('',(-2.41578967201,1.7,0.532659657565));
#13268 = DIRECTION('',(-9.95799250103E-17,1.,0.));
#13269 = DIRECTION('',(0.,0.,1.));
#13270 = ADVANCED_FACE('',(#13271),#13282,.F.);
#13271 = FACE_BOUND('',#13272,.F.);
#13272 = EDGE_LOOP('',(#13273,#13274,#13275,#13281));
#13273 = ORIENTED_EDGE('',*,*,#12141,.T.);
#13274 = ORIENTED_EDGE('',*,*,#12962,.T.);
#13275 = ORIENTED_EDGE('',*,*,#13276,.F.);
#13276 = EDGE_CURVE('',#13185,#12963,#13277,.T.);
#13277 = LINE('',#13278,#13279);
#13278 = CARTESIAN_POINT('',(-2.35,1.7,0.725));
#13279 = VECTOR('',#13280,1.);
#13280 = DIRECTION('',(-9.95799250103E-17,1.,0.));
#13281 = ORIENTED_EDGE('',*,*,#13184,.F.);
#13282 = CYLINDRICAL_SURFACE('',#13283,0.1);
#13283 = AXIS2_PLACEMENT_3D('',#13284,#13285,#13286);
#13284 = CARTESIAN_POINT('',(-2.25,1.7,0.725));
#13285 = DIRECTION('',(9.95799250103E-17,-1.,0.));
#13286 = DIRECTION('',(-4.440892098501E-15,-4.422237021476E-31,1.));
#13287 = ADVANCED_FACE('',(#13288),#13304,.F.);
#13288 = FACE_BOUND('',#13289,.F.);
#13289 = EDGE_LOOP('',(#13290,#13296,#13297,#13303));
#13290 = ORIENTED_EDGE('',*,*,#13291,.F.);
#13291 = EDGE_CURVE('',#12156,#12678,#13292,.T.);
#13292 = LINE('',#13293,#13294);
#13293 = CARTESIAN_POINT('',(-2.25,-1.7,1.025));
#13294 = VECTOR('',#13295,1.);
#13295 = DIRECTION('',(1.,9.95799250103E-17,0.));
#13296 = ORIENTED_EDGE('',*,*,#12172,.T.);
#13297 = ORIENTED_EDGE('',*,*,#13298,.T.);
#13298 = EDGE_CURVE('',#12165,#12686,#13299,.T.);
#13299 = LINE('',#13300,#13301);
#13300 = CARTESIAN_POINT('',(-2.25,-0.84,1.025));
#13301 = VECTOR('',#13302,1.);
#13302 = DIRECTION('',(1.,9.95799250103E-17,0.));
#13303 = ORIENTED_EDGE('',*,*,#12685,.F.);
#13304 = B_SPLINE_SURFACE_WITH_KNOTS('',1,1,(
    (#13305,#13306)
    ,(#13307,#13308
    )),.UNSPECIFIED.,.F.,.F.,.F.,(2,2),(2,2),(0.,4.55),(0.,1.),
  .PIECEWISE_BEZIER_KNOTS.);
#13305 = CARTESIAN_POINT('',(-1.95,-2.275,1.025));
#13306 = CARTESIAN_POINT('',(-1.875,-2.2375,1.025));
#13307 = CARTESIAN_POINT('',(-1.95,2.275,1.025));
#13308 = CARTESIAN_POINT('',(-1.875,2.2375,1.025));
#13309 = ADVANCED_FACE('',(#13310),#13396,.F.);
#13310 = FACE_BOUND('',#13311,.F.);
#13311 = EDGE_LOOP('',(#13312,#13313,#13314,#13323,#13331,#13340,#13348,
    #13356,#13364,#13373,#13381,#13390));
#13312 = ORIENTED_EDGE('',*,*,#12164,.F.);
#13313 = ORIENTED_EDGE('',*,*,#12217,.T.);
#13314 = ORIENTED_EDGE('',*,*,#13315,.T.);
#13315 = EDGE_CURVE('',#12218,#13316,#13318,.T.);
#13316 = VERTEX_POINT('',#13317);
#13317 = CARTESIAN_POINT('',(-2.35,-0.84,0.725));
#13318 = CIRCLE('',#13319,0.1);
#13319 = AXIS2_PLACEMENT_3D('',#13320,#13321,#13322);
#13320 = CARTESIAN_POINT('',(-2.25,-0.84,0.725));
#13321 = DIRECTION('',(9.95799250103E-17,-1.,1.294197968281E-47));
#13322 = DIRECTION('',(-4.440892098501E-15,-4.422237021476E-31,1.));
#13323 = ORIENTED_EDGE('',*,*,#13324,.T.);
#13324 = EDGE_CURVE('',#13316,#13325,#13327,.T.);
#13325 = VERTEX_POINT('',#13326);
#13326 = CARTESIAN_POINT('',(-2.35,-0.84,0.3));
#13327 = LINE('',#13328,#13329);
#13328 = CARTESIAN_POINT('',(-2.35,-0.84,0.725));
#13329 = VECTOR('',#13330,1.);
#13330 = DIRECTION('',(-1.044915787883E-15,-1.040526357994E-31,-1.));
#13331 = ORIENTED_EDGE('',*,*,#13332,.T.);
#13332 = EDGE_CURVE('',#13325,#13333,#13335,.T.);
#13333 = VERTEX_POINT('',#13334);
#13334 = CARTESIAN_POINT('',(-2.65,-0.84,5.551115123126E-17));
#13335 = CIRCLE('',#13336,0.3);
#13336 = AXIS2_PLACEMENT_3D('',#13337,#13338,#13339);
#13337 = CARTESIAN_POINT('',(-2.65,-0.84,0.3));
#13338 = DIRECTION('',(-9.95799250103E-17,1.,0.));
#13339 = DIRECTION('',(1.,9.95799250103E-17,3.515706244646E-15));
#13340 = ORIENTED_EDGE('',*,*,#13341,.T.);
#13341 = EDGE_CURVE('',#13333,#13342,#13344,.T.);
#13342 = VERTEX_POINT('',#13343);
#13343 = CARTESIAN_POINT('',(-3.,-0.84,5.551115123126E-17));
#13344 = LINE('',#13345,#13346);
#13345 = CARTESIAN_POINT('',(-2.65,-0.84,5.551115123126E-17));
#13346 = VECTOR('',#13347,1.);
#13347 = DIRECTION('',(-1.,-9.95799250103E-17,0.));
#13348 = ORIENTED_EDGE('',*,*,#13349,.T.);
#13349 = EDGE_CURVE('',#13342,#13350,#13352,.T.);
#13350 = VERTEX_POINT('',#13351);
#13351 = CARTESIAN_POINT('',(-3.,-0.84,0.2));
#13352 = LINE('',#13353,#13354);
#13353 = CARTESIAN_POINT('',(-3.,-0.84,5.551115123126E-17));
#13354 = VECTOR('',#13355,1.);
#13355 = DIRECTION('',(0.,0.,1.));
#13356 = ORIENTED_EDGE('',*,*,#13357,.T.);
#13357 = EDGE_CURVE('',#13350,#13358,#13360,.T.);
#13358 = VERTEX_POINT('',#13359);
#13359 = CARTESIAN_POINT('',(-2.65,-0.84,0.2));
#13360 = LINE('',#13361,#13362);
#13361 = CARTESIAN_POINT('',(-3.,-0.84,0.2));
#13362 = VECTOR('',#13363,1.);
#13363 = DIRECTION('',(1.,9.95799250103E-17,0.));
#13364 = ORIENTED_EDGE('',*,*,#13365,.T.);
#13365 = EDGE_CURVE('',#13358,#13366,#13368,.T.);
#13366 = VERTEX_POINT('',#13367);
#13367 = CARTESIAN_POINT('',(-2.55,-0.84,0.3));
#13368 = CIRCLE('',#13369,0.1);
#13369 = AXIS2_PLACEMENT_3D('',#13370,#13371,#13372);
#13370 = CARTESIAN_POINT('',(-2.65,-0.84,0.3));
#13371 = DIRECTION('',(9.95799250103E-17,-1.,-0.));
#13372 = DIRECTION('',(-0.,0.,-1.));
#13373 = ORIENTED_EDGE('',*,*,#13374,.T.);
#13374 = EDGE_CURVE('',#13366,#13375,#13377,.T.);
#13375 = VERTEX_POINT('',#13376);
#13376 = CARTESIAN_POINT('',(-2.55,-0.84,0.725));
#13377 = LINE('',#13378,#13379);
#13378 = CARTESIAN_POINT('',(-2.55,-0.84,0.3));
#13379 = VECTOR('',#13380,1.);
#13380 = DIRECTION('',(0.,0.,1.));
#13381 = ORIENTED_EDGE('',*,*,#13382,.T.);
#13382 = EDGE_CURVE('',#13375,#13383,#13385,.T.);
#13383 = VERTEX_POINT('',#13384);
#13384 = CARTESIAN_POINT('',(-2.25,-0.84,1.025));
#13385 = CIRCLE('',#13386,0.3);
#13386 = AXIS2_PLACEMENT_3D('',#13387,#13388,#13389);
#13387 = CARTESIAN_POINT('',(-2.25,-0.84,0.725));
#13388 = DIRECTION('',(-9.95799250103E-17,1.,0.));
#13389 = DIRECTION('',(-1.,-9.95799250103E-17,3.700743415417E-16));
#13390 = ORIENTED_EDGE('',*,*,#13391,.T.);
#13391 = EDGE_CURVE('',#13383,#12165,#13392,.T.);
#13392 = LINE('',#13393,#13394);
#13393 = CARTESIAN_POINT('',(-2.25,-0.84,1.025));
#13394 = VECTOR('',#13395,1.);
#13395 = DIRECTION('',(1.,9.95799250103E-17,0.));
#13396 = PLANE('',#13397);
#13397 = AXIS2_PLACEMENT_3D('',#13398,#13399,#13400);
#13398 = CARTESIAN_POINT('',(-2.41578967201,-0.84,0.532659657565));
#13399 = DIRECTION('',(-9.95799250103E-17,1.,0.));
#13400 = DIRECTION('',(0.,0.,1.));
#13401 = ADVANCED_FACE('',(#13402),#13488,.T.);
#13402 = FACE_BOUND('',#13403,.T.);
#13403 = EDGE_LOOP('',(#13404,#13405,#13406,#13415,#13423,#13432,#13440,
    #13448,#13456,#13465,#13473,#13482));
#13404 = ORIENTED_EDGE('',*,*,#12186,.F.);
#13405 = ORIENTED_EDGE('',*,*,#12257,.T.);
#13406 = ORIENTED_EDGE('',*,*,#13407,.T.);
#13407 = EDGE_CURVE('',#12258,#13408,#13410,.T.);
#13408 = VERTEX_POINT('',#13409);
#13409 = CARTESIAN_POINT('',(-2.35,0.84,0.725));
#13410 = CIRCLE('',#13411,0.1);
#13411 = AXIS2_PLACEMENT_3D('',#13412,#13413,#13414);
#13412 = CARTESIAN_POINT('',(-2.25,0.84,0.725));
#13413 = DIRECTION('',(9.95799250103E-17,-1.,1.294197968281E-47));
#13414 = DIRECTION('',(-4.440892098501E-15,-4.422237021476E-31,1.));
#13415 = ORIENTED_EDGE('',*,*,#13416,.T.);
#13416 = EDGE_CURVE('',#13408,#13417,#13419,.T.);
#13417 = VERTEX_POINT('',#13418);
#13418 = CARTESIAN_POINT('',(-2.35,0.84,0.3));
#13419 = LINE('',#13420,#13421);
#13420 = CARTESIAN_POINT('',(-2.35,0.84,0.725));
#13421 = VECTOR('',#13422,1.);
#13422 = DIRECTION('',(-1.044915787883E-15,-1.040526357994E-31,-1.));
#13423 = ORIENTED_EDGE('',*,*,#13424,.T.);
#13424 = EDGE_CURVE('',#13417,#13425,#13427,.T.);
#13425 = VERTEX_POINT('',#13426);
#13426 = CARTESIAN_POINT('',(-2.65,0.84,5.551115123126E-17));
#13427 = CIRCLE('',#13428,0.3);
#13428 = AXIS2_PLACEMENT_3D('',#13429,#13430,#13431);
#13429 = CARTESIAN_POINT('',(-2.65,0.84,0.3));
#13430 = DIRECTION('',(-9.95799250103E-17,1.,0.));
#13431 = DIRECTION('',(1.,9.95799250103E-17,3.515706244646E-15));
#13432 = ORIENTED_EDGE('',*,*,#13433,.T.);
#13433 = EDGE_CURVE('',#13425,#13434,#13436,.T.);
#13434 = VERTEX_POINT('',#13435);
#13435 = CARTESIAN_POINT('',(-3.,0.84,5.551115123126E-17));
#13436 = LINE('',#13437,#13438);
#13437 = CARTESIAN_POINT('',(-2.65,0.84,5.551115123126E-17));
#13438 = VECTOR('',#13439,1.);
#13439 = DIRECTION('',(-1.,-9.95799250103E-17,0.));
#13440 = ORIENTED_EDGE('',*,*,#13441,.T.);
#13441 = EDGE_CURVE('',#13434,#13442,#13444,.T.);
#13442 = VERTEX_POINT('',#13443);
#13443 = CARTESIAN_POINT('',(-3.,0.84,0.2));
#13444 = LINE('',#13445,#13446);
#13445 = CARTESIAN_POINT('',(-3.,0.84,5.551115123126E-17));
#13446 = VECTOR('',#13447,1.);
#13447 = DIRECTION('',(0.,0.,1.));
#13448 = ORIENTED_EDGE('',*,*,#13449,.T.);
#13449 = EDGE_CURVE('',#13442,#13450,#13452,.T.);
#13450 = VERTEX_POINT('',#13451);
#13451 = CARTESIAN_POINT('',(-2.65,0.84,0.2));
#13452 = LINE('',#13453,#13454);
#13453 = CARTESIAN_POINT('',(-3.,0.84,0.2));
#13454 = VECTOR('',#13455,1.);
#13455 = DIRECTION('',(1.,9.95799250103E-17,0.));
#13456 = ORIENTED_EDGE('',*,*,#13457,.T.);
#13457 = EDGE_CURVE('',#13450,#13458,#13460,.T.);
#13458 = VERTEX_POINT('',#13459);
#13459 = CARTESIAN_POINT('',(-2.55,0.84,0.3));
#13460 = CIRCLE('',#13461,0.1);
#13461 = AXIS2_PLACEMENT_3D('',#13462,#13463,#13464);
#13462 = CARTESIAN_POINT('',(-2.65,0.84,0.3));
#13463 = DIRECTION('',(9.95799250103E-17,-1.,-0.));
#13464 = DIRECTION('',(-0.,0.,-1.));
#13465 = ORIENTED_EDGE('',*,*,#13466,.T.);
#13466 = EDGE_CURVE('',#13458,#13467,#13469,.T.);
#13467 = VERTEX_POINT('',#13468);
#13468 = CARTESIAN_POINT('',(-2.55,0.84,0.725));
#13469 = LINE('',#13470,#13471);
#13470 = CARTESIAN_POINT('',(-2.55,0.84,0.3));
#13471 = VECTOR('',#13472,1.);
#13472 = DIRECTION('',(0.,0.,1.));
#13473 = ORIENTED_EDGE('',*,*,#13474,.T.);
#13474 = EDGE_CURVE('',#13467,#13475,#13477,.T.);
#13475 = VERTEX_POINT('',#13476);
#13476 = CARTESIAN_POINT('',(-2.25,0.84,1.025));
#13477 = CIRCLE('',#13478,0.3);
#13478 = AXIS2_PLACEMENT_3D('',#13479,#13480,#13481);
#13479 = CARTESIAN_POINT('',(-2.25,0.84,0.725));
#13480 = DIRECTION('',(-9.95799250103E-17,1.,0.));
#13481 = DIRECTION('',(-1.,-9.95799250103E-17,3.700743415417E-16));
#13482 = ORIENTED_EDGE('',*,*,#13483,.T.);
#13483 = EDGE_CURVE('',#13475,#12187,#13484,.T.);
#13484 = LINE('',#13485,#13486);
#13485 = CARTESIAN_POINT('',(-2.25,0.84,1.025));
#13486 = VECTOR('',#13487,1.);
#13487 = DIRECTION('',(1.,9.95799250103E-17,0.));
#13488 = PLANE('',#13489);
#13489 = AXIS2_PLACEMENT_3D('',#13490,#13491,#13492);
#13490 = CARTESIAN_POINT('',(-2.41578967201,0.84,0.532659657565));
#13491 = DIRECTION('',(-9.95799250103E-17,1.,0.));
#13492 = DIRECTION('',(0.,0.,1.));
#13493 = ADVANCED_FACE('',(#13494),#13510,.F.);
#13494 = FACE_BOUND('',#13495,.F.);
#13495 = EDGE_LOOP('',(#13496,#13502,#13503,#13509));
#13496 = ORIENTED_EDGE('',*,*,#13497,.F.);
#13497 = EDGE_CURVE('',#12187,#12710,#13498,.T.);
#13498 = LINE('',#13499,#13500);
#13499 = CARTESIAN_POINT('',(-2.25,0.84,1.025));
#13500 = VECTOR('',#13501,1.);
#13501 = DIRECTION('',(1.,9.95799250103E-17,0.));
#13502 = ORIENTED_EDGE('',*,*,#12203,.T.);
#13503 = ORIENTED_EDGE('',*,*,#13504,.T.);
#13504 = EDGE_CURVE('',#12196,#12718,#13505,.T.);
#13505 = LINE('',#13506,#13507);
#13506 = CARTESIAN_POINT('',(-2.25,1.7,1.025));
#13507 = VECTOR('',#13508,1.);
#13508 = DIRECTION('',(1.,9.95799250103E-17,0.));
#13509 = ORIENTED_EDGE('',*,*,#12717,.F.);
#13510 = B_SPLINE_SURFACE_WITH_KNOTS('',1,1,(
    (#13511,#13512)
    ,(#13513,#13514
    )),.UNSPECIFIED.,.F.,.F.,.F.,(2,2),(2,2),(0.,4.55),(0.,1.),
  .PIECEWISE_BEZIER_KNOTS.);
#13511 = CARTESIAN_POINT('',(-1.95,-2.275,1.025));
#13512 = CARTESIAN_POINT('',(-1.875,-2.2375,1.025));
#13513 = CARTESIAN_POINT('',(-1.95,2.275,1.025));
#13514 = CARTESIAN_POINT('',(-1.875,2.2375,1.025));
#13515 = ADVANCED_FACE('',(#13516),#13535,.F.);
#13516 = FACE_BOUND('',#13517,.F.);
#13517 = EDGE_LOOP('',(#13518,#13519,#13528,#13534));
#13518 = ORIENTED_EDGE('',*,*,#12234,.T.);
#13519 = ORIENTED_EDGE('',*,*,#13520,.T.);
#13520 = EDGE_CURVE('',#12227,#13521,#13523,.T.);
#13521 = VERTEX_POINT('',#13522);
#13522 = CARTESIAN_POINT('',(-2.35,-0.43,0.725));
#13523 = CIRCLE('',#13524,0.1);
#13524 = AXIS2_PLACEMENT_3D('',#13525,#13526,#13527);
#13525 = CARTESIAN_POINT('',(-2.25,-0.43,0.725));
#13526 = DIRECTION('',(9.95799250103E-17,-1.,1.294197968281E-47));
#13527 = DIRECTION('',(-4.440892098501E-15,-4.422237021476E-31,1.));
#13528 = ORIENTED_EDGE('',*,*,#13529,.F.);
#13529 = EDGE_CURVE('',#13316,#13521,#13530,.T.);
#13530 = LINE('',#13531,#13532);
#13531 = CARTESIAN_POINT('',(-2.35,-0.84,0.725));
#13532 = VECTOR('',#13533,1.);
#13533 = DIRECTION('',(-9.95799250103E-17,1.,0.));
#13534 = ORIENTED_EDGE('',*,*,#13315,.F.);
#13535 = CYLINDRICAL_SURFACE('',#13536,0.1);
#13536 = AXIS2_PLACEMENT_3D('',#13537,#13538,#13539);
#13537 = CARTESIAN_POINT('',(-2.25,-0.84,0.725));
#13538 = DIRECTION('',(9.95799250103E-17,-1.,0.));
#13539 = DIRECTION('',(-4.440892098501E-15,-4.422237021476E-31,1.));
#13540 = ADVANCED_FACE('',(#13541),#13619,.T.);
#13541 = FACE_BOUND('',#13542,.T.);
#13542 = EDGE_LOOP('',(#13543,#13544,#13545,#13546,#13554,#13563,#13571,
    #13579,#13587,#13596,#13604,#13613));
#13543 = ORIENTED_EDGE('',*,*,#12279,.F.);
#13544 = ORIENTED_EDGE('',*,*,#12226,.T.);
#13545 = ORIENTED_EDGE('',*,*,#13520,.T.);
#13546 = ORIENTED_EDGE('',*,*,#13547,.T.);
#13547 = EDGE_CURVE('',#13521,#13548,#13550,.T.);
#13548 = VERTEX_POINT('',#13549);
#13549 = CARTESIAN_POINT('',(-2.35,-0.43,0.3));
#13550 = LINE('',#13551,#13552);
#13551 = CARTESIAN_POINT('',(-2.35,-0.43,0.725));
#13552 = VECTOR('',#13553,1.);
#13553 = DIRECTION('',(-1.044915787883E-15,-1.040526357994E-31,-1.));
#13554 = ORIENTED_EDGE('',*,*,#13555,.T.);
#13555 = EDGE_CURVE('',#13548,#13556,#13558,.T.);
#13556 = VERTEX_POINT('',#13557);
#13557 = CARTESIAN_POINT('',(-2.65,-0.43,5.551115123126E-17));
#13558 = CIRCLE('',#13559,0.3);
#13559 = AXIS2_PLACEMENT_3D('',#13560,#13561,#13562);
#13560 = CARTESIAN_POINT('',(-2.65,-0.43,0.3));
#13561 = DIRECTION('',(-9.95799250103E-17,1.,0.));
#13562 = DIRECTION('',(1.,9.95799250103E-17,3.515706244646E-15));
#13563 = ORIENTED_EDGE('',*,*,#13564,.T.);
#13564 = EDGE_CURVE('',#13556,#13565,#13567,.T.);
#13565 = VERTEX_POINT('',#13566);
#13566 = CARTESIAN_POINT('',(-3.,-0.43,5.551115123126E-17));
#13567 = LINE('',#13568,#13569);
#13568 = CARTESIAN_POINT('',(-2.65,-0.43,5.551115123126E-17));
#13569 = VECTOR('',#13570,1.);
#13570 = DIRECTION('',(-1.,-9.95799250103E-17,0.));
#13571 = ORIENTED_EDGE('',*,*,#13572,.T.);
#13572 = EDGE_CURVE('',#13565,#13573,#13575,.T.);
#13573 = VERTEX_POINT('',#13574);
#13574 = CARTESIAN_POINT('',(-3.,-0.43,0.2));
#13575 = LINE('',#13576,#13577);
#13576 = CARTESIAN_POINT('',(-3.,-0.43,5.551115123126E-17));
#13577 = VECTOR('',#13578,1.);
#13578 = DIRECTION('',(0.,0.,1.));
#13579 = ORIENTED_EDGE('',*,*,#13580,.T.);
#13580 = EDGE_CURVE('',#13573,#13581,#13583,.T.);
#13581 = VERTEX_POINT('',#13582);
#13582 = CARTESIAN_POINT('',(-2.65,-0.43,0.2));
#13583 = LINE('',#13584,#13585);
#13584 = CARTESIAN_POINT('',(-3.,-0.43,0.2));
#13585 = VECTOR('',#13586,1.);
#13586 = DIRECTION('',(1.,9.95799250103E-17,0.));
#13587 = ORIENTED_EDGE('',*,*,#13588,.T.);
#13588 = EDGE_CURVE('',#13581,#13589,#13591,.T.);
#13589 = VERTEX_POINT('',#13590);
#13590 = CARTESIAN_POINT('',(-2.55,-0.43,0.3));
#13591 = CIRCLE('',#13592,0.1);
#13592 = AXIS2_PLACEMENT_3D('',#13593,#13594,#13595);
#13593 = CARTESIAN_POINT('',(-2.65,-0.43,0.3));
#13594 = DIRECTION('',(9.95799250103E-17,-1.,-0.));
#13595 = DIRECTION('',(-0.,0.,-1.));
#13596 = ORIENTED_EDGE('',*,*,#13597,.T.);
#13597 = EDGE_CURVE('',#13589,#13598,#13600,.T.);
#13598 = VERTEX_POINT('',#13599);
#13599 = CARTESIAN_POINT('',(-2.55,-0.43,0.725));
#13600 = LINE('',#13601,#13602);
#13601 = CARTESIAN_POINT('',(-2.55,-0.43,0.3));
#13602 = VECTOR('',#13603,1.);
#13603 = DIRECTION('',(0.,0.,1.));
#13604 = ORIENTED_EDGE('',*,*,#13605,.T.);
#13605 = EDGE_CURVE('',#13598,#13606,#13608,.T.);
#13606 = VERTEX_POINT('',#13607);
#13607 = CARTESIAN_POINT('',(-2.25,-0.43,1.025));
#13608 = CIRCLE('',#13609,0.3);
#13609 = AXIS2_PLACEMENT_3D('',#13610,#13611,#13612);
#13610 = CARTESIAN_POINT('',(-2.25,-0.43,0.725));
#13611 = DIRECTION('',(-9.95799250103E-17,1.,0.));
#13612 = DIRECTION('',(-1.,-9.95799250103E-17,3.700743415417E-16));
#13613 = ORIENTED_EDGE('',*,*,#13614,.T.);
#13614 = EDGE_CURVE('',#13606,#12280,#13615,.T.);
#13615 = LINE('',#13616,#13617);
#13616 = CARTESIAN_POINT('',(-2.25,-0.43,1.025));
#13617 = VECTOR('',#13618,1.);
#13618 = DIRECTION('',(1.,9.95799250103E-17,0.));
#13619 = PLANE('',#13620);
#13620 = AXIS2_PLACEMENT_3D('',#13621,#13622,#13623);
#13621 = CARTESIAN_POINT('',(-2.41578967201,-0.43,0.532659657565));
#13622 = DIRECTION('',(-9.95799250103E-17,1.,0.));
#13623 = DIRECTION('',(0.,0.,1.));
#13624 = ADVANCED_FACE('',(#13625),#13711,.F.);
#13625 = FACE_BOUND('',#13626,.F.);
#13626 = EDGE_LOOP('',(#13627,#13628,#13629,#13638,#13646,#13655,#13663,
    #13671,#13679,#13688,#13696,#13705));
#13627 = ORIENTED_EDGE('',*,*,#12288,.F.);
#13628 = ORIENTED_EDGE('',*,*,#12248,.T.);
#13629 = ORIENTED_EDGE('',*,*,#13630,.T.);
#13630 = EDGE_CURVE('',#12249,#13631,#13633,.T.);
#13631 = VERTEX_POINT('',#13632);
#13632 = CARTESIAN_POINT('',(-2.35,0.43,0.725));
#13633 = CIRCLE('',#13634,0.1);
#13634 = AXIS2_PLACEMENT_3D('',#13635,#13636,#13637);
#13635 = CARTESIAN_POINT('',(-2.25,0.43,0.725));
#13636 = DIRECTION('',(9.95799250103E-17,-1.,1.294197968281E-47));
#13637 = DIRECTION('',(-4.440892098501E-15,-4.422237021476E-31,1.));
#13638 = ORIENTED_EDGE('',*,*,#13639,.T.);
#13639 = EDGE_CURVE('',#13631,#13640,#13642,.T.);
#13640 = VERTEX_POINT('',#13641);
#13641 = CARTESIAN_POINT('',(-2.35,0.43,0.3));
#13642 = LINE('',#13643,#13644);
#13643 = CARTESIAN_POINT('',(-2.35,0.43,0.725));
#13644 = VECTOR('',#13645,1.);
#13645 = DIRECTION('',(-1.044915787883E-15,-1.040526357994E-31,-1.));
#13646 = ORIENTED_EDGE('',*,*,#13647,.T.);
#13647 = EDGE_CURVE('',#13640,#13648,#13650,.T.);
#13648 = VERTEX_POINT('',#13649);
#13649 = CARTESIAN_POINT('',(-2.65,0.43,5.551115123126E-17));
#13650 = CIRCLE('',#13651,0.3);
#13651 = AXIS2_PLACEMENT_3D('',#13652,#13653,#13654);
#13652 = CARTESIAN_POINT('',(-2.65,0.43,0.3));
#13653 = DIRECTION('',(-9.95799250103E-17,1.,0.));
#13654 = DIRECTION('',(1.,9.95799250103E-17,3.515706244646E-15));
#13655 = ORIENTED_EDGE('',*,*,#13656,.T.);
#13656 = EDGE_CURVE('',#13648,#13657,#13659,.T.);
#13657 = VERTEX_POINT('',#13658);
#13658 = CARTESIAN_POINT('',(-3.,0.43,5.551115123126E-17));
#13659 = LINE('',#13660,#13661);
#13660 = CARTESIAN_POINT('',(-2.65,0.43,5.551115123126E-17));
#13661 = VECTOR('',#13662,1.);
#13662 = DIRECTION('',(-1.,-9.95799250103E-17,0.));
#13663 = ORIENTED_EDGE('',*,*,#13664,.T.);
#13664 = EDGE_CURVE('',#13657,#13665,#13667,.T.);
#13665 = VERTEX_POINT('',#13666);
#13666 = CARTESIAN_POINT('',(-3.,0.43,0.2));
#13667 = LINE('',#13668,#13669);
#13668 = CARTESIAN_POINT('',(-3.,0.43,5.551115123126E-17));
#13669 = VECTOR('',#13670,1.);
#13670 = DIRECTION('',(0.,0.,1.));
#13671 = ORIENTED_EDGE('',*,*,#13672,.T.);
#13672 = EDGE_CURVE('',#13665,#13673,#13675,.T.);
#13673 = VERTEX_POINT('',#13674);
#13674 = CARTESIAN_POINT('',(-2.65,0.43,0.2));
#13675 = LINE('',#13676,#13677);
#13676 = CARTESIAN_POINT('',(-3.,0.43,0.2));
#13677 = VECTOR('',#13678,1.);
#13678 = DIRECTION('',(1.,9.95799250103E-17,0.));
#13679 = ORIENTED_EDGE('',*,*,#13680,.T.);
#13680 = EDGE_CURVE('',#13673,#13681,#13683,.T.);
#13681 = VERTEX_POINT('',#13682);
#13682 = CARTESIAN_POINT('',(-2.55,0.43,0.3));
#13683 = CIRCLE('',#13684,0.1);
#13684 = AXIS2_PLACEMENT_3D('',#13685,#13686,#13687);
#13685 = CARTESIAN_POINT('',(-2.65,0.43,0.3));
#13686 = DIRECTION('',(9.95799250103E-17,-1.,-0.));
#13687 = DIRECTION('',(-0.,0.,-1.));
#13688 = ORIENTED_EDGE('',*,*,#13689,.T.);
#13689 = EDGE_CURVE('',#13681,#13690,#13692,.T.);
#13690 = VERTEX_POINT('',#13691);
#13691 = CARTESIAN_POINT('',(-2.55,0.43,0.725));
#13692 = LINE('',#13693,#13694);
#13693 = CARTESIAN_POINT('',(-2.55,0.43,0.3));
#13694 = VECTOR('',#13695,1.);
#13695 = DIRECTION('',(0.,0.,1.));
#13696 = ORIENTED_EDGE('',*,*,#13697,.T.);
#13697 = EDGE_CURVE('',#13690,#13698,#13700,.T.);
#13698 = VERTEX_POINT('',#13699);
#13699 = CARTESIAN_POINT('',(-2.25,0.43,1.025));
#13700 = CIRCLE('',#13701,0.3);
#13701 = AXIS2_PLACEMENT_3D('',#13702,#13703,#13704);
#13702 = CARTESIAN_POINT('',(-2.25,0.43,0.725));
#13703 = DIRECTION('',(-9.95799250103E-17,1.,0.));
#13704 = DIRECTION('',(-1.,-9.95799250103E-17,3.700743415417E-16));
#13705 = ORIENTED_EDGE('',*,*,#13706,.T.);
#13706 = EDGE_CURVE('',#13698,#12289,#13707,.T.);
#13707 = LINE('',#13708,#13709);
#13708 = CARTESIAN_POINT('',(-2.25,0.43,1.025));
#13709 = VECTOR('',#13710,1.);
#13710 = DIRECTION('',(1.,9.95799250103E-17,0.));
#13711 = PLANE('',#13712);
#13712 = AXIS2_PLACEMENT_3D('',#13713,#13714,#13715);
#13713 = CARTESIAN_POINT('',(-2.41578967201,0.43,0.532659657565));
#13714 = DIRECTION('',(-9.95799250103E-17,1.,0.));
#13715 = DIRECTION('',(0.,0.,1.));
#13716 = ADVANCED_FACE('',(#13717),#13728,.F.);
#13717 = FACE_BOUND('',#13718,.F.);
#13718 = EDGE_LOOP('',(#13719,#13720,#13721,#13727));
#13719 = ORIENTED_EDGE('',*,*,#12265,.T.);
#13720 = ORIENTED_EDGE('',*,*,#13407,.T.);
#13721 = ORIENTED_EDGE('',*,*,#13722,.F.);
#13722 = EDGE_CURVE('',#13631,#13408,#13723,.T.);
#13723 = LINE('',#13724,#13725);
#13724 = CARTESIAN_POINT('',(-2.35,0.43,0.725));
#13725 = VECTOR('',#13726,1.);
#13726 = DIRECTION('',(-9.95799250103E-17,1.,0.));
#13727 = ORIENTED_EDGE('',*,*,#13630,.F.);
#13728 = CYLINDRICAL_SURFACE('',#13729,0.1);
#13729 = AXIS2_PLACEMENT_3D('',#13730,#13731,#13732);
#13730 = CARTESIAN_POINT('',(-2.25,0.43,0.725));
#13731 = DIRECTION('',(9.95799250103E-17,-1.,0.));
#13732 = DIRECTION('',(-4.440892098501E-15,-4.422237021476E-31,1.));
#13733 = ADVANCED_FACE('',(#13734),#13750,.F.);
#13734 = FACE_BOUND('',#13735,.F.);
#13735 = EDGE_LOOP('',(#13736,#13742,#13743,#13749));
#13736 = ORIENTED_EDGE('',*,*,#13737,.F.);
#13737 = EDGE_CURVE('',#12280,#12694,#13738,.T.);
#13738 = LINE('',#13739,#13740);
#13739 = CARTESIAN_POINT('',(-2.25,-0.43,1.025));
#13740 = VECTOR('',#13741,1.);
#13741 = DIRECTION('',(1.,9.95799250103E-17,0.));
#13742 = ORIENTED_EDGE('',*,*,#12296,.T.);
#13743 = ORIENTED_EDGE('',*,*,#13744,.T.);
#13744 = EDGE_CURVE('',#12289,#12702,#13745,.T.);
#13745 = LINE('',#13746,#13747);
#13746 = CARTESIAN_POINT('',(-2.25,0.43,1.025));
#13747 = VECTOR('',#13748,1.);
#13748 = DIRECTION('',(1.,9.95799250103E-17,0.));
#13749 = ORIENTED_EDGE('',*,*,#12701,.F.);
#13750 = B_SPLINE_SURFACE_WITH_KNOTS('',1,1,(
    (#13751,#13752)
    ,(#13753,#13754
    )),.UNSPECIFIED.,.F.,.F.,.F.,(2,2),(2,2),(0.,4.55),(0.,1.),
  .PIECEWISE_BEZIER_KNOTS.);
#13751 = CARTESIAN_POINT('',(-1.95,-2.275,1.025));
#13752 = CARTESIAN_POINT('',(-1.875,-2.2375,1.025));
#13753 = CARTESIAN_POINT('',(-1.95,2.275,1.025));
#13754 = CARTESIAN_POINT('',(-1.875,2.2375,1.025));
#13755 = ADVANCED_FACE('',(#13756),#13762,.F.);
#13756 = FACE_BOUND('',#13757,.F.);
#13757 = EDGE_LOOP('',(#13758,#13759,#13760,#13761));
#13758 = ORIENTED_EDGE('',*,*,#12312,.T.);
#13759 = ORIENTED_EDGE('',*,*,#12615,.T.);
#13760 = ORIENTED_EDGE('',*,*,#12644,.F.);
#13761 = ORIENTED_EDGE('',*,*,#13059,.F.);
#13762 = B_SPLINE_SURFACE_WITH_KNOTS('',1,1,(
    (#13763,#13764)
    ,(#13765,#13766
    )),.UNSPECIFIED.,.F.,.F.,.F.,(2,2),(2,2),(0.,0.247487373415),(0.,1.)
  ,.PIECEWISE_BEZIER_KNOTS.);
#13763 = CARTESIAN_POINT('',(-1.95,2.275,1.025));
#13764 = CARTESIAN_POINT('',(-1.875,2.2375,1.025));
#13765 = CARTESIAN_POINT('',(-1.775,2.45,1.025));
#13766 = CARTESIAN_POINT('',(-1.7375,2.375,1.025));
#13767 = ADVANCED_FACE('',(#13768),#13781,.F.);
#13768 = FACE_BOUND('',#13769,.F.);
#13769 = EDGE_LOOP('',(#13770,#13771,#13777,#13778,#13779,#13780));
#13770 = ORIENTED_EDGE('',*,*,#12946,.F.);
#13771 = ORIENTED_EDGE('',*,*,#13772,.T.);
#13772 = EDGE_CURVE('',#12938,#13160,#13773,.T.);
#13773 = LINE('',#13774,#13775);
#13774 = CARTESIAN_POINT('',(-2.25,-2.11,1.025));
#13775 = VECTOR('',#13776,1.);
#13776 = DIRECTION('',(-9.95799250103E-17,1.,0.));
#13777 = ORIENTED_EDGE('',*,*,#13168,.T.);
#13778 = ORIENTED_EDGE('',*,*,#13291,.T.);
#13779 = ORIENTED_EDGE('',*,*,#12677,.F.);
#13780 = ORIENTED_EDGE('',*,*,#12853,.F.);
#13781 = PLANE('',#13782);
#13782 = AXIS2_PLACEMENT_3D('',#13783,#13784,#13785);
#13783 = CARTESIAN_POINT('',(-2.25,-2.11,1.025));
#13784 = DIRECTION('',(-0.,0.,-1.));
#13785 = DIRECTION('',(1.,9.95799250103E-17,0.));
#13786 = ADVANCED_FACE('',(#13787),#13800,.F.);
#13787 = FACE_BOUND('',#13788,.F.);
#13788 = EDGE_LOOP('',(#13789,#13790,#13796,#13797,#13798,#13799));
#13789 = ORIENTED_EDGE('',*,*,#13391,.F.);
#13790 = ORIENTED_EDGE('',*,*,#13791,.T.);
#13791 = EDGE_CURVE('',#13383,#13606,#13792,.T.);
#13792 = LINE('',#13793,#13794);
#13793 = CARTESIAN_POINT('',(-2.25,-0.84,1.025));
#13794 = VECTOR('',#13795,1.);
#13795 = DIRECTION('',(-9.95799250103E-17,1.,0.));
#13796 = ORIENTED_EDGE('',*,*,#13614,.T.);
#13797 = ORIENTED_EDGE('',*,*,#13737,.T.);
#13798 = ORIENTED_EDGE('',*,*,#12693,.F.);
#13799 = ORIENTED_EDGE('',*,*,#13298,.F.);
#13800 = PLANE('',#13801);
#13801 = AXIS2_PLACEMENT_3D('',#13802,#13803,#13804);
#13802 = CARTESIAN_POINT('',(-2.25,-0.84,1.025));
#13803 = DIRECTION('',(-0.,0.,-1.));
#13804 = DIRECTION('',(1.,9.95799250103E-17,0.));
#13805 = ADVANCED_FACE('',(#13806),#13819,.F.);
#13806 = FACE_BOUND('',#13807,.F.);
#13807 = EDGE_LOOP('',(#13808,#13809,#13815,#13816,#13817,#13818));
#13808 = ORIENTED_EDGE('',*,*,#13260,.F.);
#13809 = ORIENTED_EDGE('',*,*,#13810,.T.);
#13810 = EDGE_CURVE('',#13252,#13030,#13811,.T.);
#13811 = LINE('',#13812,#13813);
#13812 = CARTESIAN_POINT('',(-2.25,1.7,1.025));
#13813 = VECTOR('',#13814,1.);
#13814 = DIRECTION('',(-9.95799250103E-17,1.,0.));
#13815 = ORIENTED_EDGE('',*,*,#13038,.T.);
#13816 = ORIENTED_EDGE('',*,*,#13052,.T.);
#13817 = ORIENTED_EDGE('',*,*,#12725,.F.);
#13818 = ORIENTED_EDGE('',*,*,#13504,.F.);
#13819 = PLANE('',#13820);
#13820 = AXIS2_PLACEMENT_3D('',#13821,#13822,#13823);
#13821 = CARTESIAN_POINT('',(-2.25,1.7,1.025));
#13822 = DIRECTION('',(-0.,0.,-1.));
#13823 = DIRECTION('',(1.,9.95799250103E-17,0.));
#13824 = ADVANCED_FACE('',(#13825),#13838,.F.);
#13825 = FACE_BOUND('',#13826,.F.);
#13826 = EDGE_LOOP('',(#13827,#13828,#13834,#13835,#13836,#13837));
#13827 = ORIENTED_EDGE('',*,*,#13706,.F.);
#13828 = ORIENTED_EDGE('',*,*,#13829,.T.);
#13829 = EDGE_CURVE('',#13698,#13475,#13830,.T.);
#13830 = LINE('',#13831,#13832);
#13831 = CARTESIAN_POINT('',(-2.25,0.43,1.025));
#13832 = VECTOR('',#13833,1.);
#13833 = DIRECTION('',(-9.95799250103E-17,1.,0.));
#13834 = ORIENTED_EDGE('',*,*,#13483,.T.);
#13835 = ORIENTED_EDGE('',*,*,#13497,.T.);
#13836 = ORIENTED_EDGE('',*,*,#12709,.F.);
#13837 = ORIENTED_EDGE('',*,*,#13744,.F.);
#13838 = PLANE('',#13839);
#13839 = AXIS2_PLACEMENT_3D('',#13840,#13841,#13842);
#13840 = CARTESIAN_POINT('',(-2.25,0.43,1.025));
#13841 = DIRECTION('',(-0.,0.,-1.));
#13842 = DIRECTION('',(1.,9.95799250103E-17,0.));
#13843 = ADVANCED_FACE('',(#13844),#13847,.T.);
#13844 = FACE_BOUND('',#13845,.T.);
#13845 = EDGE_LOOP('',(#13846));
#13846 = ORIENTED_EDGE('',*,*,#12794,.T.);
#13847 = PLANE('',#13848);
#13848 = AXIS2_PLACEMENT_3D('',#13849,#13850,#13851);
#13849 = CARTESIAN_POINT('',(-1.110171280765,1.610171280765,1.7));
#13850 = DIRECTION('',(0.,0.,1.));
#13851 = DIRECTION('',(2.22044604925E-16,-1.,0.));
#13852 = ADVANCED_FACE('',(#13853),#13864,.T.);
#13853 = FACE_BOUND('',#13854,.T.);
#13854 = EDGE_LOOP('',(#13855,#13856,#13857,#13858));
#13855 = ORIENTED_EDGE('',*,*,#12937,.T.);
#13856 = ORIENTED_EDGE('',*,*,#13772,.T.);
#13857 = ORIENTED_EDGE('',*,*,#13159,.F.);
#13858 = ORIENTED_EDGE('',*,*,#13859,.F.);
#13859 = EDGE_CURVE('',#12930,#13152,#13860,.T.);
#13860 = LINE('',#13861,#13862);
#13861 = CARTESIAN_POINT('',(-2.55,-2.11,0.725));
#13862 = VECTOR('',#13863,1.);
#13863 = DIRECTION('',(-9.95799250103E-17,1.,0.));
#13864 = CYLINDRICAL_SURFACE('',#13865,0.3);
#13865 = AXIS2_PLACEMENT_3D('',#13866,#13867,#13868);
#13866 = CARTESIAN_POINT('',(-2.25,-2.11,0.725));
#13867 = DIRECTION('',(9.95799250103E-17,-1.,-0.));
#13868 = DIRECTION('',(-1.,-9.95799250103E-17,3.700743415417E-16));
#13869 = ADVANCED_FACE('',(#13870),#13881,.F.);
#13870 = FACE_BOUND('',#13871,.F.);
#13871 = EDGE_LOOP('',(#13872,#13878,#13879,#13880));
#13872 = ORIENTED_EDGE('',*,*,#13873,.T.);
#13873 = EDGE_CURVE('',#12921,#13143,#13874,.T.);
#13874 = LINE('',#13875,#13876);
#13875 = CARTESIAN_POINT('',(-2.55,-2.11,0.3));
#13876 = VECTOR('',#13877,1.);
#13877 = DIRECTION('',(-9.95799250103E-17,1.,0.));
#13878 = ORIENTED_EDGE('',*,*,#13151,.T.);
#13879 = ORIENTED_EDGE('',*,*,#13859,.F.);
#13880 = ORIENTED_EDGE('',*,*,#12929,.F.);
#13881 = PLANE('',#13882);
#13882 = AXIS2_PLACEMENT_3D('',#13883,#13884,#13885);
#13883 = CARTESIAN_POINT('',(-2.55,-2.11,0.3));
#13884 = DIRECTION('',(1.,9.95799250103E-17,0.));
#13885 = DIRECTION('',(0.,-0.,1.));
#13886 = ADVANCED_FACE('',(#13887),#13898,.F.);
#13887 = FACE_BOUND('',#13888,.F.);
#13888 = EDGE_LOOP('',(#13889,#13895,#13896,#13897));
#13889 = ORIENTED_EDGE('',*,*,#13890,.T.);
#13890 = EDGE_CURVE('',#12913,#13135,#13891,.T.);
#13891 = LINE('',#13892,#13893);
#13892 = CARTESIAN_POINT('',(-2.65,-2.11,0.2));
#13893 = VECTOR('',#13894,1.);
#13894 = DIRECTION('',(-9.95799250103E-17,1.,0.));
#13895 = ORIENTED_EDGE('',*,*,#13142,.T.);
#13896 = ORIENTED_EDGE('',*,*,#13873,.F.);
#13897 = ORIENTED_EDGE('',*,*,#12920,.F.);
#13898 = CYLINDRICAL_SURFACE('',#13899,0.1);
#13899 = AXIS2_PLACEMENT_3D('',#13900,#13901,#13902);
#13900 = CARTESIAN_POINT('',(-2.65,-2.11,0.3));
#13901 = DIRECTION('',(9.95799250103E-17,-1.,0.));
#13902 = DIRECTION('',(0.,-0.,-1.));
#13903 = ADVANCED_FACE('',(#13904),#13915,.F.);
#13904 = FACE_BOUND('',#13905,.F.);
#13905 = EDGE_LOOP('',(#13906,#13912,#13913,#13914));
#13906 = ORIENTED_EDGE('',*,*,#13907,.T.);
#13907 = EDGE_CURVE('',#12905,#13127,#13908,.T.);
#13908 = LINE('',#13909,#13910);
#13909 = CARTESIAN_POINT('',(-3.,-2.11,0.2));
#13910 = VECTOR('',#13911,1.);
#13911 = DIRECTION('',(-9.95799250103E-17,1.,0.));
#13912 = ORIENTED_EDGE('',*,*,#13134,.T.);
#13913 = ORIENTED_EDGE('',*,*,#13890,.F.);
#13914 = ORIENTED_EDGE('',*,*,#12912,.F.);
#13915 = PLANE('',#13916);
#13916 = AXIS2_PLACEMENT_3D('',#13917,#13918,#13919);
#13917 = CARTESIAN_POINT('',(-3.,-2.11,0.2));
#13918 = DIRECTION('',(-0.,0.,-1.));
#13919 = DIRECTION('',(1.,9.95799250103E-17,0.));
#13920 = ADVANCED_FACE('',(#13921),#13932,.F.);
#13921 = FACE_BOUND('',#13922,.F.);
#13922 = EDGE_LOOP('',(#13923,#13929,#13930,#13931));
#13923 = ORIENTED_EDGE('',*,*,#13924,.T.);
#13924 = EDGE_CURVE('',#12897,#13119,#13925,.T.);
#13925 = LINE('',#13926,#13927);
#13926 = CARTESIAN_POINT('',(-3.,-2.11,5.551115123126E-17));
#13927 = VECTOR('',#13928,1.);
#13928 = DIRECTION('',(-9.95799250103E-17,1.,0.));
#13929 = ORIENTED_EDGE('',*,*,#13126,.T.);
#13930 = ORIENTED_EDGE('',*,*,#13907,.F.);
#13931 = ORIENTED_EDGE('',*,*,#12904,.F.);
#13932 = PLANE('',#13933);
#13933 = AXIS2_PLACEMENT_3D('',#13934,#13935,#13936);
#13934 = CARTESIAN_POINT('',(-3.,-2.11,5.551115123126E-17));
#13935 = DIRECTION('',(1.,9.95799250103E-17,0.));
#13936 = DIRECTION('',(0.,-0.,1.));
#13937 = ADVANCED_FACE('',(#13938),#13949,.F.);
#13938 = FACE_BOUND('',#13939,.F.);
#13939 = EDGE_LOOP('',(#13940,#13946,#13947,#13948));
#13940 = ORIENTED_EDGE('',*,*,#13941,.T.);
#13941 = EDGE_CURVE('',#12888,#13110,#13942,.T.);
#13942 = LINE('',#13943,#13944);
#13943 = CARTESIAN_POINT('',(-2.65,-2.11,5.551115123126E-17));
#13944 = VECTOR('',#13945,1.);
#13945 = DIRECTION('',(-9.95799250103E-17,1.,0.));
#13946 = ORIENTED_EDGE('',*,*,#13118,.T.);
#13947 = ORIENTED_EDGE('',*,*,#13924,.F.);
#13948 = ORIENTED_EDGE('',*,*,#12896,.F.);
#13949 = PLANE('',#13950);
#13950 = AXIS2_PLACEMENT_3D('',#13951,#13952,#13953);
#13951 = CARTESIAN_POINT('',(-2.65,-2.11,5.551115123126E-17));
#13952 = DIRECTION('',(0.,0.,1.));
#13953 = DIRECTION('',(-1.,-9.95799250103E-17,0.));
#13954 = ADVANCED_FACE('',(#13955),#13966,.T.);
#13955 = FACE_BOUND('',#13956,.T.);
#13956 = EDGE_LOOP('',(#13957,#13958,#13959,#13960));
#13957 = ORIENTED_EDGE('',*,*,#12887,.T.);
#13958 = ORIENTED_EDGE('',*,*,#13941,.T.);
#13959 = ORIENTED_EDGE('',*,*,#13109,.F.);
#13960 = ORIENTED_EDGE('',*,*,#13961,.F.);
#13961 = EDGE_CURVE('',#12880,#13102,#13962,.T.);
#13962 = LINE('',#13963,#13964);
#13963 = CARTESIAN_POINT('',(-2.35,-2.11,0.3));
#13964 = VECTOR('',#13965,1.);
#13965 = DIRECTION('',(-9.95799250103E-17,1.,0.));
#13966 = CYLINDRICAL_SURFACE('',#13967,0.3);
#13967 = AXIS2_PLACEMENT_3D('',#13968,#13969,#13970);
#13968 = CARTESIAN_POINT('',(-2.65,-2.11,0.3));
#13969 = DIRECTION('',(9.95799250103E-17,-1.,-0.));
#13970 = DIRECTION('',(1.,9.95799250103E-17,3.515706244646E-15));
#13971 = ADVANCED_FACE('',(#13972),#13978,.F.);
#13972 = FACE_BOUND('',#13973,.F.);
#13973 = EDGE_LOOP('',(#13974,#13975,#13976,#13977));
#13974 = ORIENTED_EDGE('',*,*,#13083,.T.);
#13975 = ORIENTED_EDGE('',*,*,#13101,.T.);
#13976 = ORIENTED_EDGE('',*,*,#13961,.F.);
#13977 = ORIENTED_EDGE('',*,*,#12879,.F.);
#13978 = PLANE('',#13979);
#13979 = AXIS2_PLACEMENT_3D('',#13980,#13981,#13982);
#13980 = CARTESIAN_POINT('',(-2.35,-2.11,0.725));
#13981 = DIRECTION('',(-1.,-9.95799250103E-17,1.044915787883E-15));
#13982 = DIRECTION('',(-1.044915787883E-15,-1.040526357994E-31,-1.));
#13983 = ADVANCED_FACE('',(#13984),#13995,.T.);
#13984 = FACE_BOUND('',#13985,.T.);
#13985 = EDGE_LOOP('',(#13986,#13987,#13988,#13989));
#13986 = ORIENTED_EDGE('',*,*,#13251,.T.);
#13987 = ORIENTED_EDGE('',*,*,#13810,.T.);
#13988 = ORIENTED_EDGE('',*,*,#13029,.F.);
#13989 = ORIENTED_EDGE('',*,*,#13990,.F.);
#13990 = EDGE_CURVE('',#13244,#13022,#13991,.T.);
#13991 = LINE('',#13992,#13993);
#13992 = CARTESIAN_POINT('',(-2.55,1.7,0.725));
#13993 = VECTOR('',#13994,1.);
#13994 = DIRECTION('',(-9.95799250103E-17,1.,0.));
#13995 = CYLINDRICAL_SURFACE('',#13996,0.3);
#13996 = AXIS2_PLACEMENT_3D('',#13997,#13998,#13999);
#13997 = CARTESIAN_POINT('',(-2.25,1.7,0.725));
#13998 = DIRECTION('',(9.95799250103E-17,-1.,-0.));
#13999 = DIRECTION('',(-1.,-9.95799250103E-17,3.700743415417E-16));
#14000 = ADVANCED_FACE('',(#14001),#14012,.F.);
#14001 = FACE_BOUND('',#14002,.F.);
#14002 = EDGE_LOOP('',(#14003,#14009,#14010,#14011));
#14003 = ORIENTED_EDGE('',*,*,#14004,.T.);
#14004 = EDGE_CURVE('',#13235,#13013,#14005,.T.);
#14005 = LINE('',#14006,#14007);
#14006 = CARTESIAN_POINT('',(-2.55,1.7,0.3));
#14007 = VECTOR('',#14008,1.);
#14008 = DIRECTION('',(-9.95799250103E-17,1.,0.));
#14009 = ORIENTED_EDGE('',*,*,#13021,.T.);
#14010 = ORIENTED_EDGE('',*,*,#13990,.F.);
#14011 = ORIENTED_EDGE('',*,*,#13243,.F.);
#14012 = PLANE('',#14013);
#14013 = AXIS2_PLACEMENT_3D('',#14014,#14015,#14016);
#14014 = CARTESIAN_POINT('',(-2.55,1.7,0.3));
#14015 = DIRECTION('',(1.,9.95799250103E-17,0.));
#14016 = DIRECTION('',(0.,-0.,1.));
#14017 = ADVANCED_FACE('',(#14018),#14029,.F.);
#14018 = FACE_BOUND('',#14019,.F.);
#14019 = EDGE_LOOP('',(#14020,#14026,#14027,#14028));
#14020 = ORIENTED_EDGE('',*,*,#14021,.T.);
#14021 = EDGE_CURVE('',#13227,#13005,#14022,.T.);
#14022 = LINE('',#14023,#14024);
#14023 = CARTESIAN_POINT('',(-2.65,1.7,0.2));
#14024 = VECTOR('',#14025,1.);
#14025 = DIRECTION('',(-9.95799250103E-17,1.,0.));
#14026 = ORIENTED_EDGE('',*,*,#13012,.T.);
#14027 = ORIENTED_EDGE('',*,*,#14004,.F.);
#14028 = ORIENTED_EDGE('',*,*,#13234,.F.);
#14029 = CYLINDRICAL_SURFACE('',#14030,0.1);
#14030 = AXIS2_PLACEMENT_3D('',#14031,#14032,#14033);
#14031 = CARTESIAN_POINT('',(-2.65,1.7,0.3));
#14032 = DIRECTION('',(9.95799250103E-17,-1.,0.));
#14033 = DIRECTION('',(0.,-0.,-1.));
#14034 = ADVANCED_FACE('',(#14035),#14046,.F.);
#14035 = FACE_BOUND('',#14036,.F.);
#14036 = EDGE_LOOP('',(#14037,#14043,#14044,#14045));
#14037 = ORIENTED_EDGE('',*,*,#14038,.T.);
#14038 = EDGE_CURVE('',#13219,#12997,#14039,.T.);
#14039 = LINE('',#14040,#14041);
#14040 = CARTESIAN_POINT('',(-3.,1.7,0.2));
#14041 = VECTOR('',#14042,1.);
#14042 = DIRECTION('',(-9.95799250103E-17,1.,0.));
#14043 = ORIENTED_EDGE('',*,*,#13004,.T.);
#14044 = ORIENTED_EDGE('',*,*,#14021,.F.);
#14045 = ORIENTED_EDGE('',*,*,#13226,.F.);
#14046 = PLANE('',#14047);
#14047 = AXIS2_PLACEMENT_3D('',#14048,#14049,#14050);
#14048 = CARTESIAN_POINT('',(-3.,1.7,0.2));
#14049 = DIRECTION('',(-0.,0.,-1.));
#14050 = DIRECTION('',(1.,9.95799250103E-17,0.));
#14051 = ADVANCED_FACE('',(#14052),#14063,.F.);
#14052 = FACE_BOUND('',#14053,.F.);
#14053 = EDGE_LOOP('',(#14054,#14060,#14061,#14062));
#14054 = ORIENTED_EDGE('',*,*,#14055,.T.);
#14055 = EDGE_CURVE('',#13211,#12989,#14056,.T.);
#14056 = LINE('',#14057,#14058);
#14057 = CARTESIAN_POINT('',(-3.,1.7,5.551115123126E-17));
#14058 = VECTOR('',#14059,1.);
#14059 = DIRECTION('',(-9.95799250103E-17,1.,0.));
#14060 = ORIENTED_EDGE('',*,*,#12996,.T.);
#14061 = ORIENTED_EDGE('',*,*,#14038,.F.);
#14062 = ORIENTED_EDGE('',*,*,#13218,.F.);
#14063 = PLANE('',#14064);
#14064 = AXIS2_PLACEMENT_3D('',#14065,#14066,#14067);
#14065 = CARTESIAN_POINT('',(-3.,1.7,5.551115123126E-17));
#14066 = DIRECTION('',(1.,9.95799250103E-17,0.));
#14067 = DIRECTION('',(0.,-0.,1.));
#14068 = ADVANCED_FACE('',(#14069),#14080,.F.);
#14069 = FACE_BOUND('',#14070,.F.);
#14070 = EDGE_LOOP('',(#14071,#14077,#14078,#14079));
#14071 = ORIENTED_EDGE('',*,*,#14072,.T.);
#14072 = EDGE_CURVE('',#13202,#12980,#14073,.T.);
#14073 = LINE('',#14074,#14075);
#14074 = CARTESIAN_POINT('',(-2.65,1.7,5.551115123126E-17));
#14075 = VECTOR('',#14076,1.);
#14076 = DIRECTION('',(-9.95799250103E-17,1.,0.));
#14077 = ORIENTED_EDGE('',*,*,#12988,.T.);
#14078 = ORIENTED_EDGE('',*,*,#14055,.F.);
#14079 = ORIENTED_EDGE('',*,*,#13210,.F.);
#14080 = PLANE('',#14081);
#14081 = AXIS2_PLACEMENT_3D('',#14082,#14083,#14084);
#14082 = CARTESIAN_POINT('',(-2.65,1.7,5.551115123126E-17));
#14083 = DIRECTION('',(0.,0.,1.));
#14084 = DIRECTION('',(-1.,-9.95799250103E-17,0.));
#14085 = ADVANCED_FACE('',(#14086),#14097,.T.);
#14086 = FACE_BOUND('',#14087,.T.);
#14087 = EDGE_LOOP('',(#14088,#14089,#14090,#14091));
#14088 = ORIENTED_EDGE('',*,*,#13201,.T.);
#14089 = ORIENTED_EDGE('',*,*,#14072,.T.);
#14090 = ORIENTED_EDGE('',*,*,#12979,.F.);
#14091 = ORIENTED_EDGE('',*,*,#14092,.F.);
#14092 = EDGE_CURVE('',#13194,#12972,#14093,.T.);
#14093 = LINE('',#14094,#14095);
#14094 = CARTESIAN_POINT('',(-2.35,1.7,0.3));
#14095 = VECTOR('',#14096,1.);
#14096 = DIRECTION('',(-9.95799250103E-17,1.,0.));
#14097 = CYLINDRICAL_SURFACE('',#14098,0.3);
#14098 = AXIS2_PLACEMENT_3D('',#14099,#14100,#14101);
#14099 = CARTESIAN_POINT('',(-2.65,1.7,0.3));
#14100 = DIRECTION('',(9.95799250103E-17,-1.,-0.));
#14101 = DIRECTION('',(1.,9.95799250103E-17,3.515706244646E-15));
#14102 = ADVANCED_FACE('',(#14103),#14109,.F.);
#14103 = FACE_BOUND('',#14104,.F.);
#14104 = EDGE_LOOP('',(#14105,#14106,#14107,#14108));
#14105 = ORIENTED_EDGE('',*,*,#13276,.T.);
#14106 = ORIENTED_EDGE('',*,*,#12971,.T.);
#14107 = ORIENTED_EDGE('',*,*,#14092,.F.);
#14108 = ORIENTED_EDGE('',*,*,#13193,.F.);
#14109 = PLANE('',#14110);
#14110 = AXIS2_PLACEMENT_3D('',#14111,#14112,#14113);
#14111 = CARTESIAN_POINT('',(-2.35,1.7,0.725));
#14112 = DIRECTION('',(-1.,-9.95799250103E-17,1.044915787883E-15));
#14113 = DIRECTION('',(-1.044915787883E-15,-1.040526357994E-31,-1.));
#14114 = ADVANCED_FACE('',(#14115),#14126,.T.);
#14115 = FACE_BOUND('',#14116,.T.);
#14116 = EDGE_LOOP('',(#14117,#14118,#14119,#14120));
#14117 = ORIENTED_EDGE('',*,*,#13382,.T.);
#14118 = ORIENTED_EDGE('',*,*,#13791,.T.);
#14119 = ORIENTED_EDGE('',*,*,#13605,.F.);
#14120 = ORIENTED_EDGE('',*,*,#14121,.F.);
#14121 = EDGE_CURVE('',#13375,#13598,#14122,.T.);
#14122 = LINE('',#14123,#14124);
#14123 = CARTESIAN_POINT('',(-2.55,-0.84,0.725));
#14124 = VECTOR('',#14125,1.);
#14125 = DIRECTION('',(-9.95799250103E-17,1.,0.));
#14126 = CYLINDRICAL_SURFACE('',#14127,0.3);
#14127 = AXIS2_PLACEMENT_3D('',#14128,#14129,#14130);
#14128 = CARTESIAN_POINT('',(-2.25,-0.84,0.725));
#14129 = DIRECTION('',(9.95799250103E-17,-1.,-0.));
#14130 = DIRECTION('',(-1.,-9.95799250103E-17,3.700743415417E-16));
#14131 = ADVANCED_FACE('',(#14132),#14143,.F.);
#14132 = FACE_BOUND('',#14133,.F.);
#14133 = EDGE_LOOP('',(#14134,#14140,#14141,#14142));
#14134 = ORIENTED_EDGE('',*,*,#14135,.T.);
#14135 = EDGE_CURVE('',#13366,#13589,#14136,.T.);
#14136 = LINE('',#14137,#14138);
#14137 = CARTESIAN_POINT('',(-2.55,-0.84,0.3));
#14138 = VECTOR('',#14139,1.);
#14139 = DIRECTION('',(-9.95799250103E-17,1.,0.));
#14140 = ORIENTED_EDGE('',*,*,#13597,.T.);
#14141 = ORIENTED_EDGE('',*,*,#14121,.F.);
#14142 = ORIENTED_EDGE('',*,*,#13374,.F.);
#14143 = PLANE('',#14144);
#14144 = AXIS2_PLACEMENT_3D('',#14145,#14146,#14147);
#14145 = CARTESIAN_POINT('',(-2.55,-0.84,0.3));
#14146 = DIRECTION('',(1.,9.95799250103E-17,0.));
#14147 = DIRECTION('',(0.,-0.,1.));
#14148 = ADVANCED_FACE('',(#14149),#14160,.F.);
#14149 = FACE_BOUND('',#14150,.F.);
#14150 = EDGE_LOOP('',(#14151,#14157,#14158,#14159));
#14151 = ORIENTED_EDGE('',*,*,#14152,.T.);
#14152 = EDGE_CURVE('',#13358,#13581,#14153,.T.);
#14153 = LINE('',#14154,#14155);
#14154 = CARTESIAN_POINT('',(-2.65,-0.84,0.2));
#14155 = VECTOR('',#14156,1.);
#14156 = DIRECTION('',(-9.95799250103E-17,1.,0.));
#14157 = ORIENTED_EDGE('',*,*,#13588,.T.);
#14158 = ORIENTED_EDGE('',*,*,#14135,.F.);
#14159 = ORIENTED_EDGE('',*,*,#13365,.F.);
#14160 = CYLINDRICAL_SURFACE('',#14161,0.1);
#14161 = AXIS2_PLACEMENT_3D('',#14162,#14163,#14164);
#14162 = CARTESIAN_POINT('',(-2.65,-0.84,0.3));
#14163 = DIRECTION('',(9.95799250103E-17,-1.,0.));
#14164 = DIRECTION('',(0.,-0.,-1.));
#14165 = ADVANCED_FACE('',(#14166),#14177,.F.);
#14166 = FACE_BOUND('',#14167,.F.);
#14167 = EDGE_LOOP('',(#14168,#14174,#14175,#14176));
#14168 = ORIENTED_EDGE('',*,*,#14169,.T.);
#14169 = EDGE_CURVE('',#13350,#13573,#14170,.T.);
#14170 = LINE('',#14171,#14172);
#14171 = CARTESIAN_POINT('',(-3.,-0.84,0.2));
#14172 = VECTOR('',#14173,1.);
#14173 = DIRECTION('',(-9.95799250103E-17,1.,0.));
#14174 = ORIENTED_EDGE('',*,*,#13580,.T.);
#14175 = ORIENTED_EDGE('',*,*,#14152,.F.);
#14176 = ORIENTED_EDGE('',*,*,#13357,.F.);
#14177 = PLANE('',#14178);
#14178 = AXIS2_PLACEMENT_3D('',#14179,#14180,#14181);
#14179 = CARTESIAN_POINT('',(-3.,-0.84,0.2));
#14180 = DIRECTION('',(-0.,0.,-1.));
#14181 = DIRECTION('',(1.,9.95799250103E-17,0.));
#14182 = ADVANCED_FACE('',(#14183),#14194,.F.);
#14183 = FACE_BOUND('',#14184,.F.);
#14184 = EDGE_LOOP('',(#14185,#14191,#14192,#14193));
#14185 = ORIENTED_EDGE('',*,*,#14186,.T.);
#14186 = EDGE_CURVE('',#13342,#13565,#14187,.T.);
#14187 = LINE('',#14188,#14189);
#14188 = CARTESIAN_POINT('',(-3.,-0.84,5.551115123126E-17));
#14189 = VECTOR('',#14190,1.);
#14190 = DIRECTION('',(-9.95799250103E-17,1.,0.));
#14191 = ORIENTED_EDGE('',*,*,#13572,.T.);
#14192 = ORIENTED_EDGE('',*,*,#14169,.F.);
#14193 = ORIENTED_EDGE('',*,*,#13349,.F.);
#14194 = PLANE('',#14195);
#14195 = AXIS2_PLACEMENT_3D('',#14196,#14197,#14198);
#14196 = CARTESIAN_POINT('',(-3.,-0.84,5.551115123126E-17));
#14197 = DIRECTION('',(1.,9.95799250103E-17,0.));
#14198 = DIRECTION('',(0.,-0.,1.));
#14199 = ADVANCED_FACE('',(#14200),#14211,.F.);
#14200 = FACE_BOUND('',#14201,.F.);
#14201 = EDGE_LOOP('',(#14202,#14208,#14209,#14210));
#14202 = ORIENTED_EDGE('',*,*,#14203,.T.);
#14203 = EDGE_CURVE('',#13333,#13556,#14204,.T.);
#14204 = LINE('',#14205,#14206);
#14205 = CARTESIAN_POINT('',(-2.65,-0.84,5.551115123126E-17));
#14206 = VECTOR('',#14207,1.);
#14207 = DIRECTION('',(-9.95799250103E-17,1.,0.));
#14208 = ORIENTED_EDGE('',*,*,#13564,.T.);
#14209 = ORIENTED_EDGE('',*,*,#14186,.F.);
#14210 = ORIENTED_EDGE('',*,*,#13341,.F.);
#14211 = PLANE('',#14212);
#14212 = AXIS2_PLACEMENT_3D('',#14213,#14214,#14215);
#14213 = CARTESIAN_POINT('',(-2.65,-0.84,5.551115123126E-17));
#14214 = DIRECTION('',(0.,0.,1.));
#14215 = DIRECTION('',(-1.,-9.95799250103E-17,0.));
#14216 = ADVANCED_FACE('',(#14217),#14228,.T.);
#14217 = FACE_BOUND('',#14218,.T.);
#14218 = EDGE_LOOP('',(#14219,#14220,#14221,#14222));
#14219 = ORIENTED_EDGE('',*,*,#13332,.T.);
#14220 = ORIENTED_EDGE('',*,*,#14203,.T.);
#14221 = ORIENTED_EDGE('',*,*,#13555,.F.);
#14222 = ORIENTED_EDGE('',*,*,#14223,.F.);
#14223 = EDGE_CURVE('',#13325,#13548,#14224,.T.);
#14224 = LINE('',#14225,#14226);
#14225 = CARTESIAN_POINT('',(-2.35,-0.84,0.3));
#14226 = VECTOR('',#14227,1.);
#14227 = DIRECTION('',(-9.95799250103E-17,1.,0.));
#14228 = CYLINDRICAL_SURFACE('',#14229,0.3);
#14229 = AXIS2_PLACEMENT_3D('',#14230,#14231,#14232);
#14230 = CARTESIAN_POINT('',(-2.65,-0.84,0.3));
#14231 = DIRECTION('',(9.95799250103E-17,-1.,-0.));
#14232 = DIRECTION('',(1.,9.95799250103E-17,3.515706244646E-15));
#14233 = ADVANCED_FACE('',(#14234),#14240,.F.);
#14234 = FACE_BOUND('',#14235,.F.);
#14235 = EDGE_LOOP('',(#14236,#14237,#14238,#14239));
#14236 = ORIENTED_EDGE('',*,*,#13529,.T.);
#14237 = ORIENTED_EDGE('',*,*,#13547,.T.);
#14238 = ORIENTED_EDGE('',*,*,#14223,.F.);
#14239 = ORIENTED_EDGE('',*,*,#13324,.F.);
#14240 = PLANE('',#14241);
#14241 = AXIS2_PLACEMENT_3D('',#14242,#14243,#14244);
#14242 = CARTESIAN_POINT('',(-2.35,-0.84,0.725));
#14243 = DIRECTION('',(-1.,-9.95799250103E-17,1.044915787883E-15));
#14244 = DIRECTION('',(-1.044915787883E-15,-1.040526357994E-31,-1.));
#14245 = ADVANCED_FACE('',(#14246),#14257,.T.);
#14246 = FACE_BOUND('',#14247,.T.);
#14247 = EDGE_LOOP('',(#14248,#14249,#14250,#14251));
#14248 = ORIENTED_EDGE('',*,*,#13697,.T.);
#14249 = ORIENTED_EDGE('',*,*,#13829,.T.);
#14250 = ORIENTED_EDGE('',*,*,#13474,.F.);
#14251 = ORIENTED_EDGE('',*,*,#14252,.F.);
#14252 = EDGE_CURVE('',#13690,#13467,#14253,.T.);
#14253 = LINE('',#14254,#14255);
#14254 = CARTESIAN_POINT('',(-2.55,0.43,0.725));
#14255 = VECTOR('',#14256,1.);
#14256 = DIRECTION('',(-9.95799250103E-17,1.,0.));
#14257 = CYLINDRICAL_SURFACE('',#14258,0.3);
#14258 = AXIS2_PLACEMENT_3D('',#14259,#14260,#14261);
#14259 = CARTESIAN_POINT('',(-2.25,0.43,0.725));
#14260 = DIRECTION('',(9.95799250103E-17,-1.,-0.));
#14261 = DIRECTION('',(-1.,-9.95799250103E-17,3.700743415417E-16));
#14262 = ADVANCED_FACE('',(#14263),#14274,.F.);
#14263 = FACE_BOUND('',#14264,.F.);
#14264 = EDGE_LOOP('',(#14265,#14271,#14272,#14273));
#14265 = ORIENTED_EDGE('',*,*,#14266,.T.);
#14266 = EDGE_CURVE('',#13681,#13458,#14267,.T.);
#14267 = LINE('',#14268,#14269);
#14268 = CARTESIAN_POINT('',(-2.55,0.43,0.3));
#14269 = VECTOR('',#14270,1.);
#14270 = DIRECTION('',(-9.95799250103E-17,1.,0.));
#14271 = ORIENTED_EDGE('',*,*,#13466,.T.);
#14272 = ORIENTED_EDGE('',*,*,#14252,.F.);
#14273 = ORIENTED_EDGE('',*,*,#13689,.F.);
#14274 = PLANE('',#14275);
#14275 = AXIS2_PLACEMENT_3D('',#14276,#14277,#14278);
#14276 = CARTESIAN_POINT('',(-2.55,0.43,0.3));
#14277 = DIRECTION('',(1.,9.95799250103E-17,0.));
#14278 = DIRECTION('',(0.,-0.,1.));
#14279 = ADVANCED_FACE('',(#14280),#14291,.F.);
#14280 = FACE_BOUND('',#14281,.F.);
#14281 = EDGE_LOOP('',(#14282,#14288,#14289,#14290));
#14282 = ORIENTED_EDGE('',*,*,#14283,.T.);
#14283 = EDGE_CURVE('',#13673,#13450,#14284,.T.);
#14284 = LINE('',#14285,#14286);
#14285 = CARTESIAN_POINT('',(-2.65,0.43,0.2));
#14286 = VECTOR('',#14287,1.);
#14287 = DIRECTION('',(-9.95799250103E-17,1.,0.));
#14288 = ORIENTED_EDGE('',*,*,#13457,.T.);
#14289 = ORIENTED_EDGE('',*,*,#14266,.F.);
#14290 = ORIENTED_EDGE('',*,*,#13680,.F.);
#14291 = CYLINDRICAL_SURFACE('',#14292,0.1);
#14292 = AXIS2_PLACEMENT_3D('',#14293,#14294,#14295);
#14293 = CARTESIAN_POINT('',(-2.65,0.43,0.3));
#14294 = DIRECTION('',(9.95799250103E-17,-1.,0.));
#14295 = DIRECTION('',(0.,-0.,-1.));
#14296 = ADVANCED_FACE('',(#14297),#14308,.F.);
#14297 = FACE_BOUND('',#14298,.F.);
#14298 = EDGE_LOOP('',(#14299,#14305,#14306,#14307));
#14299 = ORIENTED_EDGE('',*,*,#14300,.T.);
#14300 = EDGE_CURVE('',#13665,#13442,#14301,.T.);
#14301 = LINE('',#14302,#14303);
#14302 = CARTESIAN_POINT('',(-3.,0.43,0.2));
#14303 = VECTOR('',#14304,1.);
#14304 = DIRECTION('',(-9.95799250103E-17,1.,0.));
#14305 = ORIENTED_EDGE('',*,*,#13449,.T.);
#14306 = ORIENTED_EDGE('',*,*,#14283,.F.);
#14307 = ORIENTED_EDGE('',*,*,#13672,.F.);
#14308 = PLANE('',#14309);
#14309 = AXIS2_PLACEMENT_3D('',#14310,#14311,#14312);
#14310 = CARTESIAN_POINT('',(-3.,0.43,0.2));
#14311 = DIRECTION('',(-0.,0.,-1.));
#14312 = DIRECTION('',(1.,9.95799250103E-17,0.));
#14313 = ADVANCED_FACE('',(#14314),#14325,.F.);
#14314 = FACE_BOUND('',#14315,.F.);
#14315 = EDGE_LOOP('',(#14316,#14322,#14323,#14324));
#14316 = ORIENTED_EDGE('',*,*,#14317,.T.);
#14317 = EDGE_CURVE('',#13657,#13434,#14318,.T.);
#14318 = LINE('',#14319,#14320);
#14319 = CARTESIAN_POINT('',(-3.,0.43,5.551115123126E-17));
#14320 = VECTOR('',#14321,1.);
#14321 = DIRECTION('',(-9.95799250103E-17,1.,0.));
#14322 = ORIENTED_EDGE('',*,*,#13441,.T.);
#14323 = ORIENTED_EDGE('',*,*,#14300,.F.);
#14324 = ORIENTED_EDGE('',*,*,#13664,.F.);
#14325 = PLANE('',#14326);
#14326 = AXIS2_PLACEMENT_3D('',#14327,#14328,#14329);
#14327 = CARTESIAN_POINT('',(-3.,0.43,5.551115123126E-17));
#14328 = DIRECTION('',(1.,9.95799250103E-17,0.));
#14329 = DIRECTION('',(0.,-0.,1.));
#14330 = ADVANCED_FACE('',(#14331),#14342,.F.);
#14331 = FACE_BOUND('',#14332,.F.);
#14332 = EDGE_LOOP('',(#14333,#14339,#14340,#14341));
#14333 = ORIENTED_EDGE('',*,*,#14334,.T.);
#14334 = EDGE_CURVE('',#13648,#13425,#14335,.T.);
#14335 = LINE('',#14336,#14337);
#14336 = CARTESIAN_POINT('',(-2.65,0.43,5.551115123126E-17));
#14337 = VECTOR('',#14338,1.);
#14338 = DIRECTION('',(-9.95799250103E-17,1.,0.));
#14339 = ORIENTED_EDGE('',*,*,#13433,.T.);
#14340 = ORIENTED_EDGE('',*,*,#14317,.F.);
#14341 = ORIENTED_EDGE('',*,*,#13656,.F.);
#14342 = PLANE('',#14343);
#14343 = AXIS2_PLACEMENT_3D('',#14344,#14345,#14346);
#14344 = CARTESIAN_POINT('',(-2.65,0.43,5.551115123126E-17));
#14345 = DIRECTION('',(0.,0.,1.));
#14346 = DIRECTION('',(-1.,-9.95799250103E-17,0.));
#14347 = ADVANCED_FACE('',(#14348),#14359,.T.);
#14348 = FACE_BOUND('',#14349,.T.);
#14349 = EDGE_LOOP('',(#14350,#14351,#14352,#14353));
#14350 = ORIENTED_EDGE('',*,*,#13647,.T.);
#14351 = ORIENTED_EDGE('',*,*,#14334,.T.);
#14352 = ORIENTED_EDGE('',*,*,#13424,.F.);
#14353 = ORIENTED_EDGE('',*,*,#14354,.F.);
#14354 = EDGE_CURVE('',#13640,#13417,#14355,.T.);
#14355 = LINE('',#14356,#14357);
#14356 = CARTESIAN_POINT('',(-2.35,0.43,0.3));
#14357 = VECTOR('',#14358,1.);
#14358 = DIRECTION('',(-9.95799250103E-17,1.,0.));
#14359 = CYLINDRICAL_SURFACE('',#14360,0.3);
#14360 = AXIS2_PLACEMENT_3D('',#14361,#14362,#14363);
#14361 = CARTESIAN_POINT('',(-2.65,0.43,0.3));
#14362 = DIRECTION('',(9.95799250103E-17,-1.,-0.));
#14363 = DIRECTION('',(1.,9.95799250103E-17,3.515706244646E-15));
#14364 = ADVANCED_FACE('',(#14365),#14371,.F.);
#14365 = FACE_BOUND('',#14366,.F.);
#14366 = EDGE_LOOP('',(#14367,#14368,#14369,#14370));
#14367 = ORIENTED_EDGE('',*,*,#13722,.T.);
#14368 = ORIENTED_EDGE('',*,*,#13416,.T.);
#14369 = ORIENTED_EDGE('',*,*,#14354,.F.);
#14370 = ORIENTED_EDGE('',*,*,#13639,.F.);
#14371 = PLANE('',#14372);
#14372 = AXIS2_PLACEMENT_3D('',#14373,#14374,#14375);
#14373 = CARTESIAN_POINT('',(-2.35,0.43,0.725));
#14374 = DIRECTION('',(-1.,-9.95799250103E-17,1.044915787883E-15));
#14375 = DIRECTION('',(-1.044915787883E-15,-1.040526357994E-31,-1.));
#14376 = ( GEOMETRIC_REPRESENTATION_CONTEXT(3) 
GLOBAL_UNCERTAINTY_ASSIGNED_CONTEXT((#14380)) 
GLOBAL_UNIT_ASSIGNED_CONTEXT((#14377,#14378,#14379)) 
REPRESENTATION_CONTEXT('Context #1',
  '3D Context with UNIT and UNCERTAINTY') );
#14377 = ( LENGTH_UNIT() NAMED_UNIT(*) SI_UNIT(.MILLI.,.METRE.) );
#14378 = ( NAMED_UNIT(*) PLANE_ANGLE_UNIT() SI_UNIT($,.RADIAN.) );
#14379 = ( NAMED_UNIT(*) SI_UNIT($,.STERADIAN.) SOLID_ANGLE_UNIT() );
#14380 = UNCERTAINTY_MEASURE_WITH_UNIT(LENGTH_MEASURE(2.E-06),#14377,
  'distance_accuracy_value','confusion accuracy');
#14381 = CONTEXT_DEPENDENT_SHAPE_REPRESENTATION(#14382,#14384);
#14382 = ( REPRESENTATION_RELATIONSHIP('','',#9768,#9745) 
REPRESENTATION_RELATIONSHIP_WITH_TRANSFORMATION(#14383) 
SHAPE_REPRESENTATION_RELATIONSHIP() );
#14383 = ITEM_DEFINED_TRANSFORMATION('','',#11,#9746);
#14384 = PRODUCT_DEFINITION_SHAPE('Placement','Placement of an item',
  #14385);
#14385 = NEXT_ASSEMBLY_USAGE_OCCURRENCE('12','=>[0:1:1:9]','',#9740,
  #9763,$);
#14386 = PRODUCT_RELATED_PRODUCT_CATEGORY('part',$,(#9765));
#14387 = CONTEXT_DEPENDENT_SHAPE_REPRESENTATION(#14388,#14390);
#14388 = ( REPRESENTATION_RELATIONSHIP('','',#7903,#10) 
REPRESENTATION_RELATIONSHIP_WITH_TRANSFORMATION(#14389) 
SHAPE_REPRESENTATION_RELATIONSHIP() );
#14389 = ITEM_DEFINED_TRANSFORMATION('','',#11,#51);
#14390 = PRODUCT_DEFINITION_SHAPE('Placement','Placement of an item',
  #14391);
#14391 = NEXT_ASSEMBLY_USAGE_OCCURRENCE('14','D16','',#5,#7898,$);
#14392 = SHAPE_DEFINITION_REPRESENTATION(#14393,#14399);
#14393 = PRODUCT_DEFINITION_SHAPE('','',#14394);
#14394 = PRODUCT_DEFINITION('design','',#14395,#14398);
#14395 = PRODUCT_DEFINITION_FORMATION('','',#14396);
#14396 = PRODUCT('R_1206_3216Metric','R_1206_3216Metric','',(#14397));
#14397 = PRODUCT_CONTEXT('',#2,'mechanical');
#14398 = PRODUCT_DEFINITION_CONTEXT('part definition',#2,'design');
#14399 = SHAPE_REPRESENTATION('',(#11,#14400),#14404);
#14400 = AXIS2_PLACEMENT_3D('',#14401,#14402,#14403);
#14401 = CARTESIAN_POINT('',(0.,0.,0.));
#14402 = DIRECTION('',(0.,0.,1.));
#14403 = DIRECTION('',(1.,0.,-0.));
#14404 = ( GEOMETRIC_REPRESENTATION_CONTEXT(3) 
GLOBAL_UNCERTAINTY_ASSIGNED_CONTEXT((#14408)) 
GLOBAL_UNIT_ASSIGNED_CONTEXT((#14405,#14406,#14407)) 
REPRESENTATION_CONTEXT('Context #1',
  '3D Context with UNIT and UNCERTAINTY') );
#14405 = ( LENGTH_UNIT() NAMED_UNIT(*) SI_UNIT(.MILLI.,.METRE.) );
#14406 = ( NAMED_UNIT(*) PLANE_ANGLE_UNIT() SI_UNIT($,.RADIAN.) );
#14407 = ( NAMED_UNIT(*) SI_UNIT($,.STERADIAN.) SOLID_ANGLE_UNIT() );
#14408 = UNCERTAINTY_MEASURE_WITH_UNIT(LENGTH_MEASURE(1.E-07),#14405,
  'distance_accuracy_value','confusion accuracy');
#14409 = CONTEXT_DEPENDENT_SHAPE_REPRESENTATION(#14410,#14412);
#14410 = ( REPRESENTATION_RELATIONSHIP('','',#14399,#10) 
REPRESENTATION_RELATIONSHIP_WITH_TRANSFORMATION(#14411) 
SHAPE_REPRESENTATION_RELATIONSHIP() );
#14411 = ITEM_DEFINED_TRANSFORMATION('','',#11,#55);
#14412 = PRODUCT_DEFINITION_SHAPE('Placement','Placement of an item',
  #14413);
#14413 = NEXT_ASSEMBLY_USAGE_OCCURRENCE('16','R13','',#5,#14394,$);
#14414 = PRODUCT_RELATED_PRODUCT_CATEGORY('part',$,(#14396));
#14415 = SHAPE_DEFINITION_REPRESENTATION(#14416,#14422);
#14416 = PRODUCT_DEFINITION_SHAPE('','',#14417);
#14417 = PRODUCT_DEFINITION('design','',#14418,#14421);
#14418 = PRODUCT_DEFINITION_FORMATION('','',#14419);
#14419 = PRODUCT('R_1206_3216Metric','R_1206_3216Metric','',(#14420));
#14420 = PRODUCT_CONTEXT('',#2,'mechanical');
#14421 = PRODUCT_DEFINITION_CONTEXT('part definition',#2,'design');
#14422 = ADVANCED_BREP_SHAPE_REPRESENTATION('',(#11,#14423),#15213);
#14423 = MANIFOLD_SOLID_BREP('',#14424);
#14424 = CLOSED_SHELL('',(#14425,#14465,#14548,#14573,#14598,#14665,
    #14682,#14699,#14748,#14765,#14782,#14831,#14848,#14917,#14948,
    #14972,#15041,#15065,#15082,#15099,#15116,#15133,#15150,#15167,
    #15184,#15201));
#14425 = ADVANCED_FACE('',(#14426),#14460,.F.);
#14426 = FACE_BOUND('',#14427,.F.);
#14427 = EDGE_LOOP('',(#14428,#14438,#14446,#14454));
#14428 = ORIENTED_EDGE('',*,*,#14429,.F.);
#14429 = EDGE_CURVE('',#14430,#14432,#14434,.T.);
#14430 = VERTEX_POINT('',#14431);
#14431 = CARTESIAN_POINT('',(-1.6,-0.8,5.5E-02));
#14432 = VERTEX_POINT('',#14433);
#14433 = CARTESIAN_POINT('',(-1.6,-0.8,0.495));
#14434 = LINE('',#14435,#14436);
#14435 = CARTESIAN_POINT('',(-1.6,-0.8,0.));
#14436 = VECTOR('',#14437,1.);
#14437 = DIRECTION('',(0.,0.,1.));
#14438 = ORIENTED_EDGE('',*,*,#14439,.T.);
#14439 = EDGE_CURVE('',#14430,#14440,#14442,.T.);
#14440 = VERTEX_POINT('',#14441);
#14441 = CARTESIAN_POINT('',(-1.6,0.8,5.5E-02));
#14442 = LINE('',#14443,#14444);
#14443 = CARTESIAN_POINT('',(-1.6,-0.8,5.5E-02));
#14444 = VECTOR('',#14445,1.);
#14445 = DIRECTION('',(0.,1.,0.));
#14446 = ORIENTED_EDGE('',*,*,#14447,.T.);
#14447 = EDGE_CURVE('',#14440,#14448,#14450,.T.);
#14448 = VERTEX_POINT('',#14449);
#14449 = CARTESIAN_POINT('',(-1.6,0.8,0.495));
#14450 = LINE('',#14451,#14452);
#14451 = CARTESIAN_POINT('',(-1.6,0.8,0.));
#14452 = VECTOR('',#14453,1.);
#14453 = DIRECTION('',(0.,0.,1.));
#14454 = ORIENTED_EDGE('',*,*,#14455,.F.);
#14455 = EDGE_CURVE('',#14432,#14448,#14456,.T.);
#14456 = LINE('',#14457,#14458);
#14457 = CARTESIAN_POINT('',(-1.6,-0.8,0.495));
#14458 = VECTOR('',#14459,1.);
#14459 = DIRECTION('',(0.,1.,0.));
#14460 = PLANE('',#14461);
#14461 = AXIS2_PLACEMENT_3D('',#14462,#14463,#14464);
#14462 = CARTESIAN_POINT('',(-1.6,-0.8,0.));
#14463 = DIRECTION('',(1.,0.,0.));
#14464 = DIRECTION('',(0.,0.,1.));
#14465 = ADVANCED_FACE('',(#14466),#14543,.F.);
#14466 = FACE_BOUND('',#14467,.F.);
#14467 = EDGE_LOOP('',(#14468,#14478,#14485,#14486,#14495,#14503,#14512,
    #14520,#14528,#14536));
#14468 = ORIENTED_EDGE('',*,*,#14469,.F.);
#14469 = EDGE_CURVE('',#14470,#14472,#14474,.T.);
#14470 = VERTEX_POINT('',#14471);
#14471 = CARTESIAN_POINT('',(-1.545,-0.8,0.));
#14472 = VERTEX_POINT('',#14473);
#14473 = CARTESIAN_POINT('',(-1.255,-0.8,0.));
#14474 = LINE('',#14475,#14476);
#14475 = CARTESIAN_POINT('',(-1.6,-0.8,0.));
#14476 = VECTOR('',#14477,1.);
#14477 = DIRECTION('',(1.,0.,0.));
#14478 = ORIENTED_EDGE('',*,*,#14479,.F.);
#14479 = EDGE_CURVE('',#14430,#14470,#14480,.T.);
#14480 = CIRCLE('',#14481,5.5E-02);
#14481 = AXIS2_PLACEMENT_3D('',#14482,#14483,#14484);
#14482 = CARTESIAN_POINT('',(-1.545,-0.8,5.5E-02));
#14483 = DIRECTION('',(0.,-1.,0.));
#14484 = DIRECTION('',(0.,0.,1.));
#14485 = ORIENTED_EDGE('',*,*,#14429,.T.);
#14486 = ORIENTED_EDGE('',*,*,#14487,.T.);
#14487 = EDGE_CURVE('',#14432,#14488,#14490,.T.);
#14488 = VERTEX_POINT('',#14489);
#14489 = CARTESIAN_POINT('',(-1.545,-0.8,0.55));
#14490 = CIRCLE('',#14491,5.5E-02);
#14491 = AXIS2_PLACEMENT_3D('',#14492,#14493,#14494);
#14492 = CARTESIAN_POINT('',(-1.545,-0.8,0.495));
#14493 = DIRECTION('',(0.,1.,0.));
#14494 = DIRECTION('',(0.,-0.,1.));
#14495 = ORIENTED_EDGE('',*,*,#14496,.T.);
#14496 = EDGE_CURVE('',#14488,#14497,#14499,.T.);
#14497 = VERTEX_POINT('',#14498);
#14498 = CARTESIAN_POINT('',(-1.255,-0.8,0.55));
#14499 = LINE('',#14500,#14501);
#14500 = CARTESIAN_POINT('',(-1.6,-0.8,0.55));
#14501 = VECTOR('',#14502,1.);
#14502 = DIRECTION('',(1.,0.,0.));
#14503 = ORIENTED_EDGE('',*,*,#14504,.F.);
#14504 = EDGE_CURVE('',#14505,#14497,#14507,.T.);
#14505 = VERTEX_POINT('',#14506);
#14506 = CARTESIAN_POINT('',(-1.2,-0.8,0.495));
#14507 = CIRCLE('',#14508,5.5E-02);
#14508 = AXIS2_PLACEMENT_3D('',#14509,#14510,#14511);
#14509 = CARTESIAN_POINT('',(-1.255,-0.8,0.495));
#14510 = DIRECTION('',(0.,-1.,0.));
#14511 = DIRECTION('',(0.,0.,1.));
#14512 = ORIENTED_EDGE('',*,*,#14513,.F.);
#14513 = EDGE_CURVE('',#14514,#14505,#14516,.T.);
#14514 = VERTEX_POINT('',#14515);
#14515 = CARTESIAN_POINT('',(-1.545,-0.8,0.495));
#14516 = LINE('',#14517,#14518);
#14517 = CARTESIAN_POINT('',(-1.545,-0.8,0.495));
#14518 = VECTOR('',#14519,1.);
#14519 = DIRECTION('',(1.,0.,0.));
#14520 = ORIENTED_EDGE('',*,*,#14521,.F.);
#14521 = EDGE_CURVE('',#14522,#14514,#14524,.T.);
#14522 = VERTEX_POINT('',#14523);
#14523 = CARTESIAN_POINT('',(-1.545,-0.8,5.5E-02));
#14524 = LINE('',#14525,#14526);
#14525 = CARTESIAN_POINT('',(-1.545,-0.8,5.5E-02));
#14526 = VECTOR('',#14527,1.);
#14527 = DIRECTION('',(0.,0.,1.));
#14528 = ORIENTED_EDGE('',*,*,#14529,.T.);
#14529 = EDGE_CURVE('',#14522,#14530,#14532,.T.);
#14530 = VERTEX_POINT('',#14531);
#14531 = CARTESIAN_POINT('',(-1.2,-0.8,5.5E-02));
#14532 = LINE('',#14533,#14534);
#14533 = CARTESIAN_POINT('',(-1.545,-0.8,5.5E-02));
#14534 = VECTOR('',#14535,1.);
#14535 = DIRECTION('',(1.,0.,0.));
#14536 = ORIENTED_EDGE('',*,*,#14537,.T.);
#14537 = EDGE_CURVE('',#14530,#14472,#14538,.T.);
#14538 = CIRCLE('',#14539,5.5E-02);
#14539 = AXIS2_PLACEMENT_3D('',#14540,#14541,#14542);
#14540 = CARTESIAN_POINT('',(-1.255,-0.8,5.5E-02));
#14541 = DIRECTION('',(0.,1.,0.));
#14542 = DIRECTION('',(0.,-0.,1.));
#14543 = PLANE('',#14544);
#14544 = AXIS2_PLACEMENT_3D('',#14545,#14546,#14547);
#14545 = CARTESIAN_POINT('',(-1.6,-0.8,0.));
#14546 = DIRECTION('',(0.,1.,0.));
#14547 = DIRECTION('',(0.,-0.,1.));
#14548 = ADVANCED_FACE('',(#14549),#14568,.T.);
#14549 = FACE_BOUND('',#14550,.T.);
#14550 = EDGE_LOOP('',(#14551,#14552,#14561,#14567));
#14551 = ORIENTED_EDGE('',*,*,#14439,.T.);
#14552 = ORIENTED_EDGE('',*,*,#14553,.T.);
#14553 = EDGE_CURVE('',#14440,#14554,#14556,.T.);
#14554 = VERTEX_POINT('',#14555);
#14555 = CARTESIAN_POINT('',(-1.545,0.8,0.));
#14556 = CIRCLE('',#14557,5.5E-02);
#14557 = AXIS2_PLACEMENT_3D('',#14558,#14559,#14560);
#14558 = CARTESIAN_POINT('',(-1.545,0.8,5.5E-02));
#14559 = DIRECTION('',(0.,-1.,0.));
#14560 = DIRECTION('',(0.,0.,1.));
#14561 = ORIENTED_EDGE('',*,*,#14562,.F.);
#14562 = EDGE_CURVE('',#14470,#14554,#14563,.T.);
#14563 = LINE('',#14564,#14565);
#14564 = CARTESIAN_POINT('',(-1.545,-0.8,0.));
#14565 = VECTOR('',#14566,1.);
#14566 = DIRECTION('',(0.,1.,0.));
#14567 = ORIENTED_EDGE('',*,*,#14479,.F.);
#14568 = CYLINDRICAL_SURFACE('',#14569,5.5E-02);
#14569 = AXIS2_PLACEMENT_3D('',#14570,#14571,#14572);
#14570 = CARTESIAN_POINT('',(-1.545,-0.8,5.5E-02));
#14571 = DIRECTION('',(0.,1.,0.));
#14572 = DIRECTION('',(-1.,0.,0.));
#14573 = ADVANCED_FACE('',(#14574),#14593,.T.);
#14574 = FACE_BOUND('',#14575,.T.);
#14575 = EDGE_LOOP('',(#14576,#14577,#14585,#14592));
#14576 = ORIENTED_EDGE('',*,*,#14487,.T.);
#14577 = ORIENTED_EDGE('',*,*,#14578,.T.);
#14578 = EDGE_CURVE('',#14488,#14579,#14581,.T.);
#14579 = VERTEX_POINT('',#14580);
#14580 = CARTESIAN_POINT('',(-1.545,0.8,0.55));
#14581 = LINE('',#14582,#14583);
#14582 = CARTESIAN_POINT('',(-1.545,-0.8,0.55));
#14583 = VECTOR('',#14584,1.);
#14584 = DIRECTION('',(0.,1.,0.));
#14585 = ORIENTED_EDGE('',*,*,#14586,.F.);
#14586 = EDGE_CURVE('',#14448,#14579,#14587,.T.);
#14587 = CIRCLE('',#14588,5.5E-02);
#14588 = AXIS2_PLACEMENT_3D('',#14589,#14590,#14591);
#14589 = CARTESIAN_POINT('',(-1.545,0.8,0.495));
#14590 = DIRECTION('',(0.,1.,0.));
#14591 = DIRECTION('',(0.,-0.,1.));
#14592 = ORIENTED_EDGE('',*,*,#14455,.F.);
#14593 = CYLINDRICAL_SURFACE('',#14594,5.5E-02);
#14594 = AXIS2_PLACEMENT_3D('',#14595,#14596,#14597);
#14595 = CARTESIAN_POINT('',(-1.545,-0.8,0.495));
#14596 = DIRECTION('',(0.,1.,0.));
#14597 = DIRECTION('',(-1.,0.,0.));
#14598 = ADVANCED_FACE('',(#14599),#14660,.T.);
#14599 = FACE_BOUND('',#14600,.T.);
#14600 = EDGE_LOOP('',(#14601,#14609,#14610,#14611,#14612,#14620,#14629,
    #14637,#14645,#14653));
#14601 = ORIENTED_EDGE('',*,*,#14602,.F.);
#14602 = EDGE_CURVE('',#14554,#14603,#14605,.T.);
#14603 = VERTEX_POINT('',#14604);
#14604 = CARTESIAN_POINT('',(-1.255,0.8,0.));
#14605 = LINE('',#14606,#14607);
#14606 = CARTESIAN_POINT('',(-1.6,0.8,0.));
#14607 = VECTOR('',#14608,1.);
#14608 = DIRECTION('',(1.,0.,0.));
#14609 = ORIENTED_EDGE('',*,*,#14553,.F.);
#14610 = ORIENTED_EDGE('',*,*,#14447,.T.);
#14611 = ORIENTED_EDGE('',*,*,#14586,.T.);
#14612 = ORIENTED_EDGE('',*,*,#14613,.T.);
#14613 = EDGE_CURVE('',#14579,#14614,#14616,.T.);
#14614 = VERTEX_POINT('',#14615);
#14615 = CARTESIAN_POINT('',(-1.255,0.8,0.55));
#14616 = LINE('',#14617,#14618);
#14617 = CARTESIAN_POINT('',(-1.6,0.8,0.55));
#14618 = VECTOR('',#14619,1.);
#14619 = DIRECTION('',(1.,0.,0.));
#14620 = ORIENTED_EDGE('',*,*,#14621,.F.);
#14621 = EDGE_CURVE('',#14622,#14614,#14624,.T.);
#14622 = VERTEX_POINT('',#14623);
#14623 = CARTESIAN_POINT('',(-1.2,0.8,0.495));
#14624 = CIRCLE('',#14625,5.5E-02);
#14625 = AXIS2_PLACEMENT_3D('',#14626,#14627,#14628);
#14626 = CARTESIAN_POINT('',(-1.255,0.8,0.495));
#14627 = DIRECTION('',(0.,-1.,0.));
#14628 = DIRECTION('',(0.,0.,1.));
#14629 = ORIENTED_EDGE('',*,*,#14630,.F.);
#14630 = EDGE_CURVE('',#14631,#14622,#14633,.T.);
#14631 = VERTEX_POINT('',#14632);
#14632 = CARTESIAN_POINT('',(-1.545,0.8,0.495));
#14633 = LINE('',#14634,#14635);
#14634 = CARTESIAN_POINT('',(-1.545,0.8,0.495));
#14635 = VECTOR('',#14636,1.);
#14636 = DIRECTION('',(1.,0.,0.));
#14637 = ORIENTED_EDGE('',*,*,#14638,.F.);
#14638 = EDGE_CURVE('',#14639,#14631,#14641,.T.);
#14639 = VERTEX_POINT('',#14640);
#14640 = CARTESIAN_POINT('',(-1.545,0.8,5.5E-02));
#14641 = LINE('',#14642,#14643);
#14642 = CARTESIAN_POINT('',(-1.545,0.8,5.5E-02));
#14643 = VECTOR('',#14644,1.);
#14644 = DIRECTION('',(0.,0.,1.));
#14645 = ORIENTED_EDGE('',*,*,#14646,.T.);
#14646 = EDGE_CURVE('',#14639,#14647,#14649,.T.);
#14647 = VERTEX_POINT('',#14648);
#14648 = CARTESIAN_POINT('',(-1.2,0.8,5.5E-02));
#14649 = LINE('',#14650,#14651);
#14650 = CARTESIAN_POINT('',(-1.545,0.8,5.5E-02));
#14651 = VECTOR('',#14652,1.);
#14652 = DIRECTION('',(1.,0.,0.));
#14653 = ORIENTED_EDGE('',*,*,#14654,.T.);
#14654 = EDGE_CURVE('',#14647,#14603,#14655,.T.);
#14655 = CIRCLE('',#14656,5.5E-02);
#14656 = AXIS2_PLACEMENT_3D('',#14657,#14658,#14659);
#14657 = CARTESIAN_POINT('',(-1.255,0.8,5.5E-02));
#14658 = DIRECTION('',(0.,1.,0.));
#14659 = DIRECTION('',(0.,-0.,1.));
#14660 = PLANE('',#14661);
#14661 = AXIS2_PLACEMENT_3D('',#14662,#14663,#14664);
#14662 = CARTESIAN_POINT('',(-1.6,0.8,0.));
#14663 = DIRECTION('',(0.,1.,0.));
#14664 = DIRECTION('',(0.,-0.,1.));
#14665 = ADVANCED_FACE('',(#14666),#14677,.F.);
#14666 = FACE_BOUND('',#14667,.F.);
#14667 = EDGE_LOOP('',(#14668,#14669,#14670,#14671));
#14668 = ORIENTED_EDGE('',*,*,#14602,.F.);
#14669 = ORIENTED_EDGE('',*,*,#14562,.F.);
#14670 = ORIENTED_EDGE('',*,*,#14469,.T.);
#14671 = ORIENTED_EDGE('',*,*,#14672,.T.);
#14672 = EDGE_CURVE('',#14472,#14603,#14673,.T.);
#14673 = LINE('',#14674,#14675);
#14674 = CARTESIAN_POINT('',(-1.255,-0.8,0.));
#14675 = VECTOR('',#14676,1.);
#14676 = DIRECTION('',(0.,1.,0.));
#14677 = PLANE('',#14678);
#14678 = AXIS2_PLACEMENT_3D('',#14679,#14680,#14681);
#14679 = CARTESIAN_POINT('',(-1.6,-0.8,0.));
#14680 = DIRECTION('',(0.,0.,1.));
#14681 = DIRECTION('',(1.,0.,-0.));
#14682 = ADVANCED_FACE('',(#14683),#14694,.T.);
#14683 = FACE_BOUND('',#14684,.T.);
#14684 = EDGE_LOOP('',(#14685,#14686,#14687,#14688));
#14685 = ORIENTED_EDGE('',*,*,#14537,.T.);
#14686 = ORIENTED_EDGE('',*,*,#14672,.T.);
#14687 = ORIENTED_EDGE('',*,*,#14654,.F.);
#14688 = ORIENTED_EDGE('',*,*,#14689,.F.);
#14689 = EDGE_CURVE('',#14530,#14647,#14690,.T.);
#14690 = LINE('',#14691,#14692);
#14691 = CARTESIAN_POINT('',(-1.2,-0.8,5.5E-02));
#14692 = VECTOR('',#14693,1.);
#14693 = DIRECTION('',(0.,1.,0.));
#14694 = CYLINDRICAL_SURFACE('',#14695,5.5E-02);
#14695 = AXIS2_PLACEMENT_3D('',#14696,#14697,#14698);
#14696 = CARTESIAN_POINT('',(-1.255,-0.8,5.5E-02));
#14697 = DIRECTION('',(0.,1.,0.));
#14698 = DIRECTION('',(1.,0.,0.));
#14699 = ADVANCED_FACE('',(#14700),#14743,.F.);
#14700 = FACE_BOUND('',#14701,.F.);
#14701 = EDGE_LOOP('',(#14702,#14703,#14704,#14705,#14713,#14721,#14729,
    #14737));
#14702 = ORIENTED_EDGE('',*,*,#14529,.F.);
#14703 = ORIENTED_EDGE('',*,*,#14521,.T.);
#14704 = ORIENTED_EDGE('',*,*,#14513,.T.);
#14705 = ORIENTED_EDGE('',*,*,#14706,.T.);
#14706 = EDGE_CURVE('',#14505,#14707,#14709,.T.);
#14707 = VERTEX_POINT('',#14708);
#14708 = CARTESIAN_POINT('',(1.2,-0.8,0.495));
#14709 = LINE('',#14710,#14711);
#14710 = CARTESIAN_POINT('',(-1.2,-0.8,0.495));
#14711 = VECTOR('',#14712,1.);
#14712 = DIRECTION('',(1.,0.,0.));
#14713 = ORIENTED_EDGE('',*,*,#14714,.T.);
#14714 = EDGE_CURVE('',#14707,#14715,#14717,.T.);
#14715 = VERTEX_POINT('',#14716);
#14716 = CARTESIAN_POINT('',(1.545,-0.8,0.495));
#14717 = LINE('',#14718,#14719);
#14718 = CARTESIAN_POINT('',(-1.545,-0.8,0.495));
#14719 = VECTOR('',#14720,1.);
#14720 = DIRECTION('',(1.,0.,0.));
#14721 = ORIENTED_EDGE('',*,*,#14722,.F.);
#14722 = EDGE_CURVE('',#14723,#14715,#14725,.T.);
#14723 = VERTEX_POINT('',#14724);
#14724 = CARTESIAN_POINT('',(1.545,-0.8,5.5E-02));
#14725 = LINE('',#14726,#14727);
#14726 = CARTESIAN_POINT('',(1.545,-0.8,5.5E-02));
#14727 = VECTOR('',#14728,1.);
#14728 = DIRECTION('',(0.,0.,1.));
#14729 = ORIENTED_EDGE('',*,*,#14730,.F.);
#14730 = EDGE_CURVE('',#14731,#14723,#14733,.T.);
#14731 = VERTEX_POINT('',#14732);
#14732 = CARTESIAN_POINT('',(1.2,-0.8,5.5E-02));
#14733 = LINE('',#14734,#14735);
#14734 = CARTESIAN_POINT('',(-1.545,-0.8,5.5E-02));
#14735 = VECTOR('',#14736,1.);
#14736 = DIRECTION('',(1.,0.,0.));
#14737 = ORIENTED_EDGE('',*,*,#14738,.F.);
#14738 = EDGE_CURVE('',#14530,#14731,#14739,.T.);
#14739 = LINE('',#14740,#14741);
#14740 = CARTESIAN_POINT('',(-1.545,-0.8,5.5E-02));
#14741 = VECTOR('',#14742,1.);
#14742 = DIRECTION('',(1.,0.,0.));
#14743 = PLANE('',#14744);
#14744 = AXIS2_PLACEMENT_3D('',#14745,#14746,#14747);
#14745 = CARTESIAN_POINT('',(-1.545,-0.8,5.5E-02));
#14746 = DIRECTION('',(0.,1.,0.));
#14747 = DIRECTION('',(0.,-0.,1.));
#14748 = ADVANCED_FACE('',(#14749),#14760,.T.);
#14749 = FACE_BOUND('',#14750,.T.);
#14750 = EDGE_LOOP('',(#14751,#14752,#14753,#14754));
#14751 = ORIENTED_EDGE('',*,*,#14613,.F.);
#14752 = ORIENTED_EDGE('',*,*,#14578,.F.);
#14753 = ORIENTED_EDGE('',*,*,#14496,.T.);
#14754 = ORIENTED_EDGE('',*,*,#14755,.T.);
#14755 = EDGE_CURVE('',#14497,#14614,#14756,.T.);
#14756 = LINE('',#14757,#14758);
#14757 = CARTESIAN_POINT('',(-1.255,-0.8,0.55));
#14758 = VECTOR('',#14759,1.);
#14759 = DIRECTION('',(0.,1.,0.));
#14760 = PLANE('',#14761);
#14761 = AXIS2_PLACEMENT_3D('',#14762,#14763,#14764);
#14762 = CARTESIAN_POINT('',(-1.6,-0.8,0.55));
#14763 = DIRECTION('',(0.,0.,1.));
#14764 = DIRECTION('',(1.,0.,-0.));
#14765 = ADVANCED_FACE('',(#14766),#14777,.T.);
#14766 = FACE_BOUND('',#14767,.T.);
#14767 = EDGE_LOOP('',(#14768,#14774,#14775,#14776));
#14768 = ORIENTED_EDGE('',*,*,#14769,.T.);
#14769 = EDGE_CURVE('',#14505,#14622,#14770,.T.);
#14770 = LINE('',#14771,#14772);
#14771 = CARTESIAN_POINT('',(-1.2,-0.8,0.495));
#14772 = VECTOR('',#14773,1.);
#14773 = DIRECTION('',(0.,1.,0.));
#14774 = ORIENTED_EDGE('',*,*,#14621,.T.);
#14775 = ORIENTED_EDGE('',*,*,#14755,.F.);
#14776 = ORIENTED_EDGE('',*,*,#14504,.F.);
#14777 = CYLINDRICAL_SURFACE('',#14778,5.5E-02);
#14778 = AXIS2_PLACEMENT_3D('',#14779,#14780,#14781);
#14779 = CARTESIAN_POINT('',(-1.255,-0.8,0.495));
#14780 = DIRECTION('',(0.,1.,0.));
#14781 = DIRECTION('',(1.,0.,0.));
#14782 = ADVANCED_FACE('',(#14783),#14826,.T.);
#14783 = FACE_BOUND('',#14784,.T.);
#14784 = EDGE_LOOP('',(#14785,#14786,#14787,#14788,#14796,#14804,#14812,
    #14820));
#14785 = ORIENTED_EDGE('',*,*,#14646,.F.);
#14786 = ORIENTED_EDGE('',*,*,#14638,.T.);
#14787 = ORIENTED_EDGE('',*,*,#14630,.T.);
#14788 = ORIENTED_EDGE('',*,*,#14789,.T.);
#14789 = EDGE_CURVE('',#14622,#14790,#14792,.T.);
#14790 = VERTEX_POINT('',#14791);
#14791 = CARTESIAN_POINT('',(1.2,0.8,0.495));
#14792 = LINE('',#14793,#14794);
#14793 = CARTESIAN_POINT('',(-1.2,0.8,0.495));
#14794 = VECTOR('',#14795,1.);
#14795 = DIRECTION('',(1.,0.,0.));
#14796 = ORIENTED_EDGE('',*,*,#14797,.T.);
#14797 = EDGE_CURVE('',#14790,#14798,#14800,.T.);
#14798 = VERTEX_POINT('',#14799);
#14799 = CARTESIAN_POINT('',(1.545,0.8,0.495));
#14800 = LINE('',#14801,#14802);
#14801 = CARTESIAN_POINT('',(-1.545,0.8,0.495));
#14802 = VECTOR('',#14803,1.);
#14803 = DIRECTION('',(1.,0.,0.));
#14804 = ORIENTED_EDGE('',*,*,#14805,.F.);
#14805 = EDGE_CURVE('',#14806,#14798,#14808,.T.);
#14806 = VERTEX_POINT('',#14807);
#14807 = CARTESIAN_POINT('',(1.545,0.8,5.5E-02));
#14808 = LINE('',#14809,#14810);
#14809 = CARTESIAN_POINT('',(1.545,0.8,5.5E-02));
#14810 = VECTOR('',#14811,1.);
#14811 = DIRECTION('',(0.,0.,1.));
#14812 = ORIENTED_EDGE('',*,*,#14813,.F.);
#14813 = EDGE_CURVE('',#14814,#14806,#14816,.T.);
#14814 = VERTEX_POINT('',#14815);
#14815 = CARTESIAN_POINT('',(1.2,0.8,5.5E-02));
#14816 = LINE('',#14817,#14818);
#14817 = CARTESIAN_POINT('',(-1.545,0.8,5.5E-02));
#14818 = VECTOR('',#14819,1.);
#14819 = DIRECTION('',(1.,0.,0.));
#14820 = ORIENTED_EDGE('',*,*,#14821,.F.);
#14821 = EDGE_CURVE('',#14647,#14814,#14822,.T.);
#14822 = LINE('',#14823,#14824);
#14823 = CARTESIAN_POINT('',(-1.545,0.8,5.5E-02));
#14824 = VECTOR('',#14825,1.);
#14825 = DIRECTION('',(1.,0.,0.));
#14826 = PLANE('',#14827);
#14827 = AXIS2_PLACEMENT_3D('',#14828,#14829,#14830);
#14828 = CARTESIAN_POINT('',(-1.545,0.8,5.5E-02));
#14829 = DIRECTION('',(0.,1.,0.));
#14830 = DIRECTION('',(0.,-0.,1.));
#14831 = ADVANCED_FACE('',(#14832),#14843,.F.);
#14832 = FACE_BOUND('',#14833,.F.);
#14833 = EDGE_LOOP('',(#14834,#14835,#14836,#14842));
#14834 = ORIENTED_EDGE('',*,*,#14689,.F.);
#14835 = ORIENTED_EDGE('',*,*,#14738,.T.);
#14836 = ORIENTED_EDGE('',*,*,#14837,.T.);
#14837 = EDGE_CURVE('',#14731,#14814,#14838,.T.);
#14838 = LINE('',#14839,#14840);
#14839 = CARTESIAN_POINT('',(1.2,-0.8,5.5E-02));
#14840 = VECTOR('',#14841,1.);
#14841 = DIRECTION('',(0.,1.,0.));
#14842 = ORIENTED_EDGE('',*,*,#14821,.F.);
#14843 = PLANE('',#14844);
#14844 = AXIS2_PLACEMENT_3D('',#14845,#14846,#14847);
#14845 = CARTESIAN_POINT('',(-1.545,-0.8,5.5E-02));
#14846 = DIRECTION('',(0.,0.,1.));
#14847 = DIRECTION('',(1.,0.,-0.));
#14848 = ADVANCED_FACE('',(#14849),#14912,.F.);
#14849 = FACE_BOUND('',#14850,.F.);
#14850 = EDGE_LOOP('',(#14851,#14861,#14868,#14869,#14870,#14871,#14880,
    #14888,#14897,#14905));
#14851 = ORIENTED_EDGE('',*,*,#14852,.F.);
#14852 = EDGE_CURVE('',#14853,#14855,#14857,.T.);
#14853 = VERTEX_POINT('',#14854);
#14854 = CARTESIAN_POINT('',(1.255,-0.8,0.));
#14855 = VERTEX_POINT('',#14856);
#14856 = CARTESIAN_POINT('',(1.545,-0.8,0.));
#14857 = LINE('',#14858,#14859);
#14858 = CARTESIAN_POINT('',(1.2,-0.8,0.));
#14859 = VECTOR('',#14860,1.);
#14860 = DIRECTION('',(1.,0.,0.));
#14861 = ORIENTED_EDGE('',*,*,#14862,.F.);
#14862 = EDGE_CURVE('',#14731,#14853,#14863,.T.);
#14863 = CIRCLE('',#14864,5.5E-02);
#14864 = AXIS2_PLACEMENT_3D('',#14865,#14866,#14867);
#14865 = CARTESIAN_POINT('',(1.255,-0.8,5.5E-02));
#14866 = DIRECTION('',(0.,-1.,0.));
#14867 = DIRECTION('',(0.,0.,1.));
#14868 = ORIENTED_EDGE('',*,*,#14730,.T.);
#14869 = ORIENTED_EDGE('',*,*,#14722,.T.);
#14870 = ORIENTED_EDGE('',*,*,#14714,.F.);
#14871 = ORIENTED_EDGE('',*,*,#14872,.T.);
#14872 = EDGE_CURVE('',#14707,#14873,#14875,.T.);
#14873 = VERTEX_POINT('',#14874);
#14874 = CARTESIAN_POINT('',(1.255,-0.8,0.55));
#14875 = CIRCLE('',#14876,5.5E-02);
#14876 = AXIS2_PLACEMENT_3D('',#14877,#14878,#14879);
#14877 = CARTESIAN_POINT('',(1.255,-0.8,0.495));
#14878 = DIRECTION('',(0.,1.,0.));
#14879 = DIRECTION('',(0.,-0.,1.));
#14880 = ORIENTED_EDGE('',*,*,#14881,.T.);
#14881 = EDGE_CURVE('',#14873,#14882,#14884,.T.);
#14882 = VERTEX_POINT('',#14883);
#14883 = CARTESIAN_POINT('',(1.545,-0.8,0.55));
#14884 = LINE('',#14885,#14886);
#14885 = CARTESIAN_POINT('',(1.2,-0.8,0.55));
#14886 = VECTOR('',#14887,1.);
#14887 = DIRECTION('',(1.,0.,0.));
#14888 = ORIENTED_EDGE('',*,*,#14889,.F.);
#14889 = EDGE_CURVE('',#14890,#14882,#14892,.T.);
#14890 = VERTEX_POINT('',#14891);
#14891 = CARTESIAN_POINT('',(1.6,-0.8,0.495));
#14892 = CIRCLE('',#14893,5.5E-02);
#14893 = AXIS2_PLACEMENT_3D('',#14894,#14895,#14896);
#14894 = CARTESIAN_POINT('',(1.545,-0.8,0.495));
#14895 = DIRECTION('',(0.,-1.,0.));
#14896 = DIRECTION('',(0.,0.,1.));
#14897 = ORIENTED_EDGE('',*,*,#14898,.F.);
#14898 = EDGE_CURVE('',#14899,#14890,#14901,.T.);
#14899 = VERTEX_POINT('',#14900);
#14900 = CARTESIAN_POINT('',(1.6,-0.8,5.5E-02));
#14901 = LINE('',#14902,#14903);
#14902 = CARTESIAN_POINT('',(1.6,-0.8,0.));
#14903 = VECTOR('',#14904,1.);
#14904 = DIRECTION('',(0.,0.,1.));
#14905 = ORIENTED_EDGE('',*,*,#14906,.T.);
#14906 = EDGE_CURVE('',#14899,#14855,#14907,.T.);
#14907 = CIRCLE('',#14908,5.5E-02);
#14908 = AXIS2_PLACEMENT_3D('',#14909,#14910,#14911);
#14909 = CARTESIAN_POINT('',(1.545,-0.8,5.5E-02));
#14910 = DIRECTION('',(0.,1.,0.));
#14911 = DIRECTION('',(0.,-0.,1.));
#14912 = PLANE('',#14913);
#14913 = AXIS2_PLACEMENT_3D('',#14914,#14915,#14916);
#14914 = CARTESIAN_POINT('',(1.2,-0.8,0.));
#14915 = DIRECTION('',(0.,1.,0.));
#14916 = DIRECTION('',(0.,-0.,1.));
#14917 = ADVANCED_FACE('',(#14918),#14943,.F.);
#14918 = FACE_BOUND('',#14919,.F.);
#14919 = EDGE_LOOP('',(#14920,#14921,#14929,#14937));
#14920 = ORIENTED_EDGE('',*,*,#14706,.F.);
#14921 = ORIENTED_EDGE('',*,*,#14922,.T.);
#14922 = EDGE_CURVE('',#14505,#14923,#14925,.T.);
#14923 = VERTEX_POINT('',#14924);
#14924 = CARTESIAN_POINT('',(-1.2,-0.8,0.55));
#14925 = LINE('',#14926,#14927);
#14926 = CARTESIAN_POINT('',(-1.2,-0.8,0.495));
#14927 = VECTOR('',#14928,1.);
#14928 = DIRECTION('',(0.,0.,1.));
#14929 = ORIENTED_EDGE('',*,*,#14930,.T.);
#14930 = EDGE_CURVE('',#14923,#14931,#14933,.T.);
#14931 = VERTEX_POINT('',#14932);
#14932 = CARTESIAN_POINT('',(1.2,-0.8,0.55));
#14933 = LINE('',#14934,#14935);
#14934 = CARTESIAN_POINT('',(-1.2,-0.8,0.55));
#14935 = VECTOR('',#14936,1.);
#14936 = DIRECTION('',(1.,0.,0.));
#14937 = ORIENTED_EDGE('',*,*,#14938,.F.);
#14938 = EDGE_CURVE('',#14707,#14931,#14939,.T.);
#14939 = LINE('',#14940,#14941);
#14940 = CARTESIAN_POINT('',(1.2,-0.8,0.495));
#14941 = VECTOR('',#14942,1.);
#14942 = DIRECTION('',(0.,0.,1.));
#14943 = PLANE('',#14944);
#14944 = AXIS2_PLACEMENT_3D('',#14945,#14946,#14947);
#14945 = CARTESIAN_POINT('',(-1.2,-0.8,0.495));
#14946 = DIRECTION('',(0.,1.,0.));
#14947 = DIRECTION('',(0.,-0.,1.));
#14948 = ADVANCED_FACE('',(#14949),#14967,.F.);
#14949 = FACE_BOUND('',#14950,.F.);
#14950 = EDGE_LOOP('',(#14951,#14952,#14953,#14961));
#14951 = ORIENTED_EDGE('',*,*,#14922,.F.);
#14952 = ORIENTED_EDGE('',*,*,#14769,.T.);
#14953 = ORIENTED_EDGE('',*,*,#14954,.T.);
#14954 = EDGE_CURVE('',#14622,#14955,#14957,.T.);
#14955 = VERTEX_POINT('',#14956);
#14956 = CARTESIAN_POINT('',(-1.2,0.8,0.55));
#14957 = LINE('',#14958,#14959);
#14958 = CARTESIAN_POINT('',(-1.2,0.8,0.495));
#14959 = VECTOR('',#14960,1.);
#14960 = DIRECTION('',(0.,0.,1.));
#14961 = ORIENTED_EDGE('',*,*,#14962,.F.);
#14962 = EDGE_CURVE('',#14923,#14955,#14963,.T.);
#14963 = LINE('',#14964,#14965);
#14964 = CARTESIAN_POINT('',(-1.2,-0.8,0.55));
#14965 = VECTOR('',#14966,1.);
#14966 = DIRECTION('',(0.,1.,0.));
#14967 = PLANE('',#14968);
#14968 = AXIS2_PLACEMENT_3D('',#14969,#14970,#14971);
#14969 = CARTESIAN_POINT('',(-1.2,-0.8,0.495));
#14970 = DIRECTION('',(1.,0.,0.));
#14971 = DIRECTION('',(0.,0.,1.));
#14972 = ADVANCED_FACE('',(#14973),#15036,.T.);
#14973 = FACE_BOUND('',#14974,.T.);
#14974 = EDGE_LOOP('',(#14975,#14985,#14992,#14993,#14994,#14995,#15004,
    #15012,#15021,#15029));
#14975 = ORIENTED_EDGE('',*,*,#14976,.F.);
#14976 = EDGE_CURVE('',#14977,#14979,#14981,.T.);
#14977 = VERTEX_POINT('',#14978);
#14978 = CARTESIAN_POINT('',(1.255,0.8,0.));
#14979 = VERTEX_POINT('',#14980);
#14980 = CARTESIAN_POINT('',(1.545,0.8,0.));
#14981 = LINE('',#14982,#14983);
#14982 = CARTESIAN_POINT('',(1.2,0.8,0.));
#14983 = VECTOR('',#14984,1.);
#14984 = DIRECTION('',(1.,0.,0.));
#14985 = ORIENTED_EDGE('',*,*,#14986,.F.);
#14986 = EDGE_CURVE('',#14814,#14977,#14987,.T.);
#14987 = CIRCLE('',#14988,5.5E-02);
#14988 = AXIS2_PLACEMENT_3D('',#14989,#14990,#14991);
#14989 = CARTESIAN_POINT('',(1.255,0.8,5.5E-02));
#14990 = DIRECTION('',(0.,-1.,0.));
#14991 = DIRECTION('',(0.,0.,1.));
#14992 = ORIENTED_EDGE('',*,*,#14813,.T.);
#14993 = ORIENTED_EDGE('',*,*,#14805,.T.);
#14994 = ORIENTED_EDGE('',*,*,#14797,.F.);
#14995 = ORIENTED_EDGE('',*,*,#14996,.T.);
#14996 = EDGE_CURVE('',#14790,#14997,#14999,.T.);
#14997 = VERTEX_POINT('',#14998);
#14998 = CARTESIAN_POINT('',(1.255,0.8,0.55));
#14999 = CIRCLE('',#15000,5.5E-02);
#15000 = AXIS2_PLACEMENT_3D('',#15001,#15002,#15003);
#15001 = CARTESIAN_POINT('',(1.255,0.8,0.495));
#15002 = DIRECTION('',(0.,1.,0.));
#15003 = DIRECTION('',(0.,-0.,1.));
#15004 = ORIENTED_EDGE('',*,*,#15005,.T.);
#15005 = EDGE_CURVE('',#14997,#15006,#15008,.T.);
#15006 = VERTEX_POINT('',#15007);
#15007 = CARTESIAN_POINT('',(1.545,0.8,0.55));
#15008 = LINE('',#15009,#15010);
#15009 = CARTESIAN_POINT('',(1.2,0.8,0.55));
#15010 = VECTOR('',#15011,1.);
#15011 = DIRECTION('',(1.,0.,0.));
#15012 = ORIENTED_EDGE('',*,*,#15013,.F.);
#15013 = EDGE_CURVE('',#15014,#15006,#15016,.T.);
#15014 = VERTEX_POINT('',#15015);
#15015 = CARTESIAN_POINT('',(1.6,0.8,0.495));
#15016 = CIRCLE('',#15017,5.5E-02);
#15017 = AXIS2_PLACEMENT_3D('',#15018,#15019,#15020);
#15018 = CARTESIAN_POINT('',(1.545,0.8,0.495));
#15019 = DIRECTION('',(0.,-1.,0.));
#15020 = DIRECTION('',(0.,0.,1.));
#15021 = ORIENTED_EDGE('',*,*,#15022,.F.);
#15022 = EDGE_CURVE('',#15023,#15014,#15025,.T.);
#15023 = VERTEX_POINT('',#15024);
#15024 = CARTESIAN_POINT('',(1.6,0.8,5.5E-02));
#15025 = LINE('',#15026,#15027);
#15026 = CARTESIAN_POINT('',(1.6,0.8,0.));
#15027 = VECTOR('',#15028,1.);
#15028 = DIRECTION('',(0.,0.,1.));
#15029 = ORIENTED_EDGE('',*,*,#15030,.T.);
#15030 = EDGE_CURVE('',#15023,#14979,#15031,.T.);
#15031 = CIRCLE('',#15032,5.5E-02);
#15032 = AXIS2_PLACEMENT_3D('',#15033,#15034,#15035);
#15033 = CARTESIAN_POINT('',(1.545,0.8,5.5E-02));
#15034 = DIRECTION('',(0.,1.,0.));
#15035 = DIRECTION('',(0.,-0.,1.));
#15036 = PLANE('',#15037);
#15037 = AXIS2_PLACEMENT_3D('',#15038,#15039,#15040);
#15038 = CARTESIAN_POINT('',(1.2,0.8,0.));
#15039 = DIRECTION('',(0.,1.,0.));
#15040 = DIRECTION('',(0.,-0.,1.));
#15041 = ADVANCED_FACE('',(#15042),#15060,.T.);
#15042 = FACE_BOUND('',#15043,.T.);
#15043 = EDGE_LOOP('',(#15044,#15045,#15046,#15054));
#15044 = ORIENTED_EDGE('',*,*,#14789,.F.);
#15045 = ORIENTED_EDGE('',*,*,#14954,.T.);
#15046 = ORIENTED_EDGE('',*,*,#15047,.T.);
#15047 = EDGE_CURVE('',#14955,#15048,#15050,.T.);
#15048 = VERTEX_POINT('',#15049);
#15049 = CARTESIAN_POINT('',(1.2,0.8,0.55));
#15050 = LINE('',#15051,#15052);
#15051 = CARTESIAN_POINT('',(-1.2,0.8,0.55));
#15052 = VECTOR('',#15053,1.);
#15053 = DIRECTION('',(1.,0.,0.));
#15054 = ORIENTED_EDGE('',*,*,#15055,.F.);
#15055 = EDGE_CURVE('',#14790,#15048,#15056,.T.);
#15056 = LINE('',#15057,#15058);
#15057 = CARTESIAN_POINT('',(1.2,0.8,0.495));
#15058 = VECTOR('',#15059,1.);
#15059 = DIRECTION('',(0.,0.,1.));
#15060 = PLANE('',#15061);
#15061 = AXIS2_PLACEMENT_3D('',#15062,#15063,#15064);
#15062 = CARTESIAN_POINT('',(-1.2,0.8,0.495));
#15063 = DIRECTION('',(0.,1.,0.));
#15064 = DIRECTION('',(0.,-0.,1.));
#15065 = ADVANCED_FACE('',(#15066),#15077,.T.);
#15066 = FACE_BOUND('',#15067,.T.);
#15067 = EDGE_LOOP('',(#15068,#15069,#15070,#15076));
#15068 = ORIENTED_EDGE('',*,*,#14837,.T.);
#15069 = ORIENTED_EDGE('',*,*,#14986,.T.);
#15070 = ORIENTED_EDGE('',*,*,#15071,.F.);
#15071 = EDGE_CURVE('',#14853,#14977,#15072,.T.);
#15072 = LINE('',#15073,#15074);
#15073 = CARTESIAN_POINT('',(1.255,-0.8,0.));
#15074 = VECTOR('',#15075,1.);
#15075 = DIRECTION('',(0.,1.,0.));
#15076 = ORIENTED_EDGE('',*,*,#14862,.F.);
#15077 = CYLINDRICAL_SURFACE('',#15078,5.5E-02);
#15078 = AXIS2_PLACEMENT_3D('',#15079,#15080,#15081);
#15079 = CARTESIAN_POINT('',(1.255,-0.8,5.5E-02));
#15080 = DIRECTION('',(0.,1.,0.));
#15081 = DIRECTION('',(-1.,0.,0.));
#15082 = ADVANCED_FACE('',(#15083),#15094,.F.);
#15083 = FACE_BOUND('',#15084,.F.);
#15084 = EDGE_LOOP('',(#15085,#15086,#15087,#15088));
#15085 = ORIENTED_EDGE('',*,*,#14976,.F.);
#15086 = ORIENTED_EDGE('',*,*,#15071,.F.);
#15087 = ORIENTED_EDGE('',*,*,#14852,.T.);
#15088 = ORIENTED_EDGE('',*,*,#15089,.T.);
#15089 = EDGE_CURVE('',#14855,#14979,#15090,.T.);
#15090 = LINE('',#15091,#15092);
#15091 = CARTESIAN_POINT('',(1.545,-0.8,0.));
#15092 = VECTOR('',#15093,1.);
#15093 = DIRECTION('',(0.,1.,0.));
#15094 = PLANE('',#15095);
#15095 = AXIS2_PLACEMENT_3D('',#15096,#15097,#15098);
#15096 = CARTESIAN_POINT('',(1.2,-0.8,0.));
#15097 = DIRECTION('',(0.,0.,1.));
#15098 = DIRECTION('',(1.,0.,-0.));
#15099 = ADVANCED_FACE('',(#15100),#15111,.T.);
#15100 = FACE_BOUND('',#15101,.T.);
#15101 = EDGE_LOOP('',(#15102,#15103,#15104,#15105));
#15102 = ORIENTED_EDGE('',*,*,#14906,.T.);
#15103 = ORIENTED_EDGE('',*,*,#15089,.T.);
#15104 = ORIENTED_EDGE('',*,*,#15030,.F.);
#15105 = ORIENTED_EDGE('',*,*,#15106,.F.);
#15106 = EDGE_CURVE('',#14899,#15023,#15107,.T.);
#15107 = LINE('',#15108,#15109);
#15108 = CARTESIAN_POINT('',(1.6,-0.8,5.5E-02));
#15109 = VECTOR('',#15110,1.);
#15110 = DIRECTION('',(0.,1.,0.));
#15111 = CYLINDRICAL_SURFACE('',#15112,5.5E-02);
#15112 = AXIS2_PLACEMENT_3D('',#15113,#15114,#15115);
#15113 = CARTESIAN_POINT('',(1.545,-0.8,5.5E-02));
#15114 = DIRECTION('',(0.,1.,0.));
#15115 = DIRECTION('',(1.,0.,0.));
#15116 = ADVANCED_FACE('',(#15117),#15128,.T.);
#15117 = FACE_BOUND('',#15118,.T.);
#15118 = EDGE_LOOP('',(#15119,#15120,#15121,#15122));
#15119 = ORIENTED_EDGE('',*,*,#14898,.F.);
#15120 = ORIENTED_EDGE('',*,*,#15106,.T.);
#15121 = ORIENTED_EDGE('',*,*,#15022,.T.);
#15122 = ORIENTED_EDGE('',*,*,#15123,.F.);
#15123 = EDGE_CURVE('',#14890,#15014,#15124,.T.);
#15124 = LINE('',#15125,#15126);
#15125 = CARTESIAN_POINT('',(1.6,-0.8,0.495));
#15126 = VECTOR('',#15127,1.);
#15127 = DIRECTION('',(0.,1.,0.));
#15128 = PLANE('',#15129);
#15129 = AXIS2_PLACEMENT_3D('',#15130,#15131,#15132);
#15130 = CARTESIAN_POINT('',(1.6,-0.8,0.));
#15131 = DIRECTION('',(1.,0.,0.));
#15132 = DIRECTION('',(0.,0.,1.));
#15133 = ADVANCED_FACE('',(#15134),#15145,.T.);
#15134 = FACE_BOUND('',#15135,.T.);
#15135 = EDGE_LOOP('',(#15136,#15137,#15138,#15144));
#15136 = ORIENTED_EDGE('',*,*,#15123,.T.);
#15137 = ORIENTED_EDGE('',*,*,#15013,.T.);
#15138 = ORIENTED_EDGE('',*,*,#15139,.F.);
#15139 = EDGE_CURVE('',#14882,#15006,#15140,.T.);
#15140 = LINE('',#15141,#15142);
#15141 = CARTESIAN_POINT('',(1.545,-0.8,0.55));
#15142 = VECTOR('',#15143,1.);
#15143 = DIRECTION('',(0.,1.,0.));
#15144 = ORIENTED_EDGE('',*,*,#14889,.F.);
#15145 = CYLINDRICAL_SURFACE('',#15146,5.5E-02);
#15146 = AXIS2_PLACEMENT_3D('',#15147,#15148,#15149);
#15147 = CARTESIAN_POINT('',(1.545,-0.8,0.495));
#15148 = DIRECTION('',(0.,1.,0.));
#15149 = DIRECTION('',(1.,0.,0.));
#15150 = ADVANCED_FACE('',(#15151),#15162,.T.);
#15151 = FACE_BOUND('',#15152,.T.);
#15152 = EDGE_LOOP('',(#15153,#15154,#15160,#15161));
#15153 = ORIENTED_EDGE('',*,*,#15005,.F.);
#15154 = ORIENTED_EDGE('',*,*,#15155,.F.);
#15155 = EDGE_CURVE('',#14873,#14997,#15156,.T.);
#15156 = LINE('',#15157,#15158);
#15157 = CARTESIAN_POINT('',(1.255,-0.8,0.55));
#15158 = VECTOR('',#15159,1.);
#15159 = DIRECTION('',(0.,1.,0.));
#15160 = ORIENTED_EDGE('',*,*,#14881,.T.);
#15161 = ORIENTED_EDGE('',*,*,#15139,.T.);
#15162 = PLANE('',#15163);
#15163 = AXIS2_PLACEMENT_3D('',#15164,#15165,#15166);
#15164 = CARTESIAN_POINT('',(1.2,-0.8,0.55));
#15165 = DIRECTION('',(0.,0.,1.));
#15166 = DIRECTION('',(1.,0.,-0.));
#15167 = ADVANCED_FACE('',(#15168),#15179,.T.);
#15168 = FACE_BOUND('',#15169,.T.);
#15169 = EDGE_LOOP('',(#15170,#15171,#15172,#15173));
#15170 = ORIENTED_EDGE('',*,*,#14872,.T.);
#15171 = ORIENTED_EDGE('',*,*,#15155,.T.);
#15172 = ORIENTED_EDGE('',*,*,#14996,.F.);
#15173 = ORIENTED_EDGE('',*,*,#15174,.F.);
#15174 = EDGE_CURVE('',#14707,#14790,#15175,.T.);
#15175 = LINE('',#15176,#15177);
#15176 = CARTESIAN_POINT('',(1.2,-0.8,0.495));
#15177 = VECTOR('',#15178,1.);
#15178 = DIRECTION('',(0.,1.,0.));
#15179 = CYLINDRICAL_SURFACE('',#15180,5.5E-02);
#15180 = AXIS2_PLACEMENT_3D('',#15181,#15182,#15183);
#15181 = CARTESIAN_POINT('',(1.255,-0.8,0.495));
#15182 = DIRECTION('',(0.,1.,0.));
#15183 = DIRECTION('',(-1.,0.,0.));
#15184 = ADVANCED_FACE('',(#15185),#15196,.T.);
#15185 = FACE_BOUND('',#15186,.T.);
#15186 = EDGE_LOOP('',(#15187,#15188,#15189,#15190));
#15187 = ORIENTED_EDGE('',*,*,#14938,.F.);
#15188 = ORIENTED_EDGE('',*,*,#15174,.T.);
#15189 = ORIENTED_EDGE('',*,*,#15055,.T.);
#15190 = ORIENTED_EDGE('',*,*,#15191,.F.);
#15191 = EDGE_CURVE('',#14931,#15048,#15192,.T.);
#15192 = LINE('',#15193,#15194);
#15193 = CARTESIAN_POINT('',(1.2,-0.8,0.55));
#15194 = VECTOR('',#15195,1.);
#15195 = DIRECTION('',(0.,1.,0.));
#15196 = PLANE('',#15197);
#15197 = AXIS2_PLACEMENT_3D('',#15198,#15199,#15200);
#15198 = CARTESIAN_POINT('',(1.2,-0.8,0.495));
#15199 = DIRECTION('',(1.,0.,0.));
#15200 = DIRECTION('',(0.,0.,1.));
#15201 = ADVANCED_FACE('',(#15202),#15208,.T.);
#15202 = FACE_BOUND('',#15203,.T.);
#15203 = EDGE_LOOP('',(#15204,#15205,#15206,#15207));
#15204 = ORIENTED_EDGE('',*,*,#14962,.F.);
#15205 = ORIENTED_EDGE('',*,*,#14930,.T.);
#15206 = ORIENTED_EDGE('',*,*,#15191,.T.);
#15207 = ORIENTED_EDGE('',*,*,#15047,.F.);
#15208 = PLANE('',#15209);
#15209 = AXIS2_PLACEMENT_3D('',#15210,#15211,#15212);
#15210 = CARTESIAN_POINT('',(-1.2,-0.8,0.55));
#15211 = DIRECTION('',(0.,0.,1.));
#15212 = DIRECTION('',(1.,0.,-0.));
#15213 = ( GEOMETRIC_REPRESENTATION_CONTEXT(3) 
GLOBAL_UNCERTAINTY_ASSIGNED_CONTEXT((#15217)) 
GLOBAL_UNIT_ASSIGNED_CONTEXT((#15214,#15215,#15216)) 
REPRESENTATION_CONTEXT('Context #1',
  '3D Context with UNIT and UNCERTAINTY') );
#15214 = ( LENGTH_UNIT() NAMED_UNIT(*) SI_UNIT(.MILLI.,.METRE.) );
#15215 = ( NAMED_UNIT(*) PLANE_ANGLE_UNIT() SI_UNIT($,.RADIAN.) );
#15216 = ( NAMED_UNIT(*) SI_UNIT($,.STERADIAN.) SOLID_ANGLE_UNIT() );
#15217 = UNCERTAINTY_MEASURE_WITH_UNIT(LENGTH_MEASURE(1.E-07),#15214,
  'distance_accuracy_value','confusion accuracy');
#15218 = CONTEXT_DEPENDENT_SHAPE_REPRESENTATION(#15219,#15221);
#15219 = ( REPRESENTATION_RELATIONSHIP('','',#14422,#14399) 
REPRESENTATION_RELATIONSHIP_WITH_TRANSFORMATION(#15220) 
SHAPE_REPRESENTATION_RELATIONSHIP() );
#15220 = ITEM_DEFINED_TRANSFORMATION('','',#11,#14400);
#15221 = PRODUCT_DEFINITION_SHAPE('Placement','Placement of an item',
  #15222);
#15222 = NEXT_ASSEMBLY_USAGE_OCCURRENCE('15','=>[0:1:1:11]','',#14394,
  #14417,$);
#15223 = PRODUCT_RELATED_PRODUCT_CATEGORY('part',$,(#14419));
#15224 = CONTEXT_DEPENDENT_SHAPE_REPRESENTATION(#15225,#15227);
#15225 = ( REPRESENTATION_RELATIONSHIP('','',#296,#10) 
REPRESENTATION_RELATIONSHIP_WITH_TRANSFORMATION(#15226) 
SHAPE_REPRESENTATION_RELATIONSHIP() );
#15226 = ITEM_DEFINED_TRANSFORMATION('','',#11,#59);
#15227 = PRODUCT_DEFINITION_SHAPE('Placement','Placement of an item',
  #15228);
#15228 = NEXT_ASSEMBLY_USAGE_OCCURRENCE('17','R4','',#5,#291,$);
#15229 = CONTEXT_DEPENDENT_SHAPE_REPRESENTATION(#15230,#15232);
#15230 = ( REPRESENTATION_RELATIONSHIP('','',#9745,#10) 
REPRESENTATION_RELATIONSHIP_WITH_TRANSFORMATION(#15231) 
SHAPE_REPRESENTATION_RELATIONSHIP() );
#15231 = ITEM_DEFINED_TRANSFORMATION('','',#11,#63);
#15232 = PRODUCT_DEFINITION_SHAPE('Placement','Placement of an item',
  #15233);
#15233 = NEXT_ASSEMBLY_USAGE_OCCURRENCE('18','U2','',#5,#9740,$);
#15234 = CONTEXT_DEPENDENT_SHAPE_REPRESENTATION(#15235,#15237);
#15235 = ( REPRESENTATION_RELATIONSHIP('','',#296,#10) 
REPRESENTATION_RELATIONSHIP_WITH_TRANSFORMATION(#15236) 
SHAPE_REPRESENTATION_RELATIONSHIP() );
#15236 = ITEM_DEFINED_TRANSFORMATION('','',#11,#67);
#15237 = PRODUCT_DEFINITION_SHAPE('Placement','Placement of an item',
  #15238);
#15238 = NEXT_ASSEMBLY_USAGE_OCCURRENCE('19','R25','',#5,#291,$);
#15239 = CONTEXT_DEPENDENT_SHAPE_REPRESENTATION(#15240,#15242);
#15240 = ( REPRESENTATION_RELATIONSHIP('','',#296,#10) 
REPRESENTATION_RELATIONSHIP_WITH_TRANSFORMATION(#15241) 
SHAPE_REPRESENTATION_RELATIONSHIP() );
#15241 = ITEM_DEFINED_TRANSFORMATION('','',#11,#71);
#15242 = PRODUCT_DEFINITION_SHAPE('Placement','Placement of an item',
  #15243);
#15243 = NEXT_ASSEMBLY_USAGE_OCCURRENCE('20','R24','',#5,#291,$);
#15244 = CONTEXT_DEPENDENT_SHAPE_REPRESENTATION(#15245,#15247);
#15245 = ( REPRESENTATION_RELATIONSHIP('','',#14399,#10) 
REPRESENTATION_RELATIONSHIP_WITH_TRANSFORMATION(#15246) 
SHAPE_REPRESENTATION_RELATIONSHIP() );
#15246 = ITEM_DEFINED_TRANSFORMATION('','',#11,#75);
#15247 = PRODUCT_DEFINITION_SHAPE('Placement','Placement of an item',
  #15248);
#15248 = NEXT_ASSEMBLY_USAGE_OCCURRENCE('21','R9','',#5,#14394,$);
#15249 = CONTEXT_DEPENDENT_SHAPE_REPRESENTATION(#15250,#15252);
#15250 = ( REPRESENTATION_RELATIONSHIP('','',#14399,#10) 
REPRESENTATION_RELATIONSHIP_WITH_TRANSFORMATION(#15251) 
SHAPE_REPRESENTATION_RELATIONSHIP() );
#15251 = ITEM_DEFINED_TRANSFORMATION('','',#11,#79);
#15252 = PRODUCT_DEFINITION_SHAPE('Placement','Placement of an item',
  #15253);
#15253 = NEXT_ASSEMBLY_USAGE_OCCURRENCE('22','R5','',#5,#14394,$);
#15254 = CONTEXT_DEPENDENT_SHAPE_REPRESENTATION(#15255,#15257);
#15255 = ( REPRESENTATION_RELATIONSHIP('','',#7903,#10) 
REPRESENTATION_RELATIONSHIP_WITH_TRANSFORMATION(#15256) 
SHAPE_REPRESENTATION_RELATIONSHIP() );
#15256 = ITEM_DEFINED_TRANSFORMATION('','',#11,#83);
#15257 = PRODUCT_DEFINITION_SHAPE('Placement','Placement of an item',
  #15258);
#15258 = NEXT_ASSEMBLY_USAGE_OCCURRENCE('23','D6','',#5,#7898,$);
#15259 = CONTEXT_DEPENDENT_SHAPE_REPRESENTATION(#15260,#15262);
#15260 = ( REPRESENTATION_RELATIONSHIP('','',#9745,#10) 
REPRESENTATION_RELATIONSHIP_WITH_TRANSFORMATION(#15261) 
SHAPE_REPRESENTATION_RELATIONSHIP() );
#15261 = ITEM_DEFINED_TRANSFORMATION('','',#11,#87);
#15262 = PRODUCT_DEFINITION_SHAPE('Placement','Placement of an item',
  #15263);
#15263 = NEXT_ASSEMBLY_USAGE_OCCURRENCE('24','U3','',#5,#9740,$);
#15264 = CONTEXT_DEPENDENT_SHAPE_REPRESENTATION(#15265,#15267);
#15265 = ( REPRESENTATION_RELATIONSHIP('','',#296,#10) 
REPRESENTATION_RELATIONSHIP_WITH_TRANSFORMATION(#15266) 
SHAPE_REPRESENTATION_RELATIONSHIP() );
#15266 = ITEM_DEFINED_TRANSFORMATION('','',#11,#91);
#15267 = PRODUCT_DEFINITION_SHAPE('Placement','Placement of an item',
  #15268);
#15268 = NEXT_ASSEMBLY_USAGE_OCCURRENCE('25','R18','',#5,#291,$);
#15269 = CONTEXT_DEPENDENT_SHAPE_REPRESENTATION(#15270,#15272);
#15270 = ( REPRESENTATION_RELATIONSHIP('','',#296,#10) 
REPRESENTATION_RELATIONSHIP_WITH_TRANSFORMATION(#15271) 
SHAPE_REPRESENTATION_RELATIONSHIP() );
#15271 = ITEM_DEFINED_TRANSFORMATION('','',#11,#95);
#15272 = PRODUCT_DEFINITION_SHAPE('Placement','Placement of an item',
  #15273);
#15273 = NEXT_ASSEMBLY_USAGE_OCCURRENCE('26','R31','',#5,#291,$);
#15274 = CONTEXT_DEPENDENT_SHAPE_REPRESENTATION(#15275,#15277);
#15275 = ( REPRESENTATION_RELATIONSHIP('','',#7903,#10) 
REPRESENTATION_RELATIONSHIP_WITH_TRANSFORMATION(#15276) 
SHAPE_REPRESENTATION_RELATIONSHIP() );
#15276 = ITEM_DEFINED_TRANSFORMATION('','',#11,#99);
#15277 = PRODUCT_DEFINITION_SHAPE('Placement','Placement of an item',
  #15278);
#15278 = NEXT_ASSEMBLY_USAGE_OCCURRENCE('27','D9','',#5,#7898,$);
#15279 = CONTEXT_DEPENDENT_SHAPE_REPRESENTATION(#15280,#15282);
#15280 = ( REPRESENTATION_RELATIONSHIP('','',#14399,#10) 
REPRESENTATION_RELATIONSHIP_WITH_TRANSFORMATION(#15281) 
SHAPE_REPRESENTATION_RELATIONSHIP() );
#15281 = ITEM_DEFINED_TRANSFORMATION('','',#11,#103);
#15282 = PRODUCT_DEFINITION_SHAPE('Placement','Placement of an item',
  #15283);
#15283 = NEXT_ASSEMBLY_USAGE_OCCURRENCE('28','R7','',#5,#14394,$);
#15284 = CONTEXT_DEPENDENT_SHAPE_REPRESENTATION(#15285,#15287);
#15285 = ( REPRESENTATION_RELATIONSHIP('','',#296,#10) 
REPRESENTATION_RELATIONSHIP_WITH_TRANSFORMATION(#15286) 
SHAPE_REPRESENTATION_RELATIONSHIP() );
#15286 = ITEM_DEFINED_TRANSFORMATION('','',#11,#107);
#15287 = PRODUCT_DEFINITION_SHAPE('Placement','Placement of an item',
  #15288);
#15288 = NEXT_ASSEMBLY_USAGE_OCCURRENCE('29','R26','',#5,#291,$);
#15289 = CONTEXT_DEPENDENT_SHAPE_REPRESENTATION(#15290,#15292);
#15290 = ( REPRESENTATION_RELATIONSHIP('','',#14399,#10) 
REPRESENTATION_RELATIONSHIP_WITH_TRANSFORMATION(#15291) 
SHAPE_REPRESENTATION_RELATIONSHIP() );
#15291 = ITEM_DEFINED_TRANSFORMATION('','',#11,#111);
#15292 = PRODUCT_DEFINITION_SHAPE('Placement','Placement of an item',
  #15293);
#15293 = NEXT_ASSEMBLY_USAGE_OCCURRENCE('30','R1','',#5,#14394,$);
#15294 = CONTEXT_DEPENDENT_SHAPE_REPRESENTATION(#15295,#15297);
#15295 = ( REPRESENTATION_RELATIONSHIP('','',#9745,#10) 
REPRESENTATION_RELATIONSHIP_WITH_TRANSFORMATION(#15296) 
SHAPE_REPRESENTATION_RELATIONSHIP() );
#15296 = ITEM_DEFINED_TRANSFORMATION('','',#11,#115);
#15297 = PRODUCT_DEFINITION_SHAPE('Placement','Placement of an item',
  #15298);
#15298 = NEXT_ASSEMBLY_USAGE_OCCURRENCE('31','U6','',#5,#9740,$);
#15299 = CONTEXT_DEPENDENT_SHAPE_REPRESENTATION(#15300,#15302);
#15300 = ( REPRESENTATION_RELATIONSHIP('','',#296,#10) 
REPRESENTATION_RELATIONSHIP_WITH_TRANSFORMATION(#15301) 
SHAPE_REPRESENTATION_RELATIONSHIP() );
#15301 = ITEM_DEFINED_TRANSFORMATION('','',#11,#119);
#15302 = PRODUCT_DEFINITION_SHAPE('Placement','Placement of an item',
  #15303);
#15303 = NEXT_ASSEMBLY_USAGE_OCCURRENCE('32','R30','',#5,#291,$);
#15304 = CONTEXT_DEPENDENT_SHAPE_REPRESENTATION(#15305,#15307);
#15305 = ( REPRESENTATION_RELATIONSHIP('','',#296,#10) 
REPRESENTATION_RELATIONSHIP_WITH_TRANSFORMATION(#15306) 
SHAPE_REPRESENTATION_RELATIONSHIP() );
#15306 = ITEM_DEFINED_TRANSFORMATION('','',#11,#123);
#15307 = PRODUCT_DEFINITION_SHAPE('Placement','Placement of an item',
  #15308);
#15308 = NEXT_ASSEMBLY_USAGE_OCCURRENCE('33','R27','',#5,#291,$);
#15309 = CONTEXT_DEPENDENT_SHAPE_REPRESENTATION(#15310,#15312);
#15310 = ( REPRESENTATION_RELATIONSHIP('','',#296,#10) 
REPRESENTATION_RELATIONSHIP_WITH_TRANSFORMATION(#15311) 
SHAPE_REPRESENTATION_RELATIONSHIP() );
#15311 = ITEM_DEFINED_TRANSFORMATION('','',#11,#127);
#15312 = PRODUCT_DEFINITION_SHAPE('Placement','Placement of an item',
  #15313);
#15313 = NEXT_ASSEMBLY_USAGE_OCCURRENCE('34','R2','',#5,#291,$);
#15314 = CONTEXT_DEPENDENT_SHAPE_REPRESENTATION(#15315,#15317);
#15315 = ( REPRESENTATION_RELATIONSHIP('','',#296,#10) 
REPRESENTATION_RELATIONSHIP_WITH_TRANSFORMATION(#15316) 
SHAPE_REPRESENTATION_RELATIONSHIP() );
#15316 = ITEM_DEFINED_TRANSFORMATION('','',#11,#131);
#15317 = PRODUCT_DEFINITION_SHAPE('Placement','Placement of an item',
  #15318);
#15318 = NEXT_ASSEMBLY_USAGE_OCCURRENCE('35','R11','',#5,#291,$);
#15319 = CONTEXT_DEPENDENT_SHAPE_REPRESENTATION(#15320,#15322);
#15320 = ( REPRESENTATION_RELATIONSHIP('','',#7903,#10) 
REPRESENTATION_RELATIONSHIP_WITH_TRANSFORMATION(#15321) 
SHAPE_REPRESENTATION_RELATIONSHIP() );
#15321 = ITEM_DEFINED_TRANSFORMATION('','',#11,#135);
#15322 = PRODUCT_DEFINITION_SHAPE('Placement','Placement of an item',
  #15323);
#15323 = NEXT_ASSEMBLY_USAGE_OCCURRENCE('36','D10','',#5,#7898,$);
#15324 = CONTEXT_DEPENDENT_SHAPE_REPRESENTATION(#15325,#15327);
#15325 = ( REPRESENTATION_RELATIONSHIP('','',#296,#10) 
REPRESENTATION_RELATIONSHIP_WITH_TRANSFORMATION(#15326) 
SHAPE_REPRESENTATION_RELATIONSHIP() );
#15326 = ITEM_DEFINED_TRANSFORMATION('','',#11,#139);
#15327 = PRODUCT_DEFINITION_SHAPE('Placement','Placement of an item',
  #15328);
#15328 = NEXT_ASSEMBLY_USAGE_OCCURRENCE('37','R17','',#5,#291,$);
#15329 = CONTEXT_DEPENDENT_SHAPE_REPRESENTATION(#15330,#15332);
#15330 = ( REPRESENTATION_RELATIONSHIP('','',#9745,#10) 
REPRESENTATION_RELATIONSHIP_WITH_TRANSFORMATION(#15331) 
SHAPE_REPRESENTATION_RELATIONSHIP() );
#15331 = ITEM_DEFINED_TRANSFORMATION('','',#11,#143);
#15332 = PRODUCT_DEFINITION_SHAPE('Placement','Placement of an item',
  #15333);
#15333 = NEXT_ASSEMBLY_USAGE_OCCURRENCE('38','U4','',#5,#9740,$);
#15334 = CONTEXT_DEPENDENT_SHAPE_REPRESENTATION(#15335,#15337);
#15335 = ( REPRESENTATION_RELATIONSHIP('','',#9745,#10) 
REPRESENTATION_RELATIONSHIP_WITH_TRANSFORMATION(#15336) 
SHAPE_REPRESENTATION_RELATIONSHIP() );
#15336 = ITEM_DEFINED_TRANSFORMATION('','',#11,#147);
#15337 = PRODUCT_DEFINITION_SHAPE('Placement','Placement of an item',
  #15338);
#15338 = NEXT_ASSEMBLY_USAGE_OCCURRENCE('39','U5','',#5,#9740,$);
#15339 = CONTEXT_DEPENDENT_SHAPE_REPRESENTATION(#15340,#15342);
#15340 = ( REPRESENTATION_RELATIONSHIP('','',#14399,#10) 
REPRESENTATION_RELATIONSHIP_WITH_TRANSFORMATION(#15341) 
SHAPE_REPRESENTATION_RELATIONSHIP() );
#15341 = ITEM_DEFINED_TRANSFORMATION('','',#11,#151);
#15342 = PRODUCT_DEFINITION_SHAPE('Placement','Placement of an item',
  #15343);
#15343 = NEXT_ASSEMBLY_USAGE_OCCURRENCE('40','R3','',#5,#14394,$);
#15344 = CONTEXT_DEPENDENT_SHAPE_REPRESENTATION(#15345,#15347);
#15345 = ( REPRESENTATION_RELATIONSHIP('','',#7903,#10) 
REPRESENTATION_RELATIONSHIP_WITH_TRANSFORMATION(#15346) 
SHAPE_REPRESENTATION_RELATIONSHIP() );
#15346 = ITEM_DEFINED_TRANSFORMATION('','',#11,#155);
#15347 = PRODUCT_DEFINITION_SHAPE('Placement','Placement of an item',
  #15348);
#15348 = NEXT_ASSEMBLY_USAGE_OCCURRENCE('41','D12','',#5,#7898,$);
#15349 = CONTEXT_DEPENDENT_SHAPE_REPRESENTATION(#15350,#15352);
#15350 = ( REPRESENTATION_RELATIONSHIP('','',#7903,#10) 
REPRESENTATION_RELATIONSHIP_WITH_TRANSFORMATION(#15351) 
SHAPE_REPRESENTATION_RELATIONSHIP() );
#15351 = ITEM_DEFINED_TRANSFORMATION('','',#11,#159);
#15352 = PRODUCT_DEFINITION_SHAPE('Placement','Placement of an item',
  #15353);
#15353 = NEXT_ASSEMBLY_USAGE_OCCURRENCE('42','D7','',#5,#7898,$);
#15354 = CONTEXT_DEPENDENT_SHAPE_REPRESENTATION(#15355,#15357);
#15355 = ( REPRESENTATION_RELATIONSHIP('','',#296,#10) 
REPRESENTATION_RELATIONSHIP_WITH_TRANSFORMATION(#15356) 
SHAPE_REPRESENTATION_RELATIONSHIP() );
#15356 = ITEM_DEFINED_TRANSFORMATION('','',#11,#163);
#15357 = PRODUCT_DEFINITION_SHAPE('Placement','Placement of an item',
  #15358);
#15358 = NEXT_ASSEMBLY_USAGE_OCCURRENCE('43','R20','',#5,#291,$);
#15359 = CONTEXT_DEPENDENT_SHAPE_REPRESENTATION(#15360,#15362);
#15360 = ( REPRESENTATION_RELATIONSHIP('','',#296,#10) 
REPRESENTATION_RELATIONSHIP_WITH_TRANSFORMATION(#15361) 
SHAPE_REPRESENTATION_RELATIONSHIP() );
#15361 = ITEM_DEFINED_TRANSFORMATION('','',#11,#167);
#15362 = PRODUCT_DEFINITION_SHAPE('Placement','Placement of an item',
  #15363);
#15363 = NEXT_ASSEMBLY_USAGE_OCCURRENCE('44','R23','',#5,#291,$);
#15364 = CONTEXT_DEPENDENT_SHAPE_REPRESENTATION(#15365,#15367);
#15365 = ( REPRESENTATION_RELATIONSHIP('','',#296,#10) 
REPRESENTATION_RELATIONSHIP_WITH_TRANSFORMATION(#15366) 
SHAPE_REPRESENTATION_RELATIONSHIP() );
#15366 = ITEM_DEFINED_TRANSFORMATION('','',#11,#171);
#15367 = PRODUCT_DEFINITION_SHAPE('Placement','Placement of an item',
  #15368);
#15368 = NEXT_ASSEMBLY_USAGE_OCCURRENCE('45','R10','',#5,#291,$);
#15369 = CONTEXT_DEPENDENT_SHAPE_REPRESENTATION(#15370,#15372);
#15370 = ( REPRESENTATION_RELATIONSHIP('','',#7903,#10) 
REPRESENTATION_RELATIONSHIP_WITH_TRANSFORMATION(#15371) 
SHAPE_REPRESENTATION_RELATIONSHIP() );
#15371 = ITEM_DEFINED_TRANSFORMATION('','',#11,#175);
#15372 = PRODUCT_DEFINITION_SHAPE('Placement','Placement of an item',
  #15373);
#15373 = NEXT_ASSEMBLY_USAGE_OCCURRENCE('46','D13','',#5,#7898,$);
#15374 = CONTEXT_DEPENDENT_SHAPE_REPRESENTATION(#15375,#15377);
#15375 = ( REPRESENTATION_RELATIONSHIP('','',#296,#10) 
REPRESENTATION_RELATIONSHIP_WITH_TRANSFORMATION(#15376) 
SHAPE_REPRESENTATION_RELATIONSHIP() );
#15376 = ITEM_DEFINED_TRANSFORMATION('','',#11,#179);
#15377 = PRODUCT_DEFINITION_SHAPE('Placement','Placement of an item',
  #15378);
#15378 = NEXT_ASSEMBLY_USAGE_OCCURRENCE('47','R15','',#5,#291,$);
#15379 = CONTEXT_DEPENDENT_SHAPE_REPRESENTATION(#15380,#15382);
#15380 = ( REPRESENTATION_RELATIONSHIP('','',#296,#10) 
REPRESENTATION_RELATIONSHIP_WITH_TRANSFORMATION(#15381) 
SHAPE_REPRESENTATION_RELATIONSHIP() );
#15381 = ITEM_DEFINED_TRANSFORMATION('','',#11,#183);
#15382 = PRODUCT_DEFINITION_SHAPE('Placement','Placement of an item',
  #15383);
#15383 = NEXT_ASSEMBLY_USAGE_OCCURRENCE('48','R21','',#5,#291,$);
#15384 = SHAPE_DEFINITION_REPRESENTATION(#15385,#15391);
#15385 = PRODUCT_DEFINITION_SHAPE('','',#15386);
#15386 = PRODUCT_DEFINITION('design','',#15387,#15390);
#15387 = PRODUCT_DEFINITION_FORMATION('','',#15388);
#15388 = PRODUCT('LED_0603_1608Metric','LED_0603_1608Metric','',(#15389)
  );
#15389 = PRODUCT_CONTEXT('',#2,'mechanical');
#15390 = PRODUCT_DEFINITION_CONTEXT('part definition',#2,'design');
#15391 = SHAPE_REPRESENTATION('',(#11,#15392),#15396);
#15392 = AXIS2_PLACEMENT_3D('',#15393,#15394,#15395);
#15393 = CARTESIAN_POINT('',(0.,0.,0.));
#15394 = DIRECTION('',(0.,0.,1.));
#15395 = DIRECTION('',(1.,0.,-0.));
#15396 = ( GEOMETRIC_REPRESENTATION_CONTEXT(3) 
GLOBAL_UNCERTAINTY_ASSIGNED_CONTEXT((#15400)) 
GLOBAL_UNIT_ASSIGNED_CONTEXT((#15397,#15398,#15399)) 
REPRESENTATION_CONTEXT('Context #1',
  '3D Context with UNIT and UNCERTAINTY') );
#15397 = ( LENGTH_UNIT() NAMED_UNIT(*) SI_UNIT(.MILLI.,.METRE.) );
#15398 = ( NAMED_UNIT(*) PLANE_ANGLE_UNIT() SI_UNIT($,.RADIAN.) );
#15399 = ( NAMED_UNIT(*) SI_UNIT($,.STERADIAN.) SOLID_ANGLE_UNIT() );
#15400 = UNCERTAINTY_MEASURE_WITH_UNIT(LENGTH_MEASURE(1.E-07),#15397,
  'distance_accuracy_value','confusion accuracy');
#15401 = CONTEXT_DEPENDENT_SHAPE_REPRESENTATION(#15402,#15404);
#15402 = ( REPRESENTATION_RELATIONSHIP('','',#15391,#10) 
REPRESENTATION_RELATIONSHIP_WITH_TRANSFORMATION(#15403) 
SHAPE_REPRESENTATION_RELATIONSHIP() );
#15403 = ITEM_DEFINED_TRANSFORMATION('','',#11,#187);
#15404 = PRODUCT_DEFINITION_SHAPE('Placement','Placement of an item',
  #15405);
#15405 = NEXT_ASSEMBLY_USAGE_OCCURRENCE('50','LED_12','',#5,#15386,$);
#15406 = PRODUCT_RELATED_PRODUCT_CATEGORY('part',$,(#15388));
#15407 = SHAPE_DEFINITION_REPRESENTATION(#15408,#15414);
#15408 = PRODUCT_DEFINITION_SHAPE('','',#15409);
#15409 = PRODUCT_DEFINITION('design','',#15410,#15413);
#15410 = PRODUCT_DEFINITION_FORMATION('','',#15411);
#15411 = PRODUCT('LED_0603_1608Metric','LED_0603_1608Metric','',(#15412)
  );
#15412 = PRODUCT_CONTEXT('',#2,'mechanical');
#15413 = PRODUCT_DEFINITION_CONTEXT('part definition',#2,'design');
#15414 = ADVANCED_BREP_SHAPE_REPRESENTATION('',(#11,#15415),#16938);
#15415 = MANIFOLD_SOLID_BREP('',#15416);
#15416 = CLOSED_SHELL('',(#15417,#15457,#15504,#15583,#15607,#15647,
    #15678,#15695,#15728,#15752,#15819,#15940,#16007,#16031,#16062,
    #16095,#16151,#16175,#16199,#16223,#16256,#16268,#16331,#16356,
    #16373,#16397,#16415,#16433,#16451,#16468,#16485,#16516,#16541,
    #16566,#16590,#16607,#16638,#16662,#16679,#16707,#16732,#16756,
    #16781,#16828,#16845,#16857,#16879,#16891,#16909,#16927));
#15417 = ADVANCED_FACE('',(#15418),#15452,.F.);
#15418 = FACE_BOUND('',#15419,.F.);
#15419 = EDGE_LOOP('',(#15420,#15430,#15438,#15446));
#15420 = ORIENTED_EDGE('',*,*,#15421,.T.);
#15421 = EDGE_CURVE('',#15422,#15424,#15426,.T.);
#15422 = VERTEX_POINT('',#15423);
#15423 = CARTESIAN_POINT('',(-0.5,-0.4,0.47));
#15424 = VERTEX_POINT('',#15425);
#15425 = CARTESIAN_POINT('',(-0.45,-0.4,1.1));
#15426 = LINE('',#15427,#15428);
#15427 = CARTESIAN_POINT('',(-0.5,-0.4,0.47));
#15428 = VECTOR('',#15429,1.);
#15429 = DIRECTION('',(7.911630099815E-02,0.,0.996865392576));
#15430 = ORIENTED_EDGE('',*,*,#15431,.T.);
#15431 = EDGE_CURVE('',#15424,#15432,#15434,.T.);
#15432 = VERTEX_POINT('',#15433);
#15433 = CARTESIAN_POINT('',(0.45,-0.4,1.1));
#15434 = LINE('',#15435,#15436);
#15435 = CARTESIAN_POINT('',(-0.45,-0.4,1.1));
#15436 = VECTOR('',#15437,1.);
#15437 = DIRECTION('',(1.,0.,0.));
#15438 = ORIENTED_EDGE('',*,*,#15439,.T.);
#15439 = EDGE_CURVE('',#15432,#15440,#15442,.T.);
#15440 = VERTEX_POINT('',#15441);
#15441 = CARTESIAN_POINT('',(0.5,-0.4,0.47));
#15442 = LINE('',#15443,#15444);
#15443 = CARTESIAN_POINT('',(0.45,-0.4,1.1));
#15444 = VECTOR('',#15445,1.);
#15445 = DIRECTION('',(7.911630099815E-02,0.,-0.996865392576));
#15446 = ORIENTED_EDGE('',*,*,#15447,.T.);
#15447 = EDGE_CURVE('',#15440,#15422,#15448,.T.);
#15448 = LINE('',#15449,#15450);
#15449 = CARTESIAN_POINT('',(0.5,-0.4,0.47));
#15450 = VECTOR('',#15451,1.);
#15451 = DIRECTION('',(-1.,0.,0.));
#15452 = PLANE('',#15453);
#15453 = AXIS2_PLACEMENT_3D('',#15454,#15455,#15456);
#15454 = CARTESIAN_POINT('',(-8.772411109409E-18,-0.4,0.775044128294));
#15455 = DIRECTION('',(0.,1.,0.));
#15456 = DIRECTION('',(0.,-0.,1.));
#15457 = ADVANCED_FACE('',(#15458),#15499,.T.);
#15458 = FACE_BOUND('',#15459,.T.);
#15459 = EDGE_LOOP('',(#15460,#15470,#15478,#15484,#15485,#15493));
#15460 = ORIENTED_EDGE('',*,*,#15461,.T.);
#15461 = EDGE_CURVE('',#15462,#15464,#15466,.T.);
#15462 = VERTEX_POINT('',#15463);
#15463 = CARTESIAN_POINT('',(-0.5,0.4,0.47));
#15464 = VERTEX_POINT('',#15465);
#15465 = CARTESIAN_POINT('',(-0.5,0.3,0.47));
#15466 = LINE('',#15467,#15468);
#15467 = CARTESIAN_POINT('',(-0.5,0.4,0.47));
#15468 = VECTOR('',#15469,1.);
#15469 = DIRECTION('',(0.,-1.,0.));
#15470 = ORIENTED_EDGE('',*,*,#15471,.F.);
#15471 = EDGE_CURVE('',#15472,#15464,#15474,.T.);
#15472 = VERTEX_POINT('',#15473);
#15473 = CARTESIAN_POINT('',(-0.5,-0.3,0.47));
#15474 = LINE('',#15475,#15476);
#15475 = CARTESIAN_POINT('',(-0.5,-0.4,0.47));
#15476 = VECTOR('',#15477,1.);
#15477 = DIRECTION('',(0.,1.,0.));
#15478 = ORIENTED_EDGE('',*,*,#15479,.T.);
#15479 = EDGE_CURVE('',#15472,#15422,#15480,.T.);
#15480 = LINE('',#15481,#15482);
#15481 = CARTESIAN_POINT('',(-0.5,0.4,0.47));
#15482 = VECTOR('',#15483,1.);
#15483 = DIRECTION('',(0.,-1.,0.));
#15484 = ORIENTED_EDGE('',*,*,#15421,.T.);
#15485 = ORIENTED_EDGE('',*,*,#15486,.F.);
#15486 = EDGE_CURVE('',#15487,#15424,#15489,.T.);
#15487 = VERTEX_POINT('',#15488);
#15488 = CARTESIAN_POINT('',(-0.45,0.4,1.1));
#15489 = LINE('',#15490,#15491);
#15490 = CARTESIAN_POINT('',(-0.45,0.4,1.1));
#15491 = VECTOR('',#15492,1.);
#15492 = DIRECTION('',(0.,-1.,0.));
#15493 = ORIENTED_EDGE('',*,*,#15494,.F.);
#15494 = EDGE_CURVE('',#15462,#15487,#15495,.T.);
#15495 = LINE('',#15496,#15497);
#15496 = CARTESIAN_POINT('',(-0.5,0.4,0.47));
#15497 = VECTOR('',#15498,1.);
#15498 = DIRECTION('',(7.911630099815E-02,0.,0.996865392576));
#15499 = PLANE('',#15500);
#15500 = AXIS2_PLACEMENT_3D('',#15501,#15502,#15503);
#15501 = CARTESIAN_POINT('',(-0.5,0.4,0.47));
#15502 = DIRECTION('',(-0.996865392576,0.,7.911630099815E-02));
#15503 = DIRECTION('',(7.911630099815E-02,0.,0.996865392576));
#15504 = ADVANCED_FACE('',(#15505),#15578,.F.);
#15505 = FACE_BOUND('',#15506,.F.);
#15506 = EDGE_LOOP('',(#15507,#15517,#15525,#15533,#15539,#15540,#15548,
    #15556,#15564,#15572));
#15507 = ORIENTED_EDGE('',*,*,#15508,.F.);
#15508 = EDGE_CURVE('',#15509,#15511,#15513,.T.);
#15509 = VERTEX_POINT('',#15510);
#15510 = CARTESIAN_POINT('',(-0.77,-0.4,3.E-02));
#15511 = VERTEX_POINT('',#15512);
#15512 = CARTESIAN_POINT('',(-0.725,-0.4,3.E-02));
#15513 = LINE('',#15514,#15515);
#15514 = CARTESIAN_POINT('',(-0.77,-0.4,3.E-02));
#15515 = VECTOR('',#15516,1.);
#15516 = DIRECTION('',(1.,0.,0.));
#15517 = ORIENTED_EDGE('',*,*,#15518,.T.);
#15518 = EDGE_CURVE('',#15509,#15519,#15521,.T.);
#15519 = VERTEX_POINT('',#15520);
#15520 = CARTESIAN_POINT('',(-0.77,-0.4,0.47));
#15521 = LINE('',#15522,#15523);
#15522 = CARTESIAN_POINT('',(-0.77,-0.4,3.E-02));
#15523 = VECTOR('',#15524,1.);
#15524 = DIRECTION('',(0.,0.,1.));
#15525 = ORIENTED_EDGE('',*,*,#15526,.T.);
#15526 = EDGE_CURVE('',#15519,#15527,#15529,.T.);
#15527 = VERTEX_POINT('',#15528);
#15528 = CARTESIAN_POINT('',(-0.725,-0.4,0.47));
#15529 = LINE('',#15530,#15531);
#15530 = CARTESIAN_POINT('',(-0.77,-0.4,0.47));
#15531 = VECTOR('',#15532,1.);
#15532 = DIRECTION('',(1.,0.,0.));
#15533 = ORIENTED_EDGE('',*,*,#15534,.T.);
#15534 = EDGE_CURVE('',#15527,#15422,#15535,.T.);
#15535 = LINE('',#15536,#15537);
#15536 = CARTESIAN_POINT('',(-0.77,-0.4,0.47));
#15537 = VECTOR('',#15538,1.);
#15538 = DIRECTION('',(1.,0.,0.));
#15539 = ORIENTED_EDGE('',*,*,#15447,.F.);
#15540 = ORIENTED_EDGE('',*,*,#15541,.T.);
#15541 = EDGE_CURVE('',#15440,#15542,#15544,.T.);
#15542 = VERTEX_POINT('',#15543);
#15543 = CARTESIAN_POINT('',(0.725,-0.4,0.47));
#15544 = LINE('',#15545,#15546);
#15545 = CARTESIAN_POINT('',(-0.77,-0.4,0.47));
#15546 = VECTOR('',#15547,1.);
#15547 = DIRECTION('',(1.,0.,0.));
#15548 = ORIENTED_EDGE('',*,*,#15549,.T.);
#15549 = EDGE_CURVE('',#15542,#15550,#15552,.T.);
#15550 = VERTEX_POINT('',#15551);
#15551 = CARTESIAN_POINT('',(0.77,-0.4,0.47));
#15552 = LINE('',#15553,#15554);
#15553 = CARTESIAN_POINT('',(-0.77,-0.4,0.47));
#15554 = VECTOR('',#15555,1.);
#15555 = DIRECTION('',(1.,0.,0.));
#15556 = ORIENTED_EDGE('',*,*,#15557,.F.);
#15557 = EDGE_CURVE('',#15558,#15550,#15560,.T.);
#15558 = VERTEX_POINT('',#15559);
#15559 = CARTESIAN_POINT('',(0.77,-0.4,3.E-02));
#15560 = LINE('',#15561,#15562);
#15561 = CARTESIAN_POINT('',(0.77,-0.4,3.E-02));
#15562 = VECTOR('',#15563,1.);
#15563 = DIRECTION('',(0.,0.,1.));
#15564 = ORIENTED_EDGE('',*,*,#15565,.F.);
#15565 = EDGE_CURVE('',#15566,#15558,#15568,.T.);
#15566 = VERTEX_POINT('',#15567);
#15567 = CARTESIAN_POINT('',(0.725,-0.4,3.E-02));
#15568 = LINE('',#15569,#15570);
#15569 = CARTESIAN_POINT('',(-0.77,-0.4,3.E-02));
#15570 = VECTOR('',#15571,1.);
#15571 = DIRECTION('',(1.,0.,0.));
#15572 = ORIENTED_EDGE('',*,*,#15573,.F.);
#15573 = EDGE_CURVE('',#15511,#15566,#15574,.T.);
#15574 = LINE('',#15575,#15576);
#15575 = CARTESIAN_POINT('',(-0.77,-0.4,3.E-02));
#15576 = VECTOR('',#15577,1.);
#15577 = DIRECTION('',(1.,0.,0.));
#15578 = PLANE('',#15579);
#15579 = AXIS2_PLACEMENT_3D('',#15580,#15581,#15582);
#15580 = CARTESIAN_POINT('',(-0.77,-0.4,3.E-02));
#15581 = DIRECTION('',(0.,1.,0.));
#15582 = DIRECTION('',(0.,-0.,1.));
#15583 = ADVANCED_FACE('',(#15584),#15602,.T.);
#15584 = FACE_BOUND('',#15585,.T.);
#15585 = EDGE_LOOP('',(#15586,#15587,#15588,#15596));
#15586 = ORIENTED_EDGE('',*,*,#15486,.T.);
#15587 = ORIENTED_EDGE('',*,*,#15431,.T.);
#15588 = ORIENTED_EDGE('',*,*,#15589,.F.);
#15589 = EDGE_CURVE('',#15590,#15432,#15592,.T.);
#15590 = VERTEX_POINT('',#15591);
#15591 = CARTESIAN_POINT('',(0.45,0.4,1.1));
#15592 = LINE('',#15593,#15594);
#15593 = CARTESIAN_POINT('',(0.45,0.4,1.1));
#15594 = VECTOR('',#15595,1.);
#15595 = DIRECTION('',(0.,-1.,0.));
#15596 = ORIENTED_EDGE('',*,*,#15597,.F.);
#15597 = EDGE_CURVE('',#15487,#15590,#15598,.T.);
#15598 = LINE('',#15599,#15600);
#15599 = CARTESIAN_POINT('',(-0.45,0.4,1.1));
#15600 = VECTOR('',#15601,1.);
#15601 = DIRECTION('',(1.,0.,0.));
#15602 = PLANE('',#15603);
#15603 = AXIS2_PLACEMENT_3D('',#15604,#15605,#15606);
#15604 = CARTESIAN_POINT('',(-0.45,0.4,1.1));
#15605 = DIRECTION('',(0.,0.,1.));
#15606 = DIRECTION('',(1.,0.,-0.));
#15607 = ADVANCED_FACE('',(#15608),#15642,.T.);
#15608 = FACE_BOUND('',#15609,.T.);
#15609 = EDGE_LOOP('',(#15610,#15611,#15612,#15620,#15628,#15636));
#15610 = ORIENTED_EDGE('',*,*,#15589,.T.);
#15611 = ORIENTED_EDGE('',*,*,#15439,.T.);
#15612 = ORIENTED_EDGE('',*,*,#15613,.F.);
#15613 = EDGE_CURVE('',#15614,#15440,#15616,.T.);
#15614 = VERTEX_POINT('',#15615);
#15615 = CARTESIAN_POINT('',(0.5,-0.3,0.47));
#15616 = LINE('',#15617,#15618);
#15617 = CARTESIAN_POINT('',(0.5,0.4,0.47));
#15618 = VECTOR('',#15619,1.);
#15619 = DIRECTION('',(0.,-1.,0.));
#15620 = ORIENTED_EDGE('',*,*,#15621,.T.);
#15621 = EDGE_CURVE('',#15614,#15622,#15624,.T.);
#15622 = VERTEX_POINT('',#15623);
#15623 = CARTESIAN_POINT('',(0.5,0.3,0.47));
#15624 = LINE('',#15625,#15626);
#15625 = CARTESIAN_POINT('',(0.5,-0.4,0.47));
#15626 = VECTOR('',#15627,1.);
#15627 = DIRECTION('',(0.,1.,0.));
#15628 = ORIENTED_EDGE('',*,*,#15629,.F.);
#15629 = EDGE_CURVE('',#15630,#15622,#15632,.T.);
#15630 = VERTEX_POINT('',#15631);
#15631 = CARTESIAN_POINT('',(0.5,0.4,0.47));
#15632 = LINE('',#15633,#15634);
#15633 = CARTESIAN_POINT('',(0.5,0.4,0.47));
#15634 = VECTOR('',#15635,1.);
#15635 = DIRECTION('',(0.,-1.,0.));
#15636 = ORIENTED_EDGE('',*,*,#15637,.F.);
#15637 = EDGE_CURVE('',#15590,#15630,#15638,.T.);
#15638 = LINE('',#15639,#15640);
#15639 = CARTESIAN_POINT('',(0.45,0.4,1.1));
#15640 = VECTOR('',#15641,1.);
#15641 = DIRECTION('',(7.911630099815E-02,0.,-0.996865392576));
#15642 = PLANE('',#15643);
#15643 = AXIS2_PLACEMENT_3D('',#15644,#15645,#15646);
#15644 = CARTESIAN_POINT('',(0.45,0.4,1.1));
#15645 = DIRECTION('',(0.996865392576,0.,7.911630099815E-02));
#15646 = DIRECTION('',(7.911630099815E-02,0.,-0.996865392576));
#15647 = ADVANCED_FACE('',(#15648),#15673,.T.);
#15648 = FACE_BOUND('',#15649,.T.);
#15649 = EDGE_LOOP('',(#15650,#15658,#15666,#15672));
#15650 = ORIENTED_EDGE('',*,*,#15651,.F.);
#15651 = EDGE_CURVE('',#15652,#15462,#15654,.T.);
#15652 = VERTEX_POINT('',#15653);
#15653 = CARTESIAN_POINT('',(-0.725,0.4,0.47));
#15654 = LINE('',#15655,#15656);
#15655 = CARTESIAN_POINT('',(-0.77,0.4,0.47));
#15656 = VECTOR('',#15657,1.);
#15657 = DIRECTION('',(1.,0.,0.));
#15658 = ORIENTED_EDGE('',*,*,#15659,.F.);
#15659 = EDGE_CURVE('',#15660,#15652,#15662,.T.);
#15660 = VERTEX_POINT('',#15661);
#15661 = CARTESIAN_POINT('',(-0.725,0.3,0.47));
#15662 = LINE('',#15663,#15664);
#15663 = CARTESIAN_POINT('',(-0.725,5.E-02,0.47));
#15664 = VECTOR('',#15665,1.);
#15665 = DIRECTION('',(0.,1.,0.));
#15666 = ORIENTED_EDGE('',*,*,#15667,.F.);
#15667 = EDGE_CURVE('',#15464,#15660,#15668,.T.);
#15668 = LINE('',#15669,#15670);
#15669 = CARTESIAN_POINT('',(-0.7475,0.3,0.47));
#15670 = VECTOR('',#15671,1.);
#15671 = DIRECTION('',(-1.,0.,0.));
#15672 = ORIENTED_EDGE('',*,*,#15461,.F.);
#15673 = PLANE('',#15674);
#15674 = AXIS2_PLACEMENT_3D('',#15675,#15676,#15677);
#15675 = CARTESIAN_POINT('',(-0.77,-0.4,0.47));
#15676 = DIRECTION('',(0.,0.,1.));
#15677 = DIRECTION('',(1.,0.,-0.));
#15678 = ADVANCED_FACE('',(#15679),#15690,.T.);
#15679 = FACE_BOUND('',#15680,.T.);
#15680 = EDGE_LOOP('',(#15681,#15682,#15683,#15684));
#15681 = ORIENTED_EDGE('',*,*,#15494,.T.);
#15682 = ORIENTED_EDGE('',*,*,#15597,.T.);
#15683 = ORIENTED_EDGE('',*,*,#15637,.T.);
#15684 = ORIENTED_EDGE('',*,*,#15685,.T.);
#15685 = EDGE_CURVE('',#15630,#15462,#15686,.T.);
#15686 = LINE('',#15687,#15688);
#15687 = CARTESIAN_POINT('',(0.5,0.4,0.47));
#15688 = VECTOR('',#15689,1.);
#15689 = DIRECTION('',(-1.,0.,0.));
#15690 = PLANE('',#15691);
#15691 = AXIS2_PLACEMENT_3D('',#15692,#15693,#15694);
#15692 = CARTESIAN_POINT('',(-8.772411109409E-18,0.4,0.775044128294));
#15693 = DIRECTION('',(0.,1.,0.));
#15694 = DIRECTION('',(0.,-0.,1.));
#15695 = ADVANCED_FACE('',(#15696),#15723,.T.);
#15696 = FACE_BOUND('',#15697,.T.);
#15697 = EDGE_LOOP('',(#15698,#15707,#15715,#15722));
#15698 = ORIENTED_EDGE('',*,*,#15699,.F.);
#15699 = EDGE_CURVE('',#15700,#15464,#15702,.T.);
#15700 = VERTEX_POINT('',#15701);
#15701 = CARTESIAN_POINT('',(-0.53,0.3,0.5));
#15702 = CIRCLE('',#15703,3.E-02);
#15703 = AXIS2_PLACEMENT_3D('',#15704,#15705,#15706);
#15704 = CARTESIAN_POINT('',(-0.53,0.3,0.47));
#15705 = DIRECTION('',(-0.,1.,0.));
#15706 = DIRECTION('',(1.,0.,0.));
#15707 = ORIENTED_EDGE('',*,*,#15708,.F.);
#15708 = EDGE_CURVE('',#15709,#15700,#15711,.T.);
#15709 = VERTEX_POINT('',#15710);
#15710 = CARTESIAN_POINT('',(-0.53,-0.3,0.5));
#15711 = LINE('',#15712,#15713);
#15712 = CARTESIAN_POINT('',(-0.53,-0.4,0.5));
#15713 = VECTOR('',#15714,1.);
#15714 = DIRECTION('',(0.,1.,0.));
#15715 = ORIENTED_EDGE('',*,*,#15716,.T.);
#15716 = EDGE_CURVE('',#15709,#15472,#15717,.T.);
#15717 = CIRCLE('',#15718,3.E-02);
#15718 = AXIS2_PLACEMENT_3D('',#15719,#15720,#15721);
#15719 = CARTESIAN_POINT('',(-0.53,-0.3,0.47));
#15720 = DIRECTION('',(-0.,1.,0.));
#15721 = DIRECTION('',(1.,0.,0.));
#15722 = ORIENTED_EDGE('',*,*,#15471,.T.);
#15723 = CYLINDRICAL_SURFACE('',#15724,3.E-02);
#15724 = AXIS2_PLACEMENT_3D('',#15725,#15726,#15727);
#15725 = CARTESIAN_POINT('',(-0.53,-0.4,0.47));
#15726 = DIRECTION('',(0.,1.,0.));
#15727 = DIRECTION('',(1.,0.,0.));
#15728 = ADVANCED_FACE('',(#15729),#15747,.T.);
#15729 = FACE_BOUND('',#15730,.T.);
#15730 = EDGE_LOOP('',(#15731,#15739,#15740,#15741));
#15731 = ORIENTED_EDGE('',*,*,#15732,.F.);
#15732 = EDGE_CURVE('',#15527,#15733,#15735,.T.);
#15733 = VERTEX_POINT('',#15734);
#15734 = CARTESIAN_POINT('',(-0.725,-0.3,0.47));
#15735 = LINE('',#15736,#15737);
#15736 = CARTESIAN_POINT('',(-0.725,-0.35,0.47));
#15737 = VECTOR('',#15738,1.);
#15738 = DIRECTION('',(0.,1.,0.));
#15739 = ORIENTED_EDGE('',*,*,#15534,.T.);
#15740 = ORIENTED_EDGE('',*,*,#15479,.F.);
#15741 = ORIENTED_EDGE('',*,*,#15742,.F.);
#15742 = EDGE_CURVE('',#15733,#15472,#15743,.T.);
#15743 = LINE('',#15744,#15745);
#15744 = CARTESIAN_POINT('',(-2.25E-02,-0.3,0.47));
#15745 = VECTOR('',#15746,1.);
#15746 = DIRECTION('',(1.,0.,0.));
#15747 = PLANE('',#15748);
#15748 = AXIS2_PLACEMENT_3D('',#15749,#15750,#15751);
#15749 = CARTESIAN_POINT('',(-0.77,-0.4,0.47));
#15750 = DIRECTION('',(0.,0.,1.));
#15751 = DIRECTION('',(1.,0.,-0.));
#15752 = ADVANCED_FACE('',(#15753),#15814,.F.);
#15753 = FACE_BOUND('',#15754,.F.);
#15754 = EDGE_LOOP('',(#15755,#15765,#15774,#15782,#15791,#15799,#15805,
    #15806,#15807,#15808));
#15755 = ORIENTED_EDGE('',*,*,#15756,.F.);
#15756 = EDGE_CURVE('',#15757,#15759,#15761,.T.);
#15757 = VERTEX_POINT('',#15758);
#15758 = CARTESIAN_POINT('',(-0.77,-0.4,-3.469446951954E-18));
#15759 = VERTEX_POINT('',#15760);
#15760 = CARTESIAN_POINT('',(-0.725,-0.4,0.));
#15761 = LINE('',#15762,#15763);
#15762 = CARTESIAN_POINT('',(-0.8,-0.4,0.));
#15763 = VECTOR('',#15764,1.);
#15764 = DIRECTION('',(1.,0.,0.));
#15765 = ORIENTED_EDGE('',*,*,#15766,.F.);
#15766 = EDGE_CURVE('',#15767,#15757,#15769,.T.);
#15767 = VERTEX_POINT('',#15768);
#15768 = CARTESIAN_POINT('',(-0.8,-0.4,3.E-02));
#15769 = CIRCLE('',#15770,3.E-02);
#15770 = AXIS2_PLACEMENT_3D('',#15771,#15772,#15773);
#15771 = CARTESIAN_POINT('',(-0.77,-0.4,3.E-02));
#15772 = DIRECTION('',(0.,-1.,0.));
#15773 = DIRECTION('',(0.,0.,1.));
#15774 = ORIENTED_EDGE('',*,*,#15775,.T.);
#15775 = EDGE_CURVE('',#15767,#15776,#15778,.T.);
#15776 = VERTEX_POINT('',#15777);
#15777 = CARTESIAN_POINT('',(-0.8,-0.4,0.47));
#15778 = LINE('',#15779,#15780);
#15779 = CARTESIAN_POINT('',(-0.8,-0.4,0.));
#15780 = VECTOR('',#15781,1.);
#15781 = DIRECTION('',(0.,0.,1.));
#15782 = ORIENTED_EDGE('',*,*,#15783,.T.);
#15783 = EDGE_CURVE('',#15776,#15784,#15786,.T.);
#15784 = VERTEX_POINT('',#15785);
#15785 = CARTESIAN_POINT('',(-0.77,-0.4,0.5));
#15786 = CIRCLE('',#15787,3.E-02);
#15787 = AXIS2_PLACEMENT_3D('',#15788,#15789,#15790);
#15788 = CARTESIAN_POINT('',(-0.77,-0.4,0.47));
#15789 = DIRECTION('',(0.,1.,0.));
#15790 = DIRECTION('',(0.,-0.,1.));
#15791 = ORIENTED_EDGE('',*,*,#15792,.T.);
#15792 = EDGE_CURVE('',#15784,#15793,#15795,.T.);
#15793 = VERTEX_POINT('',#15794);
#15794 = CARTESIAN_POINT('',(-0.725,-0.4,0.5));
#15795 = LINE('',#15796,#15797);
#15796 = CARTESIAN_POINT('',(-0.8,-0.4,0.5));
#15797 = VECTOR('',#15798,1.);
#15798 = DIRECTION('',(1.,0.,0.));
#15799 = ORIENTED_EDGE('',*,*,#15800,.F.);
#15800 = EDGE_CURVE('',#15527,#15793,#15801,.T.);
#15801 = LINE('',#15802,#15803);
#15802 = CARTESIAN_POINT('',(-0.725,-0.4,0.375));
#15803 = VECTOR('',#15804,1.);
#15804 = DIRECTION('',(0.,0.,1.));
#15805 = ORIENTED_EDGE('',*,*,#15526,.F.);
#15806 = ORIENTED_EDGE('',*,*,#15518,.F.);
#15807 = ORIENTED_EDGE('',*,*,#15508,.T.);
#15808 = ORIENTED_EDGE('',*,*,#15809,.F.);
#15809 = EDGE_CURVE('',#15759,#15511,#15810,.T.);
#15810 = LINE('',#15811,#15812);
#15811 = CARTESIAN_POINT('',(-0.725,-0.4,0.375));
#15812 = VECTOR('',#15813,1.);
#15813 = DIRECTION('',(0.,0.,1.));
#15814 = PLANE('',#15815);
#15815 = AXIS2_PLACEMENT_3D('',#15816,#15817,#15818);
#15816 = CARTESIAN_POINT('',(-0.8,-0.4,0.));
#15817 = DIRECTION('',(0.,1.,0.));
#15818 = DIRECTION('',(0.,-0.,1.));
#15819 = ADVANCED_FACE('',(#15820,#15909),#15935,.F.);
#15820 = FACE_BOUND('',#15821,.F.);
#15821 = EDGE_LOOP('',(#15822,#15830,#15831,#15839,#15847,#15855,#15863,
    #15871,#15879,#15887,#15895,#15903));
#15822 = ORIENTED_EDGE('',*,*,#15823,.F.);
#15823 = EDGE_CURVE('',#15511,#15824,#15826,.T.);
#15824 = VERTEX_POINT('',#15825);
#15825 = CARTESIAN_POINT('',(-0.725,-0.3,3.E-02));
#15826 = LINE('',#15827,#15828);
#15827 = CARTESIAN_POINT('',(-0.725,-0.35,3.E-02));
#15828 = VECTOR('',#15829,1.);
#15829 = DIRECTION('',(0.,1.,0.));
#15830 = ORIENTED_EDGE('',*,*,#15573,.T.);
#15831 = ORIENTED_EDGE('',*,*,#15832,.F.);
#15832 = EDGE_CURVE('',#15833,#15566,#15835,.T.);
#15833 = VERTEX_POINT('',#15834);
#15834 = CARTESIAN_POINT('',(0.725,-0.3,3.E-02));
#15835 = LINE('',#15836,#15837);
#15836 = CARTESIAN_POINT('',(0.725,-0.45,3.E-02));
#15837 = VECTOR('',#15838,1.);
#15838 = DIRECTION('',(0.,-1.,0.));
#15839 = ORIENTED_EDGE('',*,*,#15840,.F.);
#15840 = EDGE_CURVE('',#15841,#15833,#15843,.T.);
#15841 = VERTEX_POINT('',#15842);
#15842 = CARTESIAN_POINT('',(0.5,-0.3,3.E-02));
#15843 = LINE('',#15844,#15845);
#15844 = CARTESIAN_POINT('',(-2.25E-02,-0.3,3.E-02));
#15845 = VECTOR('',#15846,1.);
#15846 = DIRECTION('',(1.,0.,0.));
#15847 = ORIENTED_EDGE('',*,*,#15848,.T.);
#15848 = EDGE_CURVE('',#15841,#15849,#15851,.T.);
#15849 = VERTEX_POINT('',#15850);
#15850 = CARTESIAN_POINT('',(0.5,0.3,3.E-02));
#15851 = LINE('',#15852,#15853);
#15852 = CARTESIAN_POINT('',(0.5,-0.4,3.E-02));
#15853 = VECTOR('',#15854,1.);
#15854 = DIRECTION('',(0.,1.,0.));
#15855 = ORIENTED_EDGE('',*,*,#15856,.F.);
#15856 = EDGE_CURVE('',#15857,#15849,#15859,.T.);
#15857 = VERTEX_POINT('',#15858);
#15858 = CARTESIAN_POINT('',(0.725,0.3,3.E-02));
#15859 = LINE('',#15860,#15861);
#15860 = CARTESIAN_POINT('',(-0.7475,0.3,3.E-02));
#15861 = VECTOR('',#15862,1.);
#15862 = DIRECTION('',(-1.,0.,0.));
#15863 = ORIENTED_EDGE('',*,*,#15864,.F.);
#15864 = EDGE_CURVE('',#15865,#15857,#15867,.T.);
#15865 = VERTEX_POINT('',#15866);
#15866 = CARTESIAN_POINT('',(0.725,0.4,3.E-02));
#15867 = LINE('',#15868,#15869);
#15868 = CARTESIAN_POINT('',(0.725,-5.E-02,3.E-02));
#15869 = VECTOR('',#15870,1.);
#15870 = DIRECTION('',(0.,-1.,0.));
#15871 = ORIENTED_EDGE('',*,*,#15872,.F.);
#15872 = EDGE_CURVE('',#15873,#15865,#15875,.T.);
#15873 = VERTEX_POINT('',#15874);
#15874 = CARTESIAN_POINT('',(-0.725,0.4,3.E-02));
#15875 = LINE('',#15876,#15877);
#15876 = CARTESIAN_POINT('',(-0.77,0.4,3.E-02));
#15877 = VECTOR('',#15878,1.);
#15878 = DIRECTION('',(1.,0.,0.));
#15879 = ORIENTED_EDGE('',*,*,#15880,.F.);
#15880 = EDGE_CURVE('',#15881,#15873,#15883,.T.);
#15881 = VERTEX_POINT('',#15882);
#15882 = CARTESIAN_POINT('',(-0.725,0.3,3.E-02));
#15883 = LINE('',#15884,#15885);
#15884 = CARTESIAN_POINT('',(-0.725,5.E-02,3.E-02));
#15885 = VECTOR('',#15886,1.);
#15886 = DIRECTION('',(0.,1.,0.));
#15887 = ORIENTED_EDGE('',*,*,#15888,.F.);
#15888 = EDGE_CURVE('',#15889,#15881,#15891,.T.);
#15889 = VERTEX_POINT('',#15890);
#15890 = CARTESIAN_POINT('',(-0.5,0.3,3.E-02));
#15891 = LINE('',#15892,#15893);
#15892 = CARTESIAN_POINT('',(-0.7475,0.3,3.E-02));
#15893 = VECTOR('',#15894,1.);
#15894 = DIRECTION('',(-1.,0.,0.));
#15895 = ORIENTED_EDGE('',*,*,#15896,.F.);
#15896 = EDGE_CURVE('',#15897,#15889,#15899,.T.);
#15897 = VERTEX_POINT('',#15898);
#15898 = CARTESIAN_POINT('',(-0.5,-0.3,3.E-02));
#15899 = LINE('',#15900,#15901);
#15900 = CARTESIAN_POINT('',(-0.5,-0.4,3.E-02));
#15901 = VECTOR('',#15902,1.);
#15902 = DIRECTION('',(0.,1.,0.));
#15903 = ORIENTED_EDGE('',*,*,#15904,.F.);
#15904 = EDGE_CURVE('',#15824,#15897,#15905,.T.);
#15905 = LINE('',#15906,#15907);
#15906 = CARTESIAN_POINT('',(-2.25E-02,-0.3,3.E-02));
#15907 = VECTOR('',#15908,1.);
#15908 = DIRECTION('',(1.,0.,0.));
#15909 = FACE_BOUND('',#15910,.F.);
#15910 = EDGE_LOOP('',(#15911,#15921,#15929));
#15911 = ORIENTED_EDGE('',*,*,#15912,.T.);
#15912 = EDGE_CURVE('',#15913,#15915,#15917,.T.);
#15913 = VERTEX_POINT('',#15914);
#15914 = CARTESIAN_POINT('',(0.277128129211,0.32,3.E-02));
#15915 = VERTEX_POINT('',#15916);
#15916 = CARTESIAN_POINT('',(0.277128129211,-0.32,3.E-02));
#15917 = LINE('',#15918,#15919);
#15918 = CARTESIAN_POINT('',(0.277128129211,0.32,3.E-02));
#15919 = VECTOR('',#15920,1.);
#15920 = DIRECTION('',(0.,-1.,0.));
#15921 = ORIENTED_EDGE('',*,*,#15922,.T.);
#15922 = EDGE_CURVE('',#15915,#15923,#15925,.T.);
#15923 = VERTEX_POINT('',#15924);
#15924 = CARTESIAN_POINT('',(-0.277128129211,0.,3.E-02));
#15925 = LINE('',#15926,#15927);
#15926 = CARTESIAN_POINT('',(0.277128129211,-0.32,3.E-02));
#15927 = VECTOR('',#15928,1.);
#15928 = DIRECTION('',(-0.866025403784,0.5,0.));
#15929 = ORIENTED_EDGE('',*,*,#15930,.T.);
#15930 = EDGE_CURVE('',#15923,#15913,#15931,.T.);
#15931 = LINE('',#15932,#15933);
#15932 = CARTESIAN_POINT('',(-0.277128129211,0.,3.E-02));
#15933 = VECTOR('',#15934,1.);
#15934 = DIRECTION('',(0.866025403784,0.5,0.));
#15935 = PLANE('',#15936);
#15936 = AXIS2_PLACEMENT_3D('',#15937,#15938,#15939);
#15937 = CARTESIAN_POINT('',(-0.77,-0.4,3.E-02));
#15938 = DIRECTION('',(0.,0.,1.));
#15939 = DIRECTION('',(1.,0.,-0.));
#15940 = ADVANCED_FACE('',(#15941),#16002,.F.);
#15941 = FACE_BOUND('',#15942,.F.);
#15942 = EDGE_LOOP('',(#15943,#15953,#15959,#15960,#15961,#15962,#15970,
    #15978,#15987,#15995));
#15943 = ORIENTED_EDGE('',*,*,#15944,.F.);
#15944 = EDGE_CURVE('',#15945,#15947,#15949,.T.);
#15945 = VERTEX_POINT('',#15946);
#15946 = CARTESIAN_POINT('',(0.725,-0.4,0.));
#15947 = VERTEX_POINT('',#15948);
#15948 = CARTESIAN_POINT('',(0.77,-0.4,-3.469446951954E-18));
#15949 = LINE('',#15950,#15951);
#15950 = CARTESIAN_POINT('',(0.5,-0.4,0.));
#15951 = VECTOR('',#15952,1.);
#15952 = DIRECTION('',(1.,0.,0.));
#15953 = ORIENTED_EDGE('',*,*,#15954,.F.);
#15954 = EDGE_CURVE('',#15566,#15945,#15955,.T.);
#15955 = LINE('',#15956,#15957);
#15956 = CARTESIAN_POINT('',(0.725,-0.4,0.375));
#15957 = VECTOR('',#15958,1.);
#15958 = DIRECTION('',(0.,0.,-1.));
#15959 = ORIENTED_EDGE('',*,*,#15565,.T.);
#15960 = ORIENTED_EDGE('',*,*,#15557,.T.);
#15961 = ORIENTED_EDGE('',*,*,#15549,.F.);
#15962 = ORIENTED_EDGE('',*,*,#15963,.F.);
#15963 = EDGE_CURVE('',#15964,#15542,#15966,.T.);
#15964 = VERTEX_POINT('',#15965);
#15965 = CARTESIAN_POINT('',(0.725,-0.4,0.5));
#15966 = LINE('',#15967,#15968);
#15967 = CARTESIAN_POINT('',(0.725,-0.4,0.375));
#15968 = VECTOR('',#15969,1.);
#15969 = DIRECTION('',(0.,0.,-1.));
#15970 = ORIENTED_EDGE('',*,*,#15971,.T.);
#15971 = EDGE_CURVE('',#15964,#15972,#15974,.T.);
#15972 = VERTEX_POINT('',#15973);
#15973 = CARTESIAN_POINT('',(0.77,-0.4,0.5));
#15974 = LINE('',#15975,#15976);
#15975 = CARTESIAN_POINT('',(0.5,-0.4,0.5));
#15976 = VECTOR('',#15977,1.);
#15977 = DIRECTION('',(1.,0.,0.));
#15978 = ORIENTED_EDGE('',*,*,#15979,.F.);
#15979 = EDGE_CURVE('',#15980,#15972,#15982,.T.);
#15980 = VERTEX_POINT('',#15981);
#15981 = CARTESIAN_POINT('',(0.8,-0.4,0.47));
#15982 = CIRCLE('',#15983,3.E-02);
#15983 = AXIS2_PLACEMENT_3D('',#15984,#15985,#15986);
#15984 = CARTESIAN_POINT('',(0.77,-0.4,0.47));
#15985 = DIRECTION('',(0.,-1.,0.));
#15986 = DIRECTION('',(0.,0.,1.));
#15987 = ORIENTED_EDGE('',*,*,#15988,.F.);
#15988 = EDGE_CURVE('',#15989,#15980,#15991,.T.);
#15989 = VERTEX_POINT('',#15990);
#15990 = CARTESIAN_POINT('',(0.8,-0.4,3.E-02));
#15991 = LINE('',#15992,#15993);
#15992 = CARTESIAN_POINT('',(0.8,-0.4,0.));
#15993 = VECTOR('',#15994,1.);
#15994 = DIRECTION('',(0.,0.,1.));
#15995 = ORIENTED_EDGE('',*,*,#15996,.T.);
#15996 = EDGE_CURVE('',#15989,#15947,#15997,.T.);
#15997 = CIRCLE('',#15998,3.E-02);
#15998 = AXIS2_PLACEMENT_3D('',#15999,#16000,#16001);
#15999 = CARTESIAN_POINT('',(0.77,-0.4,3.E-02));
#16000 = DIRECTION('',(0.,1.,0.));
#16001 = DIRECTION('',(0.,-0.,1.));
#16002 = PLANE('',#16003);
#16003 = AXIS2_PLACEMENT_3D('',#16004,#16005,#16006);
#16004 = CARTESIAN_POINT('',(0.5,-0.4,0.));
#16005 = DIRECTION('',(0.,1.,0.));
#16006 = DIRECTION('',(0.,-0.,1.));
#16007 = ADVANCED_FACE('',(#16008),#16026,.T.);
#16008 = FACE_BOUND('',#16009,.T.);
#16009 = EDGE_LOOP('',(#16010,#16018,#16019,#16020));
#16010 = ORIENTED_EDGE('',*,*,#16011,.F.);
#16011 = EDGE_CURVE('',#15614,#16012,#16014,.T.);
#16012 = VERTEX_POINT('',#16013);
#16013 = CARTESIAN_POINT('',(0.725,-0.3,0.47));
#16014 = LINE('',#16015,#16016);
#16015 = CARTESIAN_POINT('',(-2.25E-02,-0.3,0.47));
#16016 = VECTOR('',#16017,1.);
#16017 = DIRECTION('',(1.,0.,0.));
#16018 = ORIENTED_EDGE('',*,*,#15613,.T.);
#16019 = ORIENTED_EDGE('',*,*,#15541,.T.);
#16020 = ORIENTED_EDGE('',*,*,#16021,.F.);
#16021 = EDGE_CURVE('',#16012,#15542,#16022,.T.);
#16022 = LINE('',#16023,#16024);
#16023 = CARTESIAN_POINT('',(0.725,-0.45,0.47));
#16024 = VECTOR('',#16025,1.);
#16025 = DIRECTION('',(0.,-1.,0.));
#16026 = PLANE('',#16027);
#16027 = AXIS2_PLACEMENT_3D('',#16028,#16029,#16030);
#16028 = CARTESIAN_POINT('',(-0.77,-0.4,0.47));
#16029 = DIRECTION('',(0.,0.,1.));
#16030 = DIRECTION('',(1.,0.,-0.));
#16031 = ADVANCED_FACE('',(#16032),#16057,.T.);
#16032 = FACE_BOUND('',#16033,.T.);
#16033 = EDGE_LOOP('',(#16034,#16042,#16043,#16051));
#16034 = ORIENTED_EDGE('',*,*,#16035,.F.);
#16035 = EDGE_CURVE('',#15630,#16036,#16038,.T.);
#16036 = VERTEX_POINT('',#16037);
#16037 = CARTESIAN_POINT('',(0.725,0.4,0.47));
#16038 = LINE('',#16039,#16040);
#16039 = CARTESIAN_POINT('',(-0.77,0.4,0.47));
#16040 = VECTOR('',#16041,1.);
#16041 = DIRECTION('',(1.,0.,0.));
#16042 = ORIENTED_EDGE('',*,*,#15629,.T.);
#16043 = ORIENTED_EDGE('',*,*,#16044,.F.);
#16044 = EDGE_CURVE('',#16045,#15622,#16047,.T.);
#16045 = VERTEX_POINT('',#16046);
#16046 = CARTESIAN_POINT('',(0.725,0.3,0.47));
#16047 = LINE('',#16048,#16049);
#16048 = CARTESIAN_POINT('',(-0.7475,0.3,0.47));
#16049 = VECTOR('',#16050,1.);
#16050 = DIRECTION('',(-1.,0.,0.));
#16051 = ORIENTED_EDGE('',*,*,#16052,.F.);
#16052 = EDGE_CURVE('',#16036,#16045,#16053,.T.);
#16053 = LINE('',#16054,#16055);
#16054 = CARTESIAN_POINT('',(0.725,-5.E-02,0.47));
#16055 = VECTOR('',#16056,1.);
#16056 = DIRECTION('',(0.,-1.,0.));
#16057 = PLANE('',#16058);
#16058 = AXIS2_PLACEMENT_3D('',#16059,#16060,#16061);
#16059 = CARTESIAN_POINT('',(-0.77,-0.4,0.47));
#16060 = DIRECTION('',(0.,0.,1.));
#16061 = DIRECTION('',(1.,0.,-0.));
#16062 = ADVANCED_FACE('',(#16063),#16090,.T.);
#16063 = FACE_BOUND('',#16064,.T.);
#16064 = EDGE_LOOP('',(#16065,#16066,#16075,#16083));
#16065 = ORIENTED_EDGE('',*,*,#15621,.F.);
#16066 = ORIENTED_EDGE('',*,*,#16067,.T.);
#16067 = EDGE_CURVE('',#15614,#16068,#16070,.T.);
#16068 = VERTEX_POINT('',#16069);
#16069 = CARTESIAN_POINT('',(0.53,-0.3,0.5));
#16070 = CIRCLE('',#16071,3.E-02);
#16071 = AXIS2_PLACEMENT_3D('',#16072,#16073,#16074);
#16072 = CARTESIAN_POINT('',(0.53,-0.3,0.47));
#16073 = DIRECTION('',(0.,1.,-0.));
#16074 = DIRECTION('',(-1.,0.,0.));
#16075 = ORIENTED_EDGE('',*,*,#16076,.T.);
#16076 = EDGE_CURVE('',#16068,#16077,#16079,.T.);
#16077 = VERTEX_POINT('',#16078);
#16078 = CARTESIAN_POINT('',(0.53,0.3,0.5));
#16079 = LINE('',#16080,#16081);
#16080 = CARTESIAN_POINT('',(0.53,-0.4,0.5));
#16081 = VECTOR('',#16082,1.);
#16082 = DIRECTION('',(0.,1.,0.));
#16083 = ORIENTED_EDGE('',*,*,#16084,.F.);
#16084 = EDGE_CURVE('',#15622,#16077,#16085,.T.);
#16085 = CIRCLE('',#16086,3.E-02);
#16086 = AXIS2_PLACEMENT_3D('',#16087,#16088,#16089);
#16087 = CARTESIAN_POINT('',(0.53,0.3,0.47));
#16088 = DIRECTION('',(0.,1.,-0.));
#16089 = DIRECTION('',(-1.,0.,0.));
#16090 = CYLINDRICAL_SURFACE('',#16091,3.E-02);
#16091 = AXIS2_PLACEMENT_3D('',#16092,#16093,#16094);
#16092 = CARTESIAN_POINT('',(0.53,-0.4,0.47));
#16093 = DIRECTION('',(0.,1.,0.));
#16094 = DIRECTION('',(-1.,0.,0.));
#16095 = ADVANCED_FACE('',(#16096),#16146,.T.);
#16096 = FACE_BOUND('',#16097,.T.);
#16097 = EDGE_LOOP('',(#16098,#16106,#16114,#16120,#16121,#16122,#16123,
    #16131,#16139,#16145));
#16098 = ORIENTED_EDGE('',*,*,#16099,.F.);
#16099 = EDGE_CURVE('',#16100,#15873,#16102,.T.);
#16100 = VERTEX_POINT('',#16101);
#16101 = CARTESIAN_POINT('',(-0.77,0.4,3.E-02));
#16102 = LINE('',#16103,#16104);
#16103 = CARTESIAN_POINT('',(-0.77,0.4,3.E-02));
#16104 = VECTOR('',#16105,1.);
#16105 = DIRECTION('',(1.,0.,0.));
#16106 = ORIENTED_EDGE('',*,*,#16107,.T.);
#16107 = EDGE_CURVE('',#16100,#16108,#16110,.T.);
#16108 = VERTEX_POINT('',#16109);
#16109 = CARTESIAN_POINT('',(-0.77,0.4,0.47));
#16110 = LINE('',#16111,#16112);
#16111 = CARTESIAN_POINT('',(-0.77,0.4,3.E-02));
#16112 = VECTOR('',#16113,1.);
#16113 = DIRECTION('',(0.,0.,1.));
#16114 = ORIENTED_EDGE('',*,*,#16115,.T.);
#16115 = EDGE_CURVE('',#16108,#15652,#16116,.T.);
#16116 = LINE('',#16117,#16118);
#16117 = CARTESIAN_POINT('',(-0.77,0.4,0.47));
#16118 = VECTOR('',#16119,1.);
#16119 = DIRECTION('',(1.,0.,0.));
#16120 = ORIENTED_EDGE('',*,*,#15651,.T.);
#16121 = ORIENTED_EDGE('',*,*,#15685,.F.);
#16122 = ORIENTED_EDGE('',*,*,#16035,.T.);
#16123 = ORIENTED_EDGE('',*,*,#16124,.T.);
#16124 = EDGE_CURVE('',#16036,#16125,#16127,.T.);
#16125 = VERTEX_POINT('',#16126);
#16126 = CARTESIAN_POINT('',(0.77,0.4,0.47));
#16127 = LINE('',#16128,#16129);
#16128 = CARTESIAN_POINT('',(-0.77,0.4,0.47));
#16129 = VECTOR('',#16130,1.);
#16130 = DIRECTION('',(1.,0.,0.));
#16131 = ORIENTED_EDGE('',*,*,#16132,.F.);
#16132 = EDGE_CURVE('',#16133,#16125,#16135,.T.);
#16133 = VERTEX_POINT('',#16134);
#16134 = CARTESIAN_POINT('',(0.77,0.4,3.E-02));
#16135 = LINE('',#16136,#16137);
#16136 = CARTESIAN_POINT('',(0.77,0.4,3.E-02));
#16137 = VECTOR('',#16138,1.);
#16138 = DIRECTION('',(0.,0.,1.));
#16139 = ORIENTED_EDGE('',*,*,#16140,.F.);
#16140 = EDGE_CURVE('',#15865,#16133,#16141,.T.);
#16141 = LINE('',#16142,#16143);
#16142 = CARTESIAN_POINT('',(-0.77,0.4,3.E-02));
#16143 = VECTOR('',#16144,1.);
#16144 = DIRECTION('',(1.,0.,0.));
#16145 = ORIENTED_EDGE('',*,*,#15872,.F.);
#16146 = PLANE('',#16147);
#16147 = AXIS2_PLACEMENT_3D('',#16148,#16149,#16150);
#16148 = CARTESIAN_POINT('',(-0.77,0.4,3.E-02));
#16149 = DIRECTION('',(0.,1.,0.));
#16150 = DIRECTION('',(0.,-0.,1.));
#16151 = ADVANCED_FACE('',(#16152),#16170,.F.);
#16152 = FACE_BOUND('',#16153,.F.);
#16153 = EDGE_LOOP('',(#16154,#16162,#16168,#16169));
#16154 = ORIENTED_EDGE('',*,*,#16155,.F.);
#16155 = EDGE_CURVE('',#16156,#15700,#16158,.T.);
#16156 = VERTEX_POINT('',#16157);
#16157 = CARTESIAN_POINT('',(-0.725,0.3,0.5));
#16158 = LINE('',#16159,#16160);
#16159 = CARTESIAN_POINT('',(-0.7625,0.3,0.5));
#16160 = VECTOR('',#16161,1.);
#16161 = DIRECTION('',(1.,0.,0.));
#16162 = ORIENTED_EDGE('',*,*,#16163,.T.);
#16163 = EDGE_CURVE('',#16156,#15660,#16164,.T.);
#16164 = LINE('',#16165,#16166);
#16165 = CARTESIAN_POINT('',(-0.725,0.3,0.75));
#16166 = VECTOR('',#16167,1.);
#16167 = DIRECTION('',(-0.,-0.,-1.));
#16168 = ORIENTED_EDGE('',*,*,#15667,.F.);
#16169 = ORIENTED_EDGE('',*,*,#15699,.F.);
#16170 = PLANE('',#16171);
#16171 = AXIS2_PLACEMENT_3D('',#16172,#16173,#16174);
#16172 = CARTESIAN_POINT('',(-0.725,0.3,0.75));
#16173 = DIRECTION('',(0.,-1.,0.));
#16174 = DIRECTION('',(1.,0.,0.));
#16175 = ADVANCED_FACE('',(#16176),#16194,.F.);
#16176 = FACE_BOUND('',#16177,.F.);
#16177 = EDGE_LOOP('',(#16178,#16179,#16187,#16193));
#16178 = ORIENTED_EDGE('',*,*,#16163,.F.);
#16179 = ORIENTED_EDGE('',*,*,#16180,.F.);
#16180 = EDGE_CURVE('',#16181,#16156,#16183,.T.);
#16181 = VERTEX_POINT('',#16182);
#16182 = CARTESIAN_POINT('',(-0.725,0.4,0.5));
#16183 = LINE('',#16184,#16185);
#16184 = CARTESIAN_POINT('',(-0.725,5.E-02,0.5));
#16185 = VECTOR('',#16186,1.);
#16186 = DIRECTION('',(0.,-1.,0.));
#16187 = ORIENTED_EDGE('',*,*,#16188,.F.);
#16188 = EDGE_CURVE('',#15652,#16181,#16189,.T.);
#16189 = LINE('',#16190,#16191);
#16190 = CARTESIAN_POINT('',(-0.725,0.4,0.375));
#16191 = VECTOR('',#16192,1.);
#16192 = DIRECTION('',(0.,0.,1.));
#16193 = ORIENTED_EDGE('',*,*,#15659,.F.);
#16194 = PLANE('',#16195);
#16195 = AXIS2_PLACEMENT_3D('',#16196,#16197,#16198);
#16196 = CARTESIAN_POINT('',(-0.725,0.5,0.75));
#16197 = DIRECTION('',(-1.,0.,0.));
#16198 = DIRECTION('',(0.,-1.,0.));
#16199 = ADVANCED_FACE('',(#16200),#16218,.F.);
#16200 = FACE_BOUND('',#16201,.F.);
#16201 = EDGE_LOOP('',(#16202,#16210,#16216,#16217));
#16202 = ORIENTED_EDGE('',*,*,#16203,.F.);
#16203 = EDGE_CURVE('',#16204,#15733,#16206,.T.);
#16204 = VERTEX_POINT('',#16205);
#16205 = CARTESIAN_POINT('',(-0.725,-0.3,0.5));
#16206 = LINE('',#16207,#16208);
#16207 = CARTESIAN_POINT('',(-0.725,-0.3,0.75));
#16208 = VECTOR('',#16209,1.);
#16209 = DIRECTION('',(-0.,-0.,-1.));
#16210 = ORIENTED_EDGE('',*,*,#16211,.F.);
#16211 = EDGE_CURVE('',#15709,#16204,#16212,.T.);
#16212 = LINE('',#16213,#16214);
#16213 = CARTESIAN_POINT('',(-3.75E-02,-0.3,0.5));
#16214 = VECTOR('',#16215,1.);
#16215 = DIRECTION('',(-1.,0.,0.));
#16216 = ORIENTED_EDGE('',*,*,#15716,.T.);
#16217 = ORIENTED_EDGE('',*,*,#15742,.F.);
#16218 = PLANE('',#16219);
#16219 = AXIS2_PLACEMENT_3D('',#16220,#16221,#16222);
#16220 = CARTESIAN_POINT('',(0.725,-0.3,0.75));
#16221 = DIRECTION('',(0.,1.,0.));
#16222 = DIRECTION('',(-1.,0.,0.));
#16223 = ADVANCED_FACE('',(#16224),#16251,.T.);
#16224 = FACE_BOUND('',#16225,.T.);
#16225 = EDGE_LOOP('',(#16226,#16234,#16240,#16241,#16247,#16248,#16249,
    #16250));
#16226 = ORIENTED_EDGE('',*,*,#16227,.F.);
#16227 = EDGE_CURVE('',#16228,#16181,#16230,.T.);
#16228 = VERTEX_POINT('',#16229);
#16229 = CARTESIAN_POINT('',(-0.77,0.4,0.5));
#16230 = LINE('',#16231,#16232);
#16231 = CARTESIAN_POINT('',(-0.8,0.4,0.5));
#16232 = VECTOR('',#16233,1.);
#16233 = DIRECTION('',(1.,0.,0.));
#16234 = ORIENTED_EDGE('',*,*,#16235,.F.);
#16235 = EDGE_CURVE('',#15784,#16228,#16236,.T.);
#16236 = LINE('',#16237,#16238);
#16237 = CARTESIAN_POINT('',(-0.77,-0.4,0.5));
#16238 = VECTOR('',#16239,1.);
#16239 = DIRECTION('',(0.,1.,0.));
#16240 = ORIENTED_EDGE('',*,*,#15792,.T.);
#16241 = ORIENTED_EDGE('',*,*,#16242,.F.);
#16242 = EDGE_CURVE('',#16204,#15793,#16243,.T.);
#16243 = LINE('',#16244,#16245);
#16244 = CARTESIAN_POINT('',(-0.725,-0.35,0.5));
#16245 = VECTOR('',#16246,1.);
#16246 = DIRECTION('',(0.,-1.,0.));
#16247 = ORIENTED_EDGE('',*,*,#16211,.F.);
#16248 = ORIENTED_EDGE('',*,*,#15708,.T.);
#16249 = ORIENTED_EDGE('',*,*,#16155,.F.);
#16250 = ORIENTED_EDGE('',*,*,#16180,.F.);
#16251 = PLANE('',#16252);
#16252 = AXIS2_PLACEMENT_3D('',#16253,#16254,#16255);
#16253 = CARTESIAN_POINT('',(-0.8,-0.4,0.5));
#16254 = DIRECTION('',(0.,0.,1.));
#16255 = DIRECTION('',(1.,0.,-0.));
#16256 = ADVANCED_FACE('',(#16257),#16263,.F.);
#16257 = FACE_BOUND('',#16258,.F.);
#16258 = EDGE_LOOP('',(#16259,#16260,#16261,#16262));
#16259 = ORIENTED_EDGE('',*,*,#16242,.F.);
#16260 = ORIENTED_EDGE('',*,*,#16203,.T.);
#16261 = ORIENTED_EDGE('',*,*,#15732,.F.);
#16262 = ORIENTED_EDGE('',*,*,#15800,.T.);
#16263 = PLANE('',#16264);
#16264 = AXIS2_PLACEMENT_3D('',#16265,#16266,#16267);
#16265 = CARTESIAN_POINT('',(-0.725,-0.3,0.75));
#16266 = DIRECTION('',(-1.,0.,0.));
#16267 = DIRECTION('',(0.,-1.,0.));
#16268 = ADVANCED_FACE('',(#16269),#16326,.F.);
#16269 = FACE_BOUND('',#16270,.F.);
#16270 = EDGE_LOOP('',(#16271,#16281,#16287,#16288,#16296,#16304,#16312,
    #16320));
#16271 = ORIENTED_EDGE('',*,*,#16272,.F.);
#16272 = EDGE_CURVE('',#16273,#16275,#16277,.T.);
#16273 = VERTEX_POINT('',#16274);
#16274 = CARTESIAN_POINT('',(-0.77,0.4,-3.469446951954E-18));
#16275 = VERTEX_POINT('',#16276);
#16276 = CARTESIAN_POINT('',(-0.725,0.4,0.));
#16277 = LINE('',#16278,#16279);
#16278 = CARTESIAN_POINT('',(-0.8,0.4,0.));
#16279 = VECTOR('',#16280,1.);
#16280 = DIRECTION('',(1.,0.,0.));
#16281 = ORIENTED_EDGE('',*,*,#16282,.F.);
#16282 = EDGE_CURVE('',#15757,#16273,#16283,.T.);
#16283 = LINE('',#16284,#16285);
#16284 = CARTESIAN_POINT('',(-0.77,-0.4,-3.469446951954E-18));
#16285 = VECTOR('',#16286,1.);
#16286 = DIRECTION('',(0.,1.,0.));
#16287 = ORIENTED_EDGE('',*,*,#15756,.T.);
#16288 = ORIENTED_EDGE('',*,*,#16289,.F.);
#16289 = EDGE_CURVE('',#16290,#15759,#16292,.T.);
#16290 = VERTEX_POINT('',#16291);
#16291 = CARTESIAN_POINT('',(-0.725,-0.3,0.));
#16292 = LINE('',#16293,#16294);
#16293 = CARTESIAN_POINT('',(-0.725,-0.35,0.));
#16294 = VECTOR('',#16295,1.);
#16295 = DIRECTION('',(0.,-1.,0.));
#16296 = ORIENTED_EDGE('',*,*,#16297,.F.);
#16297 = EDGE_CURVE('',#16298,#16290,#16300,.T.);
#16298 = VERTEX_POINT('',#16299);
#16299 = CARTESIAN_POINT('',(-0.53,-0.3,-3.469446951954E-18));
#16300 = LINE('',#16301,#16302);
#16301 = CARTESIAN_POINT('',(-3.75E-02,-0.3,0.));
#16302 = VECTOR('',#16303,1.);
#16303 = DIRECTION('',(-1.,0.,0.));
#16304 = ORIENTED_EDGE('',*,*,#16305,.T.);
#16305 = EDGE_CURVE('',#16298,#16306,#16308,.T.);
#16306 = VERTEX_POINT('',#16307);
#16307 = CARTESIAN_POINT('',(-0.53,0.3,-3.469446951954E-18));
#16308 = LINE('',#16309,#16310);
#16309 = CARTESIAN_POINT('',(-0.53,-0.4,-3.469446951954E-18));
#16310 = VECTOR('',#16311,1.);
#16311 = DIRECTION('',(0.,1.,0.));
#16312 = ORIENTED_EDGE('',*,*,#16313,.F.);
#16313 = EDGE_CURVE('',#16314,#16306,#16316,.T.);
#16314 = VERTEX_POINT('',#16315);
#16315 = CARTESIAN_POINT('',(-0.725,0.3,0.));
#16316 = LINE('',#16317,#16318);
#16317 = CARTESIAN_POINT('',(-0.7625,0.3,0.));
#16318 = VECTOR('',#16319,1.);
#16319 = DIRECTION('',(1.,0.,0.));
#16320 = ORIENTED_EDGE('',*,*,#16321,.F.);
#16321 = EDGE_CURVE('',#16275,#16314,#16322,.T.);
#16322 = LINE('',#16323,#16324);
#16323 = CARTESIAN_POINT('',(-0.725,5.E-02,0.));
#16324 = VECTOR('',#16325,1.);
#16325 = DIRECTION('',(0.,-1.,0.));
#16326 = PLANE('',#16327);
#16327 = AXIS2_PLACEMENT_3D('',#16328,#16329,#16330);
#16328 = CARTESIAN_POINT('',(-0.8,-0.4,0.));
#16329 = DIRECTION('',(0.,0.,1.));
#16330 = DIRECTION('',(1.,0.,-0.));
#16331 = ADVANCED_FACE('',(#16332),#16351,.T.);
#16332 = FACE_BOUND('',#16333,.T.);
#16333 = EDGE_LOOP('',(#16334,#16342,#16349,#16350));
#16334 = ORIENTED_EDGE('',*,*,#16335,.T.);
#16335 = EDGE_CURVE('',#15767,#16336,#16338,.T.);
#16336 = VERTEX_POINT('',#16337);
#16337 = CARTESIAN_POINT('',(-0.8,0.4,3.E-02));
#16338 = LINE('',#16339,#16340);
#16339 = CARTESIAN_POINT('',(-0.8,-0.4,3.E-02));
#16340 = VECTOR('',#16341,1.);
#16341 = DIRECTION('',(0.,1.,0.));
#16342 = ORIENTED_EDGE('',*,*,#16343,.T.);
#16343 = EDGE_CURVE('',#16336,#16273,#16344,.T.);
#16344 = CIRCLE('',#16345,3.E-02);
#16345 = AXIS2_PLACEMENT_3D('',#16346,#16347,#16348);
#16346 = CARTESIAN_POINT('',(-0.77,0.4,3.E-02));
#16347 = DIRECTION('',(0.,-1.,0.));
#16348 = DIRECTION('',(0.,0.,1.));
#16349 = ORIENTED_EDGE('',*,*,#16282,.F.);
#16350 = ORIENTED_EDGE('',*,*,#15766,.F.);
#16351 = CYLINDRICAL_SURFACE('',#16352,3.E-02);
#16352 = AXIS2_PLACEMENT_3D('',#16353,#16354,#16355);
#16353 = CARTESIAN_POINT('',(-0.77,-0.4,3.E-02));
#16354 = DIRECTION('',(0.,1.,0.));
#16355 = DIRECTION('',(-1.,0.,0.));
#16356 = ADVANCED_FACE('',(#16357),#16368,.F.);
#16357 = FACE_BOUND('',#16358,.F.);
#16358 = EDGE_LOOP('',(#16359,#16360,#16366,#16367));
#16359 = ORIENTED_EDGE('',*,*,#15823,.T.);
#16360 = ORIENTED_EDGE('',*,*,#16361,.T.);
#16361 = EDGE_CURVE('',#15824,#16290,#16362,.T.);
#16362 = LINE('',#16363,#16364);
#16363 = CARTESIAN_POINT('',(-0.725,-0.3,0.75));
#16364 = VECTOR('',#16365,1.);
#16365 = DIRECTION('',(-0.,-0.,-1.));
#16366 = ORIENTED_EDGE('',*,*,#16289,.T.);
#16367 = ORIENTED_EDGE('',*,*,#15809,.T.);
#16368 = PLANE('',#16369);
#16369 = AXIS2_PLACEMENT_3D('',#16370,#16371,#16372);
#16370 = CARTESIAN_POINT('',(-0.725,-0.3,0.75));
#16371 = DIRECTION('',(-1.,0.,0.));
#16372 = DIRECTION('',(0.,-1.,0.));
#16373 = ADVANCED_FACE('',(#16374),#16392,.F.);
#16374 = FACE_BOUND('',#16375,.F.);
#16375 = EDGE_LOOP('',(#16376,#16377,#16378,#16386));
#16376 = ORIENTED_EDGE('',*,*,#15775,.F.);
#16377 = ORIENTED_EDGE('',*,*,#16335,.T.);
#16378 = ORIENTED_EDGE('',*,*,#16379,.T.);
#16379 = EDGE_CURVE('',#16336,#16380,#16382,.T.);
#16380 = VERTEX_POINT('',#16381);
#16381 = CARTESIAN_POINT('',(-0.8,0.4,0.47));
#16382 = LINE('',#16383,#16384);
#16383 = CARTESIAN_POINT('',(-0.8,0.4,0.));
#16384 = VECTOR('',#16385,1.);
#16385 = DIRECTION('',(0.,0.,1.));
#16386 = ORIENTED_EDGE('',*,*,#16387,.F.);
#16387 = EDGE_CURVE('',#15776,#16380,#16388,.T.);
#16388 = LINE('',#16389,#16390);
#16389 = CARTESIAN_POINT('',(-0.8,-0.4,0.47));
#16390 = VECTOR('',#16391,1.);
#16391 = DIRECTION('',(0.,1.,0.));
#16392 = PLANE('',#16393);
#16393 = AXIS2_PLACEMENT_3D('',#16394,#16395,#16396);
#16394 = CARTESIAN_POINT('',(-0.8,-0.4,0.));
#16395 = DIRECTION('',(1.,0.,0.));
#16396 = DIRECTION('',(0.,0.,1.));
#16397 = ADVANCED_FACE('',(#16398),#16410,.T.);
#16398 = FACE_BOUND('',#16399,.T.);
#16399 = EDGE_LOOP('',(#16400,#16401,#16402,#16409));
#16400 = ORIENTED_EDGE('',*,*,#15783,.T.);
#16401 = ORIENTED_EDGE('',*,*,#16235,.T.);
#16402 = ORIENTED_EDGE('',*,*,#16403,.F.);
#16403 = EDGE_CURVE('',#16380,#16228,#16404,.T.);
#16404 = CIRCLE('',#16405,3.E-02);
#16405 = AXIS2_PLACEMENT_3D('',#16406,#16407,#16408);
#16406 = CARTESIAN_POINT('',(-0.77,0.4,0.47));
#16407 = DIRECTION('',(0.,1.,0.));
#16408 = DIRECTION('',(0.,-0.,1.));
#16409 = ORIENTED_EDGE('',*,*,#16387,.F.);
#16410 = CYLINDRICAL_SURFACE('',#16411,3.E-02);
#16411 = AXIS2_PLACEMENT_3D('',#16412,#16413,#16414);
#16412 = CARTESIAN_POINT('',(-0.77,-0.4,0.47));
#16413 = DIRECTION('',(0.,1.,0.));
#16414 = DIRECTION('',(-1.,0.,0.));
#16415 = ADVANCED_FACE('',(#16416),#16428,.F.);
#16416 = FACE_BOUND('',#16417,.F.);
#16417 = EDGE_LOOP('',(#16418,#16419,#16420,#16427));
#16418 = ORIENTED_EDGE('',*,*,#16361,.F.);
#16419 = ORIENTED_EDGE('',*,*,#15904,.T.);
#16420 = ORIENTED_EDGE('',*,*,#16421,.T.);
#16421 = EDGE_CURVE('',#15897,#16298,#16422,.T.);
#16422 = CIRCLE('',#16423,3.E-02);
#16423 = AXIS2_PLACEMENT_3D('',#16424,#16425,#16426);
#16424 = CARTESIAN_POINT('',(-0.53,-0.3,3.E-02));
#16425 = DIRECTION('',(-0.,1.,0.));
#16426 = DIRECTION('',(1.,0.,0.));
#16427 = ORIENTED_EDGE('',*,*,#16297,.T.);
#16428 = PLANE('',#16429);
#16429 = AXIS2_PLACEMENT_3D('',#16430,#16431,#16432);
#16430 = CARTESIAN_POINT('',(0.725,-0.3,0.75));
#16431 = DIRECTION('',(0.,1.,0.));
#16432 = DIRECTION('',(-1.,0.,0.));
#16433 = ADVANCED_FACE('',(#16434),#16446,.T.);
#16434 = FACE_BOUND('',#16435,.T.);
#16435 = EDGE_LOOP('',(#16436,#16437,#16438,#16439));
#16436 = ORIENTED_EDGE('',*,*,#15896,.F.);
#16437 = ORIENTED_EDGE('',*,*,#16421,.T.);
#16438 = ORIENTED_EDGE('',*,*,#16305,.T.);
#16439 = ORIENTED_EDGE('',*,*,#16440,.F.);
#16440 = EDGE_CURVE('',#15889,#16306,#16441,.T.);
#16441 = CIRCLE('',#16442,3.E-02);
#16442 = AXIS2_PLACEMENT_3D('',#16443,#16444,#16445);
#16443 = CARTESIAN_POINT('',(-0.53,0.3,3.E-02));
#16444 = DIRECTION('',(-0.,1.,0.));
#16445 = DIRECTION('',(1.,0.,0.));
#16446 = CYLINDRICAL_SURFACE('',#16447,3.E-02);
#16447 = AXIS2_PLACEMENT_3D('',#16448,#16449,#16450);
#16448 = CARTESIAN_POINT('',(-0.53,-0.4,3.E-02));
#16449 = DIRECTION('',(0.,1.,0.));
#16450 = DIRECTION('',(1.,0.,0.));
#16451 = ADVANCED_FACE('',(#16452),#16463,.F.);
#16452 = FACE_BOUND('',#16453,.F.);
#16453 = EDGE_LOOP('',(#16454,#16455,#16461,#16462));
#16454 = ORIENTED_EDGE('',*,*,#15888,.T.);
#16455 = ORIENTED_EDGE('',*,*,#16456,.T.);
#16456 = EDGE_CURVE('',#15881,#16314,#16457,.T.);
#16457 = LINE('',#16458,#16459);
#16458 = CARTESIAN_POINT('',(-0.725,0.3,0.75));
#16459 = VECTOR('',#16460,1.);
#16460 = DIRECTION('',(-0.,-0.,-1.));
#16461 = ORIENTED_EDGE('',*,*,#16313,.T.);
#16462 = ORIENTED_EDGE('',*,*,#16440,.F.);
#16463 = PLANE('',#16464);
#16464 = AXIS2_PLACEMENT_3D('',#16465,#16466,#16467);
#16465 = CARTESIAN_POINT('',(-0.725,0.3,0.75));
#16466 = DIRECTION('',(0.,-1.,0.));
#16467 = DIRECTION('',(1.,0.,0.));
#16468 = ADVANCED_FACE('',(#16469),#16480,.F.);
#16469 = FACE_BOUND('',#16470,.F.);
#16470 = EDGE_LOOP('',(#16471,#16472,#16473,#16479));
#16471 = ORIENTED_EDGE('',*,*,#16456,.F.);
#16472 = ORIENTED_EDGE('',*,*,#15880,.T.);
#16473 = ORIENTED_EDGE('',*,*,#16474,.F.);
#16474 = EDGE_CURVE('',#16275,#15873,#16475,.T.);
#16475 = LINE('',#16476,#16477);
#16476 = CARTESIAN_POINT('',(-0.725,0.4,0.375));
#16477 = VECTOR('',#16478,1.);
#16478 = DIRECTION('',(0.,0.,1.));
#16479 = ORIENTED_EDGE('',*,*,#16321,.T.);
#16480 = PLANE('',#16481);
#16481 = AXIS2_PLACEMENT_3D('',#16482,#16483,#16484);
#16482 = CARTESIAN_POINT('',(-0.725,0.5,0.75));
#16483 = DIRECTION('',(-1.,0.,0.));
#16484 = DIRECTION('',(0.,-1.,0.));
#16485 = ADVANCED_FACE('',(#16486),#16511,.F.);
#16486 = FACE_BOUND('',#16487,.F.);
#16487 = EDGE_LOOP('',(#16488,#16489,#16497,#16505));
#16488 = ORIENTED_EDGE('',*,*,#15864,.T.);
#16489 = ORIENTED_EDGE('',*,*,#16490,.T.);
#16490 = EDGE_CURVE('',#15857,#16491,#16493,.T.);
#16491 = VERTEX_POINT('',#16492);
#16492 = CARTESIAN_POINT('',(0.725,0.3,0.));
#16493 = LINE('',#16494,#16495);
#16494 = CARTESIAN_POINT('',(0.725,0.3,0.75));
#16495 = VECTOR('',#16496,1.);
#16496 = DIRECTION('',(-0.,-0.,-1.));
#16497 = ORIENTED_EDGE('',*,*,#16498,.T.);
#16498 = EDGE_CURVE('',#16491,#16499,#16501,.T.);
#16499 = VERTEX_POINT('',#16500);
#16500 = CARTESIAN_POINT('',(0.725,0.4,0.));
#16501 = LINE('',#16502,#16503);
#16502 = CARTESIAN_POINT('',(0.725,-5.E-02,0.));
#16503 = VECTOR('',#16504,1.);
#16504 = DIRECTION('',(0.,1.,0.));
#16505 = ORIENTED_EDGE('',*,*,#16506,.F.);
#16506 = EDGE_CURVE('',#15865,#16499,#16507,.T.);
#16507 = LINE('',#16508,#16509);
#16508 = CARTESIAN_POINT('',(0.725,0.4,0.375));
#16509 = VECTOR('',#16510,1.);
#16510 = DIRECTION('',(0.,0.,-1.));
#16511 = PLANE('',#16512);
#16512 = AXIS2_PLACEMENT_3D('',#16513,#16514,#16515);
#16513 = CARTESIAN_POINT('',(0.725,0.3,0.75));
#16514 = DIRECTION('',(1.,0.,0.));
#16515 = DIRECTION('',(-0.,1.,0.));
#16516 = ADVANCED_FACE('',(#16517),#16536,.F.);
#16517 = FACE_BOUND('',#16518,.F.);
#16518 = EDGE_LOOP('',(#16519,#16520,#16521,#16530));
#16519 = ORIENTED_EDGE('',*,*,#16490,.F.);
#16520 = ORIENTED_EDGE('',*,*,#15856,.T.);
#16521 = ORIENTED_EDGE('',*,*,#16522,.F.);
#16522 = EDGE_CURVE('',#16523,#15849,#16525,.T.);
#16523 = VERTEX_POINT('',#16524);
#16524 = CARTESIAN_POINT('',(0.53,0.3,-3.469446951954E-18));
#16525 = CIRCLE('',#16526,3.E-02);
#16526 = AXIS2_PLACEMENT_3D('',#16527,#16528,#16529);
#16527 = CARTESIAN_POINT('',(0.53,0.3,3.E-02));
#16528 = DIRECTION('',(0.,1.,-0.));
#16529 = DIRECTION('',(-1.,0.,0.));
#16530 = ORIENTED_EDGE('',*,*,#16531,.T.);
#16531 = EDGE_CURVE('',#16523,#16491,#16532,.T.);
#16532 = LINE('',#16533,#16534);
#16533 = CARTESIAN_POINT('',(-0.1125,0.3,0.));
#16534 = VECTOR('',#16535,1.);
#16535 = DIRECTION('',(1.,0.,0.));
#16536 = PLANE('',#16537);
#16537 = AXIS2_PLACEMENT_3D('',#16538,#16539,#16540);
#16538 = CARTESIAN_POINT('',(-0.725,0.3,0.75));
#16539 = DIRECTION('',(0.,-1.,0.));
#16540 = DIRECTION('',(1.,0.,0.));
#16541 = ADVANCED_FACE('',(#16542),#16561,.T.);
#16542 = FACE_BOUND('',#16543,.T.);
#16543 = EDGE_LOOP('',(#16544,#16545,#16553,#16560));
#16544 = ORIENTED_EDGE('',*,*,#16522,.F.);
#16545 = ORIENTED_EDGE('',*,*,#16546,.F.);
#16546 = EDGE_CURVE('',#16547,#16523,#16549,.T.);
#16547 = VERTEX_POINT('',#16548);
#16548 = CARTESIAN_POINT('',(0.53,-0.3,-3.469446951954E-18));
#16549 = LINE('',#16550,#16551);
#16550 = CARTESIAN_POINT('',(0.53,-0.4,-3.469446951954E-18));
#16551 = VECTOR('',#16552,1.);
#16552 = DIRECTION('',(0.,1.,0.));
#16553 = ORIENTED_EDGE('',*,*,#16554,.T.);
#16554 = EDGE_CURVE('',#16547,#15841,#16555,.T.);
#16555 = CIRCLE('',#16556,3.E-02);
#16556 = AXIS2_PLACEMENT_3D('',#16557,#16558,#16559);
#16557 = CARTESIAN_POINT('',(0.53,-0.3,3.E-02));
#16558 = DIRECTION('',(0.,1.,-0.));
#16559 = DIRECTION('',(-1.,0.,0.));
#16560 = ORIENTED_EDGE('',*,*,#15848,.T.);
#16561 = CYLINDRICAL_SURFACE('',#16562,3.E-02);
#16562 = AXIS2_PLACEMENT_3D('',#16563,#16564,#16565);
#16563 = CARTESIAN_POINT('',(0.53,-0.4,3.E-02));
#16564 = DIRECTION('',(0.,1.,0.));
#16565 = DIRECTION('',(-1.,0.,0.));
#16566 = ADVANCED_FACE('',(#16567),#16585,.F.);
#16567 = FACE_BOUND('',#16568,.F.);
#16568 = EDGE_LOOP('',(#16569,#16570,#16578,#16584));
#16569 = ORIENTED_EDGE('',*,*,#15840,.T.);
#16570 = ORIENTED_EDGE('',*,*,#16571,.T.);
#16571 = EDGE_CURVE('',#15833,#16572,#16574,.T.);
#16572 = VERTEX_POINT('',#16573);
#16573 = CARTESIAN_POINT('',(0.725,-0.3,0.));
#16574 = LINE('',#16575,#16576);
#16575 = CARTESIAN_POINT('',(0.725,-0.3,0.75));
#16576 = VECTOR('',#16577,1.);
#16577 = DIRECTION('',(-0.,-0.,-1.));
#16578 = ORIENTED_EDGE('',*,*,#16579,.T.);
#16579 = EDGE_CURVE('',#16572,#16547,#16580,.T.);
#16580 = LINE('',#16581,#16582);
#16581 = CARTESIAN_POINT('',(0.6125,-0.3,0.));
#16582 = VECTOR('',#16583,1.);
#16583 = DIRECTION('',(-1.,0.,0.));
#16584 = ORIENTED_EDGE('',*,*,#16554,.T.);
#16585 = PLANE('',#16586);
#16586 = AXIS2_PLACEMENT_3D('',#16587,#16588,#16589);
#16587 = CARTESIAN_POINT('',(0.725,-0.3,0.75));
#16588 = DIRECTION('',(0.,1.,0.));
#16589 = DIRECTION('',(-1.,0.,0.));
#16590 = ADVANCED_FACE('',(#16591),#16602,.F.);
#16591 = FACE_BOUND('',#16592,.F.);
#16592 = EDGE_LOOP('',(#16593,#16594,#16595,#16596));
#16593 = ORIENTED_EDGE('',*,*,#16571,.F.);
#16594 = ORIENTED_EDGE('',*,*,#15832,.T.);
#16595 = ORIENTED_EDGE('',*,*,#15954,.T.);
#16596 = ORIENTED_EDGE('',*,*,#16597,.T.);
#16597 = EDGE_CURVE('',#15945,#16572,#16598,.T.);
#16598 = LINE('',#16599,#16600);
#16599 = CARTESIAN_POINT('',(0.725,-0.45,0.));
#16600 = VECTOR('',#16601,1.);
#16601 = DIRECTION('',(0.,1.,0.));
#16602 = PLANE('',#16603);
#16603 = AXIS2_PLACEMENT_3D('',#16604,#16605,#16606);
#16604 = CARTESIAN_POINT('',(0.725,-0.5,0.75));
#16605 = DIRECTION('',(1.,0.,0.));
#16606 = DIRECTION('',(-0.,1.,0.));
#16607 = ADVANCED_FACE('',(#16608),#16633,.T.);
#16608 = FACE_BOUND('',#16609,.T.);
#16609 = EDGE_LOOP('',(#16610,#16618,#16619,#16627));
#16610 = ORIENTED_EDGE('',*,*,#16611,.T.);
#16611 = EDGE_CURVE('',#16612,#15913,#16614,.T.);
#16612 = VERTEX_POINT('',#16613);
#16613 = CARTESIAN_POINT('',(0.277128129211,0.32,1.5E-02));
#16614 = LINE('',#16615,#16616);
#16615 = CARTESIAN_POINT('',(0.277128129211,0.32,1.5E-02));
#16616 = VECTOR('',#16617,1.);
#16617 = DIRECTION('',(0.,0.,1.));
#16618 = ORIENTED_EDGE('',*,*,#15912,.T.);
#16619 = ORIENTED_EDGE('',*,*,#16620,.F.);
#16620 = EDGE_CURVE('',#16621,#15915,#16623,.T.);
#16621 = VERTEX_POINT('',#16622);
#16622 = CARTESIAN_POINT('',(0.277128129211,-0.32,1.5E-02));
#16623 = LINE('',#16624,#16625);
#16624 = CARTESIAN_POINT('',(0.277128129211,-0.32,1.5E-02));
#16625 = VECTOR('',#16626,1.);
#16626 = DIRECTION('',(0.,0.,1.));
#16627 = ORIENTED_EDGE('',*,*,#16628,.F.);
#16628 = EDGE_CURVE('',#16612,#16621,#16629,.T.);
#16629 = LINE('',#16630,#16631);
#16630 = CARTESIAN_POINT('',(0.277128129211,0.32,1.5E-02));
#16631 = VECTOR('',#16632,1.);
#16632 = DIRECTION('',(0.,-1.,0.));
#16633 = PLANE('',#16634);
#16634 = AXIS2_PLACEMENT_3D('',#16635,#16636,#16637);
#16635 = CARTESIAN_POINT('',(0.277128129211,0.32,1.5E-02));
#16636 = DIRECTION('',(1.,0.,0.));
#16637 = DIRECTION('',(0.,-1.,0.));
#16638 = ADVANCED_FACE('',(#16639),#16657,.T.);
#16639 = FACE_BOUND('',#16640,.T.);
#16640 = EDGE_LOOP('',(#16641,#16649,#16650,#16651));
#16641 = ORIENTED_EDGE('',*,*,#16642,.T.);
#16642 = EDGE_CURVE('',#16643,#15923,#16645,.T.);
#16643 = VERTEX_POINT('',#16644);
#16644 = CARTESIAN_POINT('',(-0.277128129211,0.,1.5E-02));
#16645 = LINE('',#16646,#16647);
#16646 = CARTESIAN_POINT('',(-0.277128129211,0.,1.5E-02));
#16647 = VECTOR('',#16648,1.);
#16648 = DIRECTION('',(0.,0.,1.));
#16649 = ORIENTED_EDGE('',*,*,#15930,.T.);
#16650 = ORIENTED_EDGE('',*,*,#16611,.F.);
#16651 = ORIENTED_EDGE('',*,*,#16652,.F.);
#16652 = EDGE_CURVE('',#16643,#16612,#16653,.T.);
#16653 = LINE('',#16654,#16655);
#16654 = CARTESIAN_POINT('',(-0.277128129211,0.,1.5E-02));
#16655 = VECTOR('',#16656,1.);
#16656 = DIRECTION('',(0.866025403784,0.5,0.));
#16657 = PLANE('',#16658);
#16658 = AXIS2_PLACEMENT_3D('',#16659,#16660,#16661);
#16659 = CARTESIAN_POINT('',(-0.277128129211,0.,1.5E-02));
#16660 = DIRECTION('',(-0.5,0.866025403784,0.));
#16661 = DIRECTION('',(0.866025403784,0.5,0.));
#16662 = ADVANCED_FACE('',(#16663),#16674,.T.);
#16663 = FACE_BOUND('',#16664,.T.);
#16664 = EDGE_LOOP('',(#16665,#16666,#16667,#16668));
#16665 = ORIENTED_EDGE('',*,*,#16620,.T.);
#16666 = ORIENTED_EDGE('',*,*,#15922,.T.);
#16667 = ORIENTED_EDGE('',*,*,#16642,.F.);
#16668 = ORIENTED_EDGE('',*,*,#16669,.F.);
#16669 = EDGE_CURVE('',#16621,#16643,#16670,.T.);
#16670 = LINE('',#16671,#16672);
#16671 = CARTESIAN_POINT('',(0.277128129211,-0.32,1.5E-02));
#16672 = VECTOR('',#16673,1.);
#16673 = DIRECTION('',(-0.866025403784,0.5,0.));
#16674 = PLANE('',#16675);
#16675 = AXIS2_PLACEMENT_3D('',#16676,#16677,#16678);
#16676 = CARTESIAN_POINT('',(0.277128129211,-0.32,1.5E-02));
#16677 = DIRECTION('',(-0.5,-0.866025403784,0.));
#16678 = DIRECTION('',(-0.866025403784,0.5,0.));
#16679 = ADVANCED_FACE('',(#16680),#16702,.F.);
#16680 = FACE_BOUND('',#16681,.F.);
#16681 = EDGE_LOOP('',(#16682,#16690,#16691,#16692,#16693,#16694,#16695,
    #16696));
#16682 = ORIENTED_EDGE('',*,*,#16683,.F.);
#16683 = EDGE_CURVE('',#16499,#16684,#16686,.T.);
#16684 = VERTEX_POINT('',#16685);
#16685 = CARTESIAN_POINT('',(0.77,0.4,-3.469446951954E-18));
#16686 = LINE('',#16687,#16688);
#16687 = CARTESIAN_POINT('',(0.5,0.4,0.));
#16688 = VECTOR('',#16689,1.);
#16689 = DIRECTION('',(1.,0.,0.));
#16690 = ORIENTED_EDGE('',*,*,#16498,.F.);
#16691 = ORIENTED_EDGE('',*,*,#16531,.F.);
#16692 = ORIENTED_EDGE('',*,*,#16546,.F.);
#16693 = ORIENTED_EDGE('',*,*,#16579,.F.);
#16694 = ORIENTED_EDGE('',*,*,#16597,.F.);
#16695 = ORIENTED_EDGE('',*,*,#15944,.T.);
#16696 = ORIENTED_EDGE('',*,*,#16697,.T.);
#16697 = EDGE_CURVE('',#15947,#16684,#16698,.T.);
#16698 = LINE('',#16699,#16700);
#16699 = CARTESIAN_POINT('',(0.77,-0.4,-3.469446951954E-18));
#16700 = VECTOR('',#16701,1.);
#16701 = DIRECTION('',(0.,1.,0.));
#16702 = PLANE('',#16703);
#16703 = AXIS2_PLACEMENT_3D('',#16704,#16705,#16706);
#16704 = CARTESIAN_POINT('',(0.5,-0.4,0.));
#16705 = DIRECTION('',(0.,0.,1.));
#16706 = DIRECTION('',(1.,0.,-0.));
#16707 = ADVANCED_FACE('',(#16708),#16727,.T.);
#16708 = FACE_BOUND('',#16709,.T.);
#16709 = EDGE_LOOP('',(#16710,#16711,#16712,#16721));
#16710 = ORIENTED_EDGE('',*,*,#15996,.T.);
#16711 = ORIENTED_EDGE('',*,*,#16697,.T.);
#16712 = ORIENTED_EDGE('',*,*,#16713,.F.);
#16713 = EDGE_CURVE('',#16714,#16684,#16716,.T.);
#16714 = VERTEX_POINT('',#16715);
#16715 = CARTESIAN_POINT('',(0.8,0.4,3.E-02));
#16716 = CIRCLE('',#16717,3.E-02);
#16717 = AXIS2_PLACEMENT_3D('',#16718,#16719,#16720);
#16718 = CARTESIAN_POINT('',(0.77,0.4,3.E-02));
#16719 = DIRECTION('',(0.,1.,0.));
#16720 = DIRECTION('',(0.,-0.,1.));
#16721 = ORIENTED_EDGE('',*,*,#16722,.F.);
#16722 = EDGE_CURVE('',#15989,#16714,#16723,.T.);
#16723 = LINE('',#16724,#16725);
#16724 = CARTESIAN_POINT('',(0.8,-0.4,3.E-02));
#16725 = VECTOR('',#16726,1.);
#16726 = DIRECTION('',(0.,1.,0.));
#16727 = CYLINDRICAL_SURFACE('',#16728,3.E-02);
#16728 = AXIS2_PLACEMENT_3D('',#16729,#16730,#16731);
#16729 = CARTESIAN_POINT('',(0.77,-0.4,3.E-02));
#16730 = DIRECTION('',(0.,1.,0.));
#16731 = DIRECTION('',(1.,0.,0.));
#16732 = ADVANCED_FACE('',(#16733),#16751,.T.);
#16733 = FACE_BOUND('',#16734,.T.);
#16734 = EDGE_LOOP('',(#16735,#16736,#16737,#16745));
#16735 = ORIENTED_EDGE('',*,*,#15988,.F.);
#16736 = ORIENTED_EDGE('',*,*,#16722,.T.);
#16737 = ORIENTED_EDGE('',*,*,#16738,.T.);
#16738 = EDGE_CURVE('',#16714,#16739,#16741,.T.);
#16739 = VERTEX_POINT('',#16740);
#16740 = CARTESIAN_POINT('',(0.8,0.4,0.47));
#16741 = LINE('',#16742,#16743);
#16742 = CARTESIAN_POINT('',(0.8,0.4,0.));
#16743 = VECTOR('',#16744,1.);
#16744 = DIRECTION('',(0.,0.,1.));
#16745 = ORIENTED_EDGE('',*,*,#16746,.F.);
#16746 = EDGE_CURVE('',#15980,#16739,#16747,.T.);
#16747 = LINE('',#16748,#16749);
#16748 = CARTESIAN_POINT('',(0.8,-0.4,0.47));
#16749 = VECTOR('',#16750,1.);
#16750 = DIRECTION('',(0.,1.,0.));
#16751 = PLANE('',#16752);
#16752 = AXIS2_PLACEMENT_3D('',#16753,#16754,#16755);
#16753 = CARTESIAN_POINT('',(0.8,-0.4,0.));
#16754 = DIRECTION('',(1.,0.,0.));
#16755 = DIRECTION('',(0.,0.,1.));
#16756 = ADVANCED_FACE('',(#16757),#16776,.T.);
#16757 = FACE_BOUND('',#16758,.T.);
#16758 = EDGE_LOOP('',(#16759,#16760,#16769,#16775));
#16759 = ORIENTED_EDGE('',*,*,#16746,.T.);
#16760 = ORIENTED_EDGE('',*,*,#16761,.T.);
#16761 = EDGE_CURVE('',#16739,#16762,#16764,.T.);
#16762 = VERTEX_POINT('',#16763);
#16763 = CARTESIAN_POINT('',(0.77,0.4,0.5));
#16764 = CIRCLE('',#16765,3.E-02);
#16765 = AXIS2_PLACEMENT_3D('',#16766,#16767,#16768);
#16766 = CARTESIAN_POINT('',(0.77,0.4,0.47));
#16767 = DIRECTION('',(0.,-1.,0.));
#16768 = DIRECTION('',(0.,0.,1.));
#16769 = ORIENTED_EDGE('',*,*,#16770,.F.);
#16770 = EDGE_CURVE('',#15972,#16762,#16771,.T.);
#16771 = LINE('',#16772,#16773);
#16772 = CARTESIAN_POINT('',(0.77,-0.4,0.5));
#16773 = VECTOR('',#16774,1.);
#16774 = DIRECTION('',(0.,1.,0.));
#16775 = ORIENTED_EDGE('',*,*,#15979,.F.);
#16776 = CYLINDRICAL_SURFACE('',#16777,3.E-02);
#16777 = AXIS2_PLACEMENT_3D('',#16778,#16779,#16780);
#16778 = CARTESIAN_POINT('',(0.77,-0.4,0.47));
#16779 = DIRECTION('',(0.,1.,0.));
#16780 = DIRECTION('',(1.,0.,0.));
#16781 = ADVANCED_FACE('',(#16782),#16823,.T.);
#16782 = FACE_BOUND('',#16783,.T.);
#16783 = EDGE_LOOP('',(#16784,#16792,#16800,#16806,#16807,#16815,#16821,
    #16822));
#16784 = ORIENTED_EDGE('',*,*,#16785,.F.);
#16785 = EDGE_CURVE('',#16786,#16762,#16788,.T.);
#16786 = VERTEX_POINT('',#16787);
#16787 = CARTESIAN_POINT('',(0.725,0.4,0.5));
#16788 = LINE('',#16789,#16790);
#16789 = CARTESIAN_POINT('',(0.5,0.4,0.5));
#16790 = VECTOR('',#16791,1.);
#16791 = DIRECTION('',(1.,0.,0.));
#16792 = ORIENTED_EDGE('',*,*,#16793,.F.);
#16793 = EDGE_CURVE('',#16794,#16786,#16796,.T.);
#16794 = VERTEX_POINT('',#16795);
#16795 = CARTESIAN_POINT('',(0.725,0.3,0.5));
#16796 = LINE('',#16797,#16798);
#16797 = CARTESIAN_POINT('',(0.725,-5.E-02,0.5));
#16798 = VECTOR('',#16799,1.);
#16799 = DIRECTION('',(0.,1.,0.));
#16800 = ORIENTED_EDGE('',*,*,#16801,.F.);
#16801 = EDGE_CURVE('',#16077,#16794,#16802,.T.);
#16802 = LINE('',#16803,#16804);
#16803 = CARTESIAN_POINT('',(-0.1125,0.3,0.5));
#16804 = VECTOR('',#16805,1.);
#16805 = DIRECTION('',(1.,0.,0.));
#16806 = ORIENTED_EDGE('',*,*,#16076,.F.);
#16807 = ORIENTED_EDGE('',*,*,#16808,.F.);
#16808 = EDGE_CURVE('',#16809,#16068,#16811,.T.);
#16809 = VERTEX_POINT('',#16810);
#16810 = CARTESIAN_POINT('',(0.725,-0.3,0.5));
#16811 = LINE('',#16812,#16813);
#16812 = CARTESIAN_POINT('',(0.6125,-0.3,0.5));
#16813 = VECTOR('',#16814,1.);
#16814 = DIRECTION('',(-1.,0.,0.));
#16815 = ORIENTED_EDGE('',*,*,#16816,.F.);
#16816 = EDGE_CURVE('',#15964,#16809,#16817,.T.);
#16817 = LINE('',#16818,#16819);
#16818 = CARTESIAN_POINT('',(0.725,-0.45,0.5));
#16819 = VECTOR('',#16820,1.);
#16820 = DIRECTION('',(0.,1.,0.));
#16821 = ORIENTED_EDGE('',*,*,#15971,.T.);
#16822 = ORIENTED_EDGE('',*,*,#16770,.T.);
#16823 = PLANE('',#16824);
#16824 = AXIS2_PLACEMENT_3D('',#16825,#16826,#16827);
#16825 = CARTESIAN_POINT('',(0.5,-0.4,0.5));
#16826 = DIRECTION('',(0.,0.,1.));
#16827 = DIRECTION('',(1.,0.,-0.));
#16828 = ADVANCED_FACE('',(#16829),#16840,.F.);
#16829 = FACE_BOUND('',#16830,.F.);
#16830 = EDGE_LOOP('',(#16831,#16837,#16838,#16839));
#16831 = ORIENTED_EDGE('',*,*,#16832,.F.);
#16832 = EDGE_CURVE('',#16809,#16012,#16833,.T.);
#16833 = LINE('',#16834,#16835);
#16834 = CARTESIAN_POINT('',(0.725,-0.3,0.75));
#16835 = VECTOR('',#16836,1.);
#16836 = DIRECTION('',(-0.,-0.,-1.));
#16837 = ORIENTED_EDGE('',*,*,#16816,.F.);
#16838 = ORIENTED_EDGE('',*,*,#15963,.T.);
#16839 = ORIENTED_EDGE('',*,*,#16021,.F.);
#16840 = PLANE('',#16841);
#16841 = AXIS2_PLACEMENT_3D('',#16842,#16843,#16844);
#16842 = CARTESIAN_POINT('',(0.725,-0.5,0.75));
#16843 = DIRECTION('',(1.,0.,0.));
#16844 = DIRECTION('',(-0.,1.,0.));
#16845 = ADVANCED_FACE('',(#16846),#16852,.F.);
#16846 = FACE_BOUND('',#16847,.F.);
#16847 = EDGE_LOOP('',(#16848,#16849,#16850,#16851));
#16848 = ORIENTED_EDGE('',*,*,#16808,.F.);
#16849 = ORIENTED_EDGE('',*,*,#16832,.T.);
#16850 = ORIENTED_EDGE('',*,*,#16011,.F.);
#16851 = ORIENTED_EDGE('',*,*,#16067,.T.);
#16852 = PLANE('',#16853);
#16853 = AXIS2_PLACEMENT_3D('',#16854,#16855,#16856);
#16854 = CARTESIAN_POINT('',(0.725,-0.3,0.75));
#16855 = DIRECTION('',(0.,1.,0.));
#16856 = DIRECTION('',(-1.,0.,0.));
#16857 = ADVANCED_FACE('',(#16858),#16874,.F.);
#16858 = FACE_BOUND('',#16859,.F.);
#16859 = EDGE_LOOP('',(#16860,#16861,#16867,#16868));
#16860 = ORIENTED_EDGE('',*,*,#16793,.F.);
#16861 = ORIENTED_EDGE('',*,*,#16862,.T.);
#16862 = EDGE_CURVE('',#16794,#16045,#16863,.T.);
#16863 = LINE('',#16864,#16865);
#16864 = CARTESIAN_POINT('',(0.725,0.3,0.75));
#16865 = VECTOR('',#16866,1.);
#16866 = DIRECTION('',(-0.,-0.,-1.));
#16867 = ORIENTED_EDGE('',*,*,#16052,.F.);
#16868 = ORIENTED_EDGE('',*,*,#16869,.F.);
#16869 = EDGE_CURVE('',#16786,#16036,#16870,.T.);
#16870 = LINE('',#16871,#16872);
#16871 = CARTESIAN_POINT('',(0.725,0.4,0.375));
#16872 = VECTOR('',#16873,1.);
#16873 = DIRECTION('',(0.,0.,-1.));
#16874 = PLANE('',#16875);
#16875 = AXIS2_PLACEMENT_3D('',#16876,#16877,#16878);
#16876 = CARTESIAN_POINT('',(0.725,0.3,0.75));
#16877 = DIRECTION('',(1.,0.,0.));
#16878 = DIRECTION('',(-0.,1.,0.));
#16879 = ADVANCED_FACE('',(#16880),#16886,.F.);
#16880 = FACE_BOUND('',#16881,.F.);
#16881 = EDGE_LOOP('',(#16882,#16883,#16884,#16885));
#16882 = ORIENTED_EDGE('',*,*,#16862,.F.);
#16883 = ORIENTED_EDGE('',*,*,#16801,.F.);
#16884 = ORIENTED_EDGE('',*,*,#16084,.F.);
#16885 = ORIENTED_EDGE('',*,*,#16044,.F.);
#16886 = PLANE('',#16887);
#16887 = AXIS2_PLACEMENT_3D('',#16888,#16889,#16890);
#16888 = CARTESIAN_POINT('',(-0.725,0.3,0.75));
#16889 = DIRECTION('',(0.,-1.,0.));
#16890 = DIRECTION('',(1.,0.,0.));
#16891 = ADVANCED_FACE('',(#16892),#16904,.T.);
#16892 = FACE_BOUND('',#16893,.T.);
#16893 = EDGE_LOOP('',(#16894,#16895,#16896,#16897,#16898,#16899,#16900,
    #16901,#16902,#16903));
#16894 = ORIENTED_EDGE('',*,*,#16272,.F.);
#16895 = ORIENTED_EDGE('',*,*,#16343,.F.);
#16896 = ORIENTED_EDGE('',*,*,#16379,.T.);
#16897 = ORIENTED_EDGE('',*,*,#16403,.T.);
#16898 = ORIENTED_EDGE('',*,*,#16227,.T.);
#16899 = ORIENTED_EDGE('',*,*,#16188,.F.);
#16900 = ORIENTED_EDGE('',*,*,#16115,.F.);
#16901 = ORIENTED_EDGE('',*,*,#16107,.F.);
#16902 = ORIENTED_EDGE('',*,*,#16099,.T.);
#16903 = ORIENTED_EDGE('',*,*,#16474,.F.);
#16904 = PLANE('',#16905);
#16905 = AXIS2_PLACEMENT_3D('',#16906,#16907,#16908);
#16906 = CARTESIAN_POINT('',(-0.8,0.4,0.));
#16907 = DIRECTION('',(0.,1.,0.));
#16908 = DIRECTION('',(0.,-0.,1.));
#16909 = ADVANCED_FACE('',(#16910),#16922,.T.);
#16910 = FACE_BOUND('',#16911,.T.);
#16911 = EDGE_LOOP('',(#16912,#16913,#16914,#16915,#16916,#16917,#16918,
    #16919,#16920,#16921));
#16912 = ORIENTED_EDGE('',*,*,#16683,.F.);
#16913 = ORIENTED_EDGE('',*,*,#16506,.F.);
#16914 = ORIENTED_EDGE('',*,*,#16140,.T.);
#16915 = ORIENTED_EDGE('',*,*,#16132,.T.);
#16916 = ORIENTED_EDGE('',*,*,#16124,.F.);
#16917 = ORIENTED_EDGE('',*,*,#16869,.F.);
#16918 = ORIENTED_EDGE('',*,*,#16785,.T.);
#16919 = ORIENTED_EDGE('',*,*,#16761,.F.);
#16920 = ORIENTED_EDGE('',*,*,#16738,.F.);
#16921 = ORIENTED_EDGE('',*,*,#16713,.T.);
#16922 = PLANE('',#16923);
#16923 = AXIS2_PLACEMENT_3D('',#16924,#16925,#16926);
#16924 = CARTESIAN_POINT('',(0.5,0.4,0.));
#16925 = DIRECTION('',(0.,1.,0.));
#16926 = DIRECTION('',(0.,-0.,1.));
#16927 = ADVANCED_FACE('',(#16928),#16933,.T.);
#16928 = FACE_BOUND('',#16929,.T.);
#16929 = EDGE_LOOP('',(#16930,#16931,#16932));
#16930 = ORIENTED_EDGE('',*,*,#16652,.T.);
#16931 = ORIENTED_EDGE('',*,*,#16628,.T.);
#16932 = ORIENTED_EDGE('',*,*,#16669,.T.);
#16933 = PLANE('',#16934);
#16934 = AXIS2_PLACEMENT_3D('',#16935,#16936,#16937);
#16935 = CARTESIAN_POINT('',(9.237604307034E-02,0.,1.5E-02));
#16936 = DIRECTION('',(-0.,-0.,-1.));
#16937 = DIRECTION('',(-1.,0.,0.));
#16938 = ( GEOMETRIC_REPRESENTATION_CONTEXT(3) 
GLOBAL_UNCERTAINTY_ASSIGNED_CONTEXT((#16942)) 
GLOBAL_UNIT_ASSIGNED_CONTEXT((#16939,#16940,#16941)) 
REPRESENTATION_CONTEXT('Context #1',
  '3D Context with UNIT and UNCERTAINTY') );
#16939 = ( LENGTH_UNIT() NAMED_UNIT(*) SI_UNIT(.MILLI.,.METRE.) );
#16940 = ( NAMED_UNIT(*) PLANE_ANGLE_UNIT() SI_UNIT($,.RADIAN.) );
#16941 = ( NAMED_UNIT(*) SI_UNIT($,.STERADIAN.) SOLID_ANGLE_UNIT() );
#16942 = UNCERTAINTY_MEASURE_WITH_UNIT(LENGTH_MEASURE(1.E-07),#16939,
  'distance_accuracy_value','confusion accuracy');
#16943 = CONTEXT_DEPENDENT_SHAPE_REPRESENTATION(#16944,#16946);
#16944 = ( REPRESENTATION_RELATIONSHIP('','',#15414,#15391) 
REPRESENTATION_RELATIONSHIP_WITH_TRANSFORMATION(#16945) 
SHAPE_REPRESENTATION_RELATIONSHIP() );
#16945 = ITEM_DEFINED_TRANSFORMATION('','',#11,#15392);
#16946 = PRODUCT_DEFINITION_SHAPE('Placement','Placement of an item',
  #16947);
#16947 = NEXT_ASSEMBLY_USAGE_OCCURRENCE('49','=>[0:1:1:13]','',#15386,
  #15409,$);
#16948 = PRODUCT_RELATED_PRODUCT_CATEGORY('part',$,(#15411));
#16949 = CONTEXT_DEPENDENT_SHAPE_REPRESENTATION(#16950,#16952);
#16950 = ( REPRESENTATION_RELATIONSHIP('','',#15391,#10) 
REPRESENTATION_RELATIONSHIP_WITH_TRANSFORMATION(#16951) 
SHAPE_REPRESENTATION_RELATIONSHIP() );
#16951 = ITEM_DEFINED_TRANSFORMATION('','',#11,#191);
#16952 = PRODUCT_DEFINITION_SHAPE('Placement','Placement of an item',
  #16953);
#16953 = NEXT_ASSEMBLY_USAGE_OCCURRENCE('51','LED_3','',#5,#15386,$);
#16954 = CONTEXT_DEPENDENT_SHAPE_REPRESENTATION(#16955,#16957);
#16955 = ( REPRESENTATION_RELATIONSHIP('','',#15391,#10) 
REPRESENTATION_RELATIONSHIP_WITH_TRANSFORMATION(#16956) 
SHAPE_REPRESENTATION_RELATIONSHIP() );
#16956 = ITEM_DEFINED_TRANSFORMATION('','',#11,#195);
#16957 = PRODUCT_DEFINITION_SHAPE('Placement','Placement of an item',
  #16958);
#16958 = NEXT_ASSEMBLY_USAGE_OCCURRENCE('52','D19','',#5,#15386,$);
#16959 = CONTEXT_DEPENDENT_SHAPE_REPRESENTATION(#16960,#16962);
#16960 = ( REPRESENTATION_RELATIONSHIP('','',#15391,#10) 
REPRESENTATION_RELATIONSHIP_WITH_TRANSFORMATION(#16961) 
SHAPE_REPRESENTATION_RELATIONSHIP() );
#16961 = ITEM_DEFINED_TRANSFORMATION('','',#11,#199);
#16962 = PRODUCT_DEFINITION_SHAPE('Placement','Placement of an item',
  #16963);
#16963 = NEXT_ASSEMBLY_USAGE_OCCURRENCE('53','LED_11','',#5,#15386,$);
#16964 = CONTEXT_DEPENDENT_SHAPE_REPRESENTATION(#16965,#16967);
#16965 = ( REPRESENTATION_RELATIONSHIP('','',#15391,#10) 
REPRESENTATION_RELATIONSHIP_WITH_TRANSFORMATION(#16966) 
SHAPE_REPRESENTATION_RELATIONSHIP() );
#16966 = ITEM_DEFINED_TRANSFORMATION('','',#11,#203);
#16967 = PRODUCT_DEFINITION_SHAPE('Placement','Placement of an item',
  #16968);
#16968 = NEXT_ASSEMBLY_USAGE_OCCURRENCE('54','LED_2','',#5,#15386,$);
#16969 = CONTEXT_DEPENDENT_SHAPE_REPRESENTATION(#16970,#16972);
#16970 = ( REPRESENTATION_RELATIONSHIP('','',#15391,#10) 
REPRESENTATION_RELATIONSHIP_WITH_TRANSFORMATION(#16971) 
SHAPE_REPRESENTATION_RELATIONSHIP() );
#16971 = ITEM_DEFINED_TRANSFORMATION('','',#11,#207);
#16972 = PRODUCT_DEFINITION_SHAPE('Placement','Placement of an item',
  #16973);
#16973 = NEXT_ASSEMBLY_USAGE_OCCURRENCE('55','D5','',#5,#15386,$);
#16974 = CONTEXT_DEPENDENT_SHAPE_REPRESENTATION(#16975,#16977);
#16975 = ( REPRESENTATION_RELATIONSHIP('','',#15391,#10) 
REPRESENTATION_RELATIONSHIP_WITH_TRANSFORMATION(#16976) 
SHAPE_REPRESENTATION_RELATIONSHIP() );
#16976 = ITEM_DEFINED_TRANSFORMATION('','',#11,#211);
#16977 = PRODUCT_DEFINITION_SHAPE('Placement','Placement of an item',
  #16978);
#16978 = NEXT_ASSEMBLY_USAGE_OCCURRENCE('56','LED_9','',#5,#15386,$);
#16979 = CONTEXT_DEPENDENT_SHAPE_REPRESENTATION(#16980,#16982);
#16980 = ( REPRESENTATION_RELATIONSHIP('','',#15391,#10) 
REPRESENTATION_RELATIONSHIP_WITH_TRANSFORMATION(#16981) 
SHAPE_REPRESENTATION_RELATIONSHIP() );
#16981 = ITEM_DEFINED_TRANSFORMATION('','',#11,#215);
#16982 = PRODUCT_DEFINITION_SHAPE('Placement','Placement of an item',
  #16983);
#16983 = NEXT_ASSEMBLY_USAGE_OCCURRENCE('57','D4','',#5,#15386,$);
#16984 = CONTEXT_DEPENDENT_SHAPE_REPRESENTATION(#16985,#16987);
#16985 = ( REPRESENTATION_RELATIONSHIP('','',#15391,#10) 
REPRESENTATION_RELATIONSHIP_WITH_TRANSFORMATION(#16986) 
SHAPE_REPRESENTATION_RELATIONSHIP() );
#16986 = ITEM_DEFINED_TRANSFORMATION('','',#11,#219);
#16987 = PRODUCT_DEFINITION_SHAPE('Placement','Placement of an item',
  #16988);
#16988 = NEXT_ASSEMBLY_USAGE_OCCURRENCE('58','LED_7','',#5,#15386,$);
#16989 = CONTEXT_DEPENDENT_SHAPE_REPRESENTATION(#16990,#16992);
#16990 = ( REPRESENTATION_RELATIONSHIP('','',#15391,#10) 
REPRESENTATION_RELATIONSHIP_WITH_TRANSFORMATION(#16991) 
SHAPE_REPRESENTATION_RELATIONSHIP() );
#16991 = ITEM_DEFINED_TRANSFORMATION('','',#11,#223);
#16992 = PRODUCT_DEFINITION_SHAPE('Placement','Placement of an item',
  #16993);
#16993 = NEXT_ASSEMBLY_USAGE_OCCURRENCE('59','D11','',#5,#15386,$);
#16994 = CONTEXT_DEPENDENT_SHAPE_REPRESENTATION(#16995,#16997);
#16995 = ( REPRESENTATION_RELATIONSHIP('','',#15391,#10) 
REPRESENTATION_RELATIONSHIP_WITH_TRANSFORMATION(#16996) 
SHAPE_REPRESENTATION_RELATIONSHIP() );
#16996 = ITEM_DEFINED_TRANSFORMATION('','',#11,#227);
#16997 = PRODUCT_DEFINITION_SHAPE('Placement','Placement of an item',
  #16998);
#16998 = NEXT_ASSEMBLY_USAGE_OCCURRENCE('60','LED_5','',#5,#15386,$);
#16999 = CONTEXT_DEPENDENT_SHAPE_REPRESENTATION(#17000,#17002);
#17000 = ( REPRESENTATION_RELATIONSHIP('','',#15391,#10) 
REPRESENTATION_RELATIONSHIP_WITH_TRANSFORMATION(#17001) 
SHAPE_REPRESENTATION_RELATIONSHIP() );
#17001 = ITEM_DEFINED_TRANSFORMATION('','',#11,#231);
#17002 = PRODUCT_DEFINITION_SHAPE('Placement','Placement of an item',
  #17003);
#17003 = NEXT_ASSEMBLY_USAGE_OCCURRENCE('61','D1','',#5,#15386,$);
#17004 = CONTEXT_DEPENDENT_SHAPE_REPRESENTATION(#17005,#17007);
#17005 = ( REPRESENTATION_RELATIONSHIP('','',#15391,#10) 
REPRESENTATION_RELATIONSHIP_WITH_TRANSFORMATION(#17006) 
SHAPE_REPRESENTATION_RELATIONSHIP() );
#17006 = ITEM_DEFINED_TRANSFORMATION('','',#11,#235);
#17007 = PRODUCT_DEFINITION_SHAPE('Placement','Placement of an item',
  #17008);
#17008 = NEXT_ASSEMBLY_USAGE_OCCURRENCE('62','LED_6','',#5,#15386,$);
#17009 = CONTEXT_DEPENDENT_SHAPE_REPRESENTATION(#17010,#17012);
#17010 = ( REPRESENTATION_RELATIONSHIP('','',#15391,#10) 
REPRESENTATION_RELATIONSHIP_WITH_TRANSFORMATION(#17011) 
SHAPE_REPRESENTATION_RELATIONSHIP() );
#17011 = ITEM_DEFINED_TRANSFORMATION('','',#11,#239);
#17012 = PRODUCT_DEFINITION_SHAPE('Placement','Placement of an item',
  #17013);
#17013 = NEXT_ASSEMBLY_USAGE_OCCURRENCE('63','LED_4','',#5,#15386,$);
#17014 = CONTEXT_DEPENDENT_SHAPE_REPRESENTATION(#17015,#17017);
#17015 = ( REPRESENTATION_RELATIONSHIP('','',#15391,#10) 
REPRESENTATION_RELATIONSHIP_WITH_TRANSFORMATION(#17016) 
SHAPE_REPRESENTATION_RELATIONSHIP() );
#17016 = ITEM_DEFINED_TRANSFORMATION('','',#11,#243);
#17017 = PRODUCT_DEFINITION_SHAPE('Placement','Placement of an item',
  #17018);
#17018 = NEXT_ASSEMBLY_USAGE_OCCURRENCE('64','D8','',#5,#15386,$);
#17019 = CONTEXT_DEPENDENT_SHAPE_REPRESENTATION(#17020,#17022);
#17020 = ( REPRESENTATION_RELATIONSHIP('','',#15391,#10) 
REPRESENTATION_RELATIONSHIP_WITH_TRANSFORMATION(#17021) 
SHAPE_REPRESENTATION_RELATIONSHIP() );
#17021 = ITEM_DEFINED_TRANSFORMATION('','',#11,#247);
#17022 = PRODUCT_DEFINITION_SHAPE('Placement','Placement of an item',
  #17023);
#17023 = NEXT_ASSEMBLY_USAGE_OCCURRENCE('65','D14','',#5,#15386,$);
#17024 = CONTEXT_DEPENDENT_SHAPE_REPRESENTATION(#17025,#17027);
#17025 = ( REPRESENTATION_RELATIONSHIP('','',#15391,#10) 
REPRESENTATION_RELATIONSHIP_WITH_TRANSFORMATION(#17026) 
SHAPE_REPRESENTATION_RELATIONSHIP() );
#17026 = ITEM_DEFINED_TRANSFORMATION('','',#11,#251);
#17027 = PRODUCT_DEFINITION_SHAPE('Placement','Placement of an item',
  #17028);
#17028 = NEXT_ASSEMBLY_USAGE_OCCURRENCE('66','LED_10','',#5,#15386,$);
#17029 = CONTEXT_DEPENDENT_SHAPE_REPRESENTATION(#17030,#17032);
#17030 = ( REPRESENTATION_RELATIONSHIP('','',#15391,#10) 
REPRESENTATION_RELATIONSHIP_WITH_TRANSFORMATION(#17031) 
SHAPE_REPRESENTATION_RELATIONSHIP() );
#17031 = ITEM_DEFINED_TRANSFORMATION('','',#11,#255);
#17032 = PRODUCT_DEFINITION_SHAPE('Placement','Placement of an item',
  #17033);
#17033 = NEXT_ASSEMBLY_USAGE_OCCURRENCE('67','LED_8','',#5,#15386,$);
#17034 = CONTEXT_DEPENDENT_SHAPE_REPRESENTATION(#17035,#17037);
#17035 = ( REPRESENTATION_RELATIONSHIP('','',#15391,#10) 
REPRESENTATION_RELATIONSHIP_WITH_TRANSFORMATION(#17036) 
SHAPE_REPRESENTATION_RELATIONSHIP() );
#17036 = ITEM_DEFINED_TRANSFORMATION('','',#11,#259);
#17037 = PRODUCT_DEFINITION_SHAPE('Placement','Placement of an item',
  #17038);
#17038 = NEXT_ASSEMBLY_USAGE_OCCURRENCE('68','D2','',#5,#15386,$);
#17039 = CONTEXT_DEPENDENT_SHAPE_REPRESENTATION(#17040,#17042);
#17040 = ( REPRESENTATION_RELATIONSHIP('','',#15391,#10) 
REPRESENTATION_RELATIONSHIP_WITH_TRANSFORMATION(#17041) 
SHAPE_REPRESENTATION_RELATIONSHIP() );
#17041 = ITEM_DEFINED_TRANSFORMATION('','',#11,#263);
#17042 = PRODUCT_DEFINITION_SHAPE('Placement','Placement of an item',
  #17043);
#17043 = NEXT_ASSEMBLY_USAGE_OCCURRENCE('69','D3','',#5,#15386,$);
#17044 = CONTEXT_DEPENDENT_SHAPE_REPRESENTATION(#17045,#17047);
#17045 = ( REPRESENTATION_RELATIONSHIP('','',#15391,#10) 
REPRESENTATION_RELATIONSHIP_WITH_TRANSFORMATION(#17046) 
SHAPE_REPRESENTATION_RELATIONSHIP() );
#17046 = ITEM_DEFINED_TRANSFORMATION('','',#11,#267);
#17047 = PRODUCT_DEFINITION_SHAPE('Placement','Placement of an item',
  #17048);
#17048 = NEXT_ASSEMBLY_USAGE_OCCURRENCE('70','LED_1','',#5,#15386,$);
#17049 = CONTEXT_DEPENDENT_SHAPE_REPRESENTATION(#17050,#17052);
#17050 = ( REPRESENTATION_RELATIONSHIP('','',#15391,#10) 
REPRESENTATION_RELATIONSHIP_WITH_TRANSFORMATION(#17051) 
SHAPE_REPRESENTATION_RELATIONSHIP() );
#17051 = ITEM_DEFINED_TRANSFORMATION('','',#11,#271);
#17052 = PRODUCT_DEFINITION_SHAPE('Placement','Placement of an item',
  #17053);
#17053 = NEXT_ASSEMBLY_USAGE_OCCURRENCE('71','D18','',#5,#15386,$);
#17054 = CONTEXT_DEPENDENT_SHAPE_REPRESENTATION(#17055,#17057);
#17055 = ( REPRESENTATION_RELATIONSHIP('','',#15391,#10) 
REPRESENTATION_RELATIONSHIP_WITH_TRANSFORMATION(#17056) 
SHAPE_REPRESENTATION_RELATIONSHIP() );
#17056 = ITEM_DEFINED_TRANSFORMATION('','',#11,#275);
#17057 = PRODUCT_DEFINITION_SHAPE('Placement','Placement of an item',
  #17058);
#17058 = NEXT_ASSEMBLY_USAGE_OCCURRENCE('72','D20','',#5,#15386,$);
#17059 = SHAPE_DEFINITION_REPRESENTATION(#17060,#17066);
#17060 = PRODUCT_DEFINITION_SHAPE('','',#17061);
#17061 = PRODUCT_DEFINITION('design','',#17062,#17065);
#17062 = PRODUCT_DEFINITION_FORMATION('','',#17063);
#17063 = PRODUCT('sideLine_V3_PCB','sideLine_V3_PCB','',(#17064));
#17064 = PRODUCT_CONTEXT('',#2,'mechanical');
#17065 = PRODUCT_DEFINITION_CONTEXT('part definition',#2,'design');
#17066 = ADVANCED_BREP_SHAPE_REPRESENTATION('',(#11,#17067),#17953);
#17067 = MANIFOLD_SOLID_BREP('',#17068);
#17068 = CLOSED_SHELL('',(#17069,#17111,#17142,#17175,#17388,#17601,
    #17618,#17635,#17652,#17669,#17686,#17703,#17720,#17737,#17754,
    #17771,#17783,#17800,#17817,#17834,#17851,#17868,#17885,#17902,
    #17919,#17936));
#17069 = ADVANCED_FACE('',(#17070),#17106,.T.);
#17070 = FACE_BOUND('',#17071,.T.);
#17071 = EDGE_LOOP('',(#17072,#17082,#17091,#17099));
#17072 = ORIENTED_EDGE('',*,*,#17073,.T.);
#17073 = EDGE_CURVE('',#17074,#17076,#17078,.T.);
#17074 = VERTEX_POINT('',#17075);
#17075 = CARTESIAN_POINT('',(256.424587,-58.313896,0.));
#17076 = VERTEX_POINT('',#17077);
#17077 = CARTESIAN_POINT('',(256.424587,-58.313896,1.6));
#17078 = LINE('',#17079,#17080);
#17079 = CARTESIAN_POINT('',(256.424587,-58.313896,0.));
#17080 = VECTOR('',#17081,1.);
#17081 = DIRECTION('',(0.,0.,1.));
#17082 = ORIENTED_EDGE('',*,*,#17083,.T.);
#17083 = EDGE_CURVE('',#17076,#17084,#17086,.T.);
#17084 = VERTEX_POINT('',#17085);
#17085 = CARTESIAN_POINT('',(258.43375,-59.043622,1.6));
#17086 = CIRCLE('',#17087,1.500099595157);
#17087 = AXIS2_PLACEMENT_3D('',#17088,#17089,#17090);
#17088 = CARTESIAN_POINT('',(257.06982821647,-59.66813474112,1.6));
#17089 = DIRECTION('',(0.,0.,-1.));
#17090 = DIRECTION('',(-0.430132251592,0.902765886673,0.));
#17091 = ORIENTED_EDGE('',*,*,#17092,.F.);
#17092 = EDGE_CURVE('',#17093,#17084,#17095,.T.);
#17093 = VERTEX_POINT('',#17094);
#17094 = CARTESIAN_POINT('',(258.43375,-59.043622,0.));
#17095 = LINE('',#17096,#17097);
#17096 = CARTESIAN_POINT('',(258.43375,-59.043622,0.));
#17097 = VECTOR('',#17098,1.);
#17098 = DIRECTION('',(0.,0.,1.));
#17099 = ORIENTED_EDGE('',*,*,#17100,.F.);
#17100 = EDGE_CURVE('',#17074,#17093,#17101,.T.);
#17101 = CIRCLE('',#17102,1.500099595157);
#17102 = AXIS2_PLACEMENT_3D('',#17103,#17104,#17105);
#17103 = CARTESIAN_POINT('',(257.06982821647,-59.66813474112,0.));
#17104 = DIRECTION('',(0.,0.,-1.));
#17105 = DIRECTION('',(-0.430132251592,0.902765886673,0.));
#17106 = CYLINDRICAL_SURFACE('',#17107,1.500099595157);
#17107 = AXIS2_PLACEMENT_3D('',#17108,#17109,#17110);
#17108 = CARTESIAN_POINT('',(257.06982821647,-59.66813474112,0.));
#17109 = DIRECTION('',(0.,0.,-1.));
#17110 = DIRECTION('',(-0.430132251592,0.902765886673,0.));
#17111 = ADVANCED_FACE('',(#17112),#17137,.T.);
#17112 = FACE_BOUND('',#17113,.T.);
#17113 = EDGE_LOOP('',(#17114,#17124,#17130,#17131));
#17114 = ORIENTED_EDGE('',*,*,#17115,.T.);
#17115 = EDGE_CURVE('',#17116,#17118,#17120,.T.);
#17116 = VERTEX_POINT('',#17117);
#17117 = CARTESIAN_POINT('',(250.987747,-60.904783,0.));
#17118 = VERTEX_POINT('',#17119);
#17119 = CARTESIAN_POINT('',(250.987747,-60.904783,1.6));
#17120 = LINE('',#17121,#17122);
#17121 = CARTESIAN_POINT('',(250.987747,-60.904783,0.));
#17122 = VECTOR('',#17123,1.);
#17123 = DIRECTION('',(0.,0.,1.));
#17124 = ORIENTED_EDGE('',*,*,#17125,.T.);
#17125 = EDGE_CURVE('',#17118,#17076,#17126,.T.);
#17126 = LINE('',#17127,#17128);
#17127 = CARTESIAN_POINT('',(250.987747,-60.904783,1.6));
#17128 = VECTOR('',#17129,1.);
#17129 = DIRECTION('',(0.902737019093,0.430192833923,0.));
#17130 = ORIENTED_EDGE('',*,*,#17073,.F.);
#17131 = ORIENTED_EDGE('',*,*,#17132,.F.);
#17132 = EDGE_CURVE('',#17116,#17074,#17133,.T.);
#17133 = LINE('',#17134,#17135);
#17134 = CARTESIAN_POINT('',(250.987747,-60.904783,0.));
#17135 = VECTOR('',#17136,1.);
#17136 = DIRECTION('',(0.902737019093,0.430192833923,0.));
#17137 = PLANE('',#17138);
#17138 = AXIS2_PLACEMENT_3D('',#17139,#17140,#17141);
#17139 = CARTESIAN_POINT('',(250.987747,-60.904783,0.));
#17140 = DIRECTION('',(-0.430192833923,0.902737019093,0.));
#17141 = DIRECTION('',(0.902737019093,0.430192833923,0.));
#17142 = ADVANCED_FACE('',(#17143),#17170,.T.);
#17143 = FACE_BOUND('',#17144,.T.);
#17144 = EDGE_LOOP('',(#17145,#17146,#17155,#17163));
#17145 = ORIENTED_EDGE('',*,*,#17092,.T.);
#17146 = ORIENTED_EDGE('',*,*,#17147,.T.);
#17147 = EDGE_CURVE('',#17084,#17148,#17150,.T.);
#17148 = VERTEX_POINT('',#17149);
#17149 = CARTESIAN_POINT('',(258.43,-141.47,1.6));
#17150 = CIRCLE('',#17151,98.999998782718);
#17151 = AXIS2_PLACEMENT_3D('',#17152,#17153,#17154);
#17152 = CARTESIAN_POINT('',(168.41813831974,-100.252715812,1.6));
#17153 = DIRECTION('',(0.,0.,-1.));
#17154 = DIRECTION('',(0.909248614011,0.416253477967,0.));
#17155 = ORIENTED_EDGE('',*,*,#17156,.F.);
#17156 = EDGE_CURVE('',#17157,#17148,#17159,.T.);
#17157 = VERTEX_POINT('',#17158);
#17158 = CARTESIAN_POINT('',(258.43,-141.47,0.));
#17159 = LINE('',#17160,#17161);
#17160 = CARTESIAN_POINT('',(258.43,-141.47,0.));
#17161 = VECTOR('',#17162,1.);
#17162 = DIRECTION('',(0.,0.,1.));
#17163 = ORIENTED_EDGE('',*,*,#17164,.F.);
#17164 = EDGE_CURVE('',#17093,#17157,#17165,.T.);
#17165 = CIRCLE('',#17166,98.999998782718);
#17166 = AXIS2_PLACEMENT_3D('',#17167,#17168,#17169);
#17167 = CARTESIAN_POINT('',(168.41813831974,-100.252715812,0.));
#17168 = DIRECTION('',(0.,0.,-1.));
#17169 = DIRECTION('',(0.909248614011,0.416253477967,0.));
#17170 = CYLINDRICAL_SURFACE('',#17171,98.999998782718);
#17171 = AXIS2_PLACEMENT_3D('',#17172,#17173,#17174);
#17172 = CARTESIAN_POINT('',(168.41813831974,-100.252715812,0.));
#17173 = DIRECTION('',(0.,0.,-1.));
#17174 = DIRECTION('',(0.909248614011,0.416253477967,0.));
#17175 = ADVANCED_FACE('',(#17176,#17273,#17284,#17295,#17306,#17317,
    #17328,#17339,#17350,#17361,#17372),#17383,.F.);
#17176 = FACE_BOUND('',#17177,.F.);
#17177 = EDGE_LOOP('',(#17178,#17179,#17180,#17189,#17198,#17206,#17214,
    #17223,#17231,#17239,#17248,#17257,#17265,#17272));
#17178 = ORIENTED_EDGE('',*,*,#17100,.F.);
#17179 = ORIENTED_EDGE('',*,*,#17132,.F.);
#17180 = ORIENTED_EDGE('',*,*,#17181,.F.);
#17181 = EDGE_CURVE('',#17182,#17116,#17184,.T.);
#17182 = VERTEX_POINT('',#17183);
#17183 = CARTESIAN_POINT('',(249.777843,-64.175043,0.));
#17184 = CIRCLE('',#17185,2.499946147365);
#17185 = AXIS2_PLACEMENT_3D('',#17186,#17187,#17188);
#17186 = CARTESIAN_POINT('',(252.06315780211,-63.16159986151,0.));
#17187 = DIRECTION('',(0.,0.,-1.));
#17188 = DIRECTION('',(-0.914145612507,-0.405385987836,-0.));
#17189 = ORIENTED_EDGE('',*,*,#17190,.F.);
#17190 = EDGE_CURVE('',#17191,#17182,#17193,.T.);
#17191 = VERTEX_POINT('',#17192);
#17192 = CARTESIAN_POINT('',(257.142429,-93.252716,0.));
#17193 = CIRCLE('',#17194,88.998933278319);
#17194 = AXIS2_PLACEMENT_3D('',#17195,#17196,#17197);
#17195 = CARTESIAN_POINT('',(168.41918567961,-100.2524459511,0.));
#17196 = DIRECTION('',(0.,0.,1.));
#17197 = DIRECTION('',(0.996902322896,7.864959380235E-02,-0.));
#17198 = ORIENTED_EDGE('',*,*,#17199,.F.);
#17199 = EDGE_CURVE('',#17200,#17191,#17202,.T.);
#17200 = VERTEX_POINT('',#17201);
#17201 = CARTESIAN_POINT('',(251.709937,-95.238412,0.));
#17202 = LINE('',#17203,#17204);
#17203 = CARTESIAN_POINT('',(251.709937,-95.238412,0.));
#17204 = VECTOR('',#17205,1.);
#17205 = DIRECTION('',(0.939223285882,0.343306887867,0.));
#17206 = ORIENTED_EDGE('',*,*,#17207,.F.);
#17207 = EDGE_CURVE('',#17208,#17200,#17210,.T.);
#17208 = VERTEX_POINT('',#17209);
#17209 = CARTESIAN_POINT('',(229.88996,-95.260516,0.));
#17210 = LINE('',#17211,#17212);
#17211 = CARTESIAN_POINT('',(229.88996,-95.260516,0.));
#17212 = VECTOR('',#17213,1.);
#17213 = DIRECTION('',(0.999999486899,1.013016130054E-03,0.));
#17214 = ORIENTED_EDGE('',*,*,#17215,.F.);
#17215 = EDGE_CURVE('',#17216,#17208,#17218,.T.);
#17216 = VERTEX_POINT('',#17217);
#17217 = CARTESIAN_POINT('',(229.889948,-105.260828,0.));
#17218 = CIRCLE('',#17219,61.176495113185);
#17219 = AXIS2_PLACEMENT_3D('',#17220,#17221,#17222);
#17220 = CARTESIAN_POINT('',(168.91814088685,-100.2605988361,0.));
#17221 = DIRECTION('',(0.,-0.,1.));
#17222 = DIRECTION('',(0.996654139802,-8.17344824126E-02,-0.));
#17223 = ORIENTED_EDGE('',*,*,#17224,.F.);
#17224 = EDGE_CURVE('',#17225,#17216,#17227,.T.);
#17225 = VERTEX_POINT('',#17226);
#17226 = CARTESIAN_POINT('',(251.729847,-105.236748,0.));
#17227 = LINE('',#17228,#17229);
#17228 = CARTESIAN_POINT('',(251.729847,-105.236748,0.));
#17229 = VECTOR('',#17230,1.);
#17230 = DIRECTION('',(-0.999999392171,-1.102568531268E-03,0.));
#17231 = ORIENTED_EDGE('',*,*,#17232,.F.);
#17232 = EDGE_CURVE('',#17233,#17225,#17235,.T.);
#17233 = VERTEX_POINT('',#17234);
#17234 = CARTESIAN_POINT('',(257.142429,-107.252716,0.));
#17235 = LINE('',#17236,#17237);
#17236 = CARTESIAN_POINT('',(257.142429,-107.252716,0.));
#17237 = VECTOR('',#17238,1.);
#17238 = DIRECTION('',(-0.937109532451,0.349035419679,0.));
#17239 = ORIENTED_EDGE('',*,*,#17240,.F.);
#17240 = EDGE_CURVE('',#17241,#17233,#17243,.T.);
#17241 = VERTEX_POINT('',#17242);
#17242 = CARTESIAN_POINT('',(249.77456,-136.337791,0.));
#17243 = CIRCLE('',#17244,89.000264941574);
#17244 = AXIS2_PLACEMENT_3D('',#17245,#17246,#17247);
#17245 = CARTESIAN_POINT('',(168.41787611286,-100.2526535254,0.));
#17246 = DIRECTION('',(0.,0.,1.));
#17247 = DIRECTION('',(0.914117322466,-0.405449775888,0.));
#17248 = ORIENTED_EDGE('',*,*,#17249,.F.);
#17249 = EDGE_CURVE('',#17250,#17241,#17252,.T.);
#17250 = VERTEX_POINT('',#17251);
#17251 = CARTESIAN_POINT('',(250.984167,-139.608163,0.));
#17252 = CIRCLE('',#17253,2.499960627748);
#17253 = AXIS2_PLACEMENT_3D('',#17254,#17255,#17256);
#17254 = CARTESIAN_POINT('',(252.05980092352,-137.3514364319,0.));
#17255 = DIRECTION('',(0.,0.,-1.));
#17256 = DIRECTION('',(-0.430260345536,-0.902704843822,-0.));
#17257 = ORIENTED_EDGE('',*,*,#17258,.F.);
#17258 = EDGE_CURVE('',#17259,#17250,#17261,.T.);
#17259 = VERTEX_POINT('',#17260);
#17260 = CARTESIAN_POINT('',(256.420773,-142.199544,0.));
#17261 = LINE('',#17262,#17263);
#17262 = CARTESIAN_POINT('',(256.420773,-142.199544,0.));
#17263 = VECTOR('',#17264,1.);
#17264 = DIRECTION('',(-0.902697970766,0.430274765209,0.));
#17265 = ORIENTED_EDGE('',*,*,#17266,.F.);
#17266 = EDGE_CURVE('',#17157,#17259,#17267,.T.);
#17267 = CIRCLE('',#17268,1.499933849786);
#17268 = AXIS2_PLACEMENT_3D('',#17269,#17270,#17271);
#17269 = CARTESIAN_POINT('',(257.06621578855,-140.845584931,0.));
#17270 = DIRECTION('',(-0.,0.,-1.));
#17271 = DIRECTION('',(0.909229571449,-0.416295071316,-0.));
#17272 = ORIENTED_EDGE('',*,*,#17164,.F.);
#17273 = FACE_BOUND('',#17274,.F.);
#17274 = EDGE_LOOP('',(#17275));
#17275 = ORIENTED_EDGE('',*,*,#17276,.F.);
#17276 = EDGE_CURVE('',#17277,#17277,#17279,.T.);
#17277 = VERTEX_POINT('',#17278);
#17278 = CARTESIAN_POINT('',(254.116027,-137.181127,0.));
#17279 = CIRCLE('',#17280,1.6);
#17280 = AXIS2_PLACEMENT_3D('',#17281,#17282,#17283);
#17281 = CARTESIAN_POINT('',(252.516027,-137.181127,0.));
#17282 = DIRECTION('',(0.,0.,1.));
#17283 = DIRECTION('',(1.,0.,-0.));
#17284 = FACE_BOUND('',#17285,.F.);
#17285 = EDGE_LOOP('',(#17286));
#17286 = ORIENTED_EDGE('',*,*,#17287,.T.);
#17287 = EDGE_CURVE('',#17288,#17288,#17290,.T.);
#17288 = VERTEX_POINT('',#17289);
#17289 = CARTESIAN_POINT('',(265.272498,-108.380672,0.));
#17290 = CIRCLE('',#17291,0.5);
#17291 = AXIS2_PLACEMENT_3D('',#17292,#17293,#17294);
#17292 = CARTESIAN_POINT('',(265.272498,-107.880672,0.));
#17293 = DIRECTION('',(-0.,0.,-1.));
#17294 = DIRECTION('',(-0.,-1.,0.));
#17295 = FACE_BOUND('',#17296,.F.);
#17296 = EDGE_LOOP('',(#17297));
#17297 = ORIENTED_EDGE('',*,*,#17298,.T.);
#17298 = EDGE_CURVE('',#17299,#17299,#17301,.T.);
#17299 = VERTEX_POINT('',#17300);
#17300 = CARTESIAN_POINT('',(265.272498,-105.840672,0.));
#17301 = CIRCLE('',#17302,0.5);
#17302 = AXIS2_PLACEMENT_3D('',#17303,#17304,#17305);
#17303 = CARTESIAN_POINT('',(265.272498,-105.340672,0.));
#17304 = DIRECTION('',(-0.,0.,-1.));
#17305 = DIRECTION('',(-0.,-1.,0.));
#17306 = FACE_BOUND('',#17307,.F.);
#17307 = EDGE_LOOP('',(#17308));
#17308 = ORIENTED_EDGE('',*,*,#17309,.T.);
#17309 = EDGE_CURVE('',#17310,#17310,#17312,.T.);
#17310 = VERTEX_POINT('',#17311);
#17311 = CARTESIAN_POINT('',(265.272498,-103.300672,0.));
#17312 = CIRCLE('',#17313,0.5);
#17313 = AXIS2_PLACEMENT_3D('',#17314,#17315,#17316);
#17314 = CARTESIAN_POINT('',(265.272498,-102.800672,0.));
#17315 = DIRECTION('',(-0.,0.,-1.));
#17316 = DIRECTION('',(-0.,-1.,0.));
#17317 = FACE_BOUND('',#17318,.F.);
#17318 = EDGE_LOOP('',(#17319));
#17319 = ORIENTED_EDGE('',*,*,#17320,.T.);
#17320 = EDGE_CURVE('',#17321,#17321,#17323,.T.);
#17321 = VERTEX_POINT('',#17322);
#17322 = CARTESIAN_POINT('',(265.272498,-100.760672,0.));
#17323 = CIRCLE('',#17324,0.5);
#17324 = AXIS2_PLACEMENT_3D('',#17325,#17326,#17327);
#17325 = CARTESIAN_POINT('',(265.272498,-100.260672,0.));
#17326 = DIRECTION('',(-0.,0.,-1.));
#17327 = DIRECTION('',(-0.,-1.,0.));
#17328 = FACE_BOUND('',#17329,.F.);
#17329 = EDGE_LOOP('',(#17330));
#17330 = ORIENTED_EDGE('',*,*,#17331,.F.);
#17331 = EDGE_CURVE('',#17332,#17332,#17334,.T.);
#17332 = VERTEX_POINT('',#17333);
#17333 = CARTESIAN_POINT('',(254.119386,-63.331956,0.));
#17334 = CIRCLE('',#17335,1.6);
#17335 = AXIS2_PLACEMENT_3D('',#17336,#17337,#17338);
#17336 = CARTESIAN_POINT('',(252.519386,-63.331956,0.));
#17337 = DIRECTION('',(0.,0.,1.));
#17338 = DIRECTION('',(1.,0.,-0.));
#17339 = FACE_BOUND('',#17340,.F.);
#17340 = EDGE_LOOP('',(#17341));
#17341 = ORIENTED_EDGE('',*,*,#17342,.F.);
#17342 = EDGE_CURVE('',#17343,#17343,#17345,.T.);
#17343 = VERTEX_POINT('',#17344);
#17344 = CARTESIAN_POINT('',(258.428137,-100.252716,0.));
#17345 = CIRCLE('',#17346,1.E-02);
#17346 = AXIS2_PLACEMENT_3D('',#17347,#17348,#17349);
#17347 = CARTESIAN_POINT('',(258.418137,-100.252716,0.));
#17348 = DIRECTION('',(0.,0.,1.));
#17349 = DIRECTION('',(1.,0.,-0.));
#17350 = FACE_BOUND('',#17351,.F.);
#17351 = EDGE_LOOP('',(#17352));
#17352 = ORIENTED_EDGE('',*,*,#17353,.T.);
#17353 = EDGE_CURVE('',#17354,#17354,#17356,.T.);
#17354 = VERTEX_POINT('',#17355);
#17355 = CARTESIAN_POINT('',(265.272498,-98.220672,0.));
#17356 = CIRCLE('',#17357,0.5);
#17357 = AXIS2_PLACEMENT_3D('',#17358,#17359,#17360);
#17358 = CARTESIAN_POINT('',(265.272498,-97.720672,0.));
#17359 = DIRECTION('',(-0.,0.,-1.));
#17360 = DIRECTION('',(-0.,-1.,0.));
#17361 = FACE_BOUND('',#17362,.F.);
#17362 = EDGE_LOOP('',(#17363));
#17363 = ORIENTED_EDGE('',*,*,#17364,.T.);
#17364 = EDGE_CURVE('',#17365,#17365,#17367,.T.);
#17365 = VERTEX_POINT('',#17366);
#17366 = CARTESIAN_POINT('',(265.272498,-95.680672,0.));
#17367 = CIRCLE('',#17368,0.5);
#17368 = AXIS2_PLACEMENT_3D('',#17369,#17370,#17371);
#17369 = CARTESIAN_POINT('',(265.272498,-95.180672,0.));
#17370 = DIRECTION('',(-0.,0.,-1.));
#17371 = DIRECTION('',(-0.,-1.,0.));
#17372 = FACE_BOUND('',#17373,.F.);
#17373 = EDGE_LOOP('',(#17374));
#17374 = ORIENTED_EDGE('',*,*,#17375,.T.);
#17375 = EDGE_CURVE('',#17376,#17376,#17378,.T.);
#17376 = VERTEX_POINT('',#17377);
#17377 = CARTESIAN_POINT('',(265.272498,-93.140672,0.));
#17378 = CIRCLE('',#17379,0.5);
#17379 = AXIS2_PLACEMENT_3D('',#17380,#17381,#17382);
#17380 = CARTESIAN_POINT('',(265.272498,-92.640672,0.));
#17381 = DIRECTION('',(-0.,0.,-1.));
#17382 = DIRECTION('',(-0.,-1.,0.));
#17383 = PLANE('',#17384);
#17384 = AXIS2_PLACEMENT_3D('',#17385,#17386,#17387);
#17385 = CARTESIAN_POINT('',(0.,0.,0.));
#17386 = DIRECTION('',(0.,0.,1.));
#17387 = DIRECTION('',(1.,0.,-0.));
#17388 = ADVANCED_FACE('',(#17389,#17486,#17497,#17508,#17519,#17530,
    #17541,#17552,#17563,#17574,#17585),#17596,.T.);
#17389 = FACE_BOUND('',#17390,.T.);
#17390 = EDGE_LOOP('',(#17391,#17392,#17393,#17402,#17411,#17419,#17427,
    #17436,#17444,#17452,#17461,#17470,#17478,#17485));
#17391 = ORIENTED_EDGE('',*,*,#17083,.F.);
#17392 = ORIENTED_EDGE('',*,*,#17125,.F.);
#17393 = ORIENTED_EDGE('',*,*,#17394,.F.);
#17394 = EDGE_CURVE('',#17395,#17118,#17397,.T.);
#17395 = VERTEX_POINT('',#17396);
#17396 = CARTESIAN_POINT('',(249.777843,-64.175043,1.6));
#17397 = CIRCLE('',#17398,2.499946147365);
#17398 = AXIS2_PLACEMENT_3D('',#17399,#17400,#17401);
#17399 = CARTESIAN_POINT('',(252.06315780211,-63.16159986151,1.6));
#17400 = DIRECTION('',(0.,0.,-1.));
#17401 = DIRECTION('',(-0.914145612507,-0.405385987836,-0.));
#17402 = ORIENTED_EDGE('',*,*,#17403,.F.);
#17403 = EDGE_CURVE('',#17404,#17395,#17406,.T.);
#17404 = VERTEX_POINT('',#17405);
#17405 = CARTESIAN_POINT('',(257.142429,-93.252716,1.6));
#17406 = CIRCLE('',#17407,88.998933278319);
#17407 = AXIS2_PLACEMENT_3D('',#17408,#17409,#17410);
#17408 = CARTESIAN_POINT('',(168.41918567961,-100.2524459511,1.6));
#17409 = DIRECTION('',(0.,0.,1.));
#17410 = DIRECTION('',(0.996902322896,7.864959380235E-02,-0.));
#17411 = ORIENTED_EDGE('',*,*,#17412,.F.);
#17412 = EDGE_CURVE('',#17413,#17404,#17415,.T.);
#17413 = VERTEX_POINT('',#17414);
#17414 = CARTESIAN_POINT('',(251.709937,-95.238412,1.6));
#17415 = LINE('',#17416,#17417);
#17416 = CARTESIAN_POINT('',(251.709937,-95.238412,1.6));
#17417 = VECTOR('',#17418,1.);
#17418 = DIRECTION('',(0.939223285882,0.343306887867,0.));
#17419 = ORIENTED_EDGE('',*,*,#17420,.F.);
#17420 = EDGE_CURVE('',#17421,#17413,#17423,.T.);
#17421 = VERTEX_POINT('',#17422);
#17422 = CARTESIAN_POINT('',(229.88996,-95.260516,1.6));
#17423 = LINE('',#17424,#17425);
#17424 = CARTESIAN_POINT('',(229.88996,-95.260516,1.6));
#17425 = VECTOR('',#17426,1.);
#17426 = DIRECTION('',(0.999999486899,1.013016130054E-03,0.));
#17427 = ORIENTED_EDGE('',*,*,#17428,.F.);
#17428 = EDGE_CURVE('',#17429,#17421,#17431,.T.);
#17429 = VERTEX_POINT('',#17430);
#17430 = CARTESIAN_POINT('',(229.889948,-105.260828,1.6));
#17431 = CIRCLE('',#17432,61.176495113185);
#17432 = AXIS2_PLACEMENT_3D('',#17433,#17434,#17435);
#17433 = CARTESIAN_POINT('',(168.91814088685,-100.2605988361,1.6));
#17434 = DIRECTION('',(0.,-0.,1.));
#17435 = DIRECTION('',(0.996654139802,-8.17344824126E-02,-0.));
#17436 = ORIENTED_EDGE('',*,*,#17437,.F.);
#17437 = EDGE_CURVE('',#17438,#17429,#17440,.T.);
#17438 = VERTEX_POINT('',#17439);
#17439 = CARTESIAN_POINT('',(251.729847,-105.236748,1.6));
#17440 = LINE('',#17441,#17442);
#17441 = CARTESIAN_POINT('',(251.729847,-105.236748,1.6));
#17442 = VECTOR('',#17443,1.);
#17443 = DIRECTION('',(-0.999999392171,-1.102568531268E-03,0.));
#17444 = ORIENTED_EDGE('',*,*,#17445,.F.);
#17445 = EDGE_CURVE('',#17446,#17438,#17448,.T.);
#17446 = VERTEX_POINT('',#17447);
#17447 = CARTESIAN_POINT('',(257.142429,-107.252716,1.6));
#17448 = LINE('',#17449,#17450);
#17449 = CARTESIAN_POINT('',(257.142429,-107.252716,1.6));
#17450 = VECTOR('',#17451,1.);
#17451 = DIRECTION('',(-0.937109532451,0.349035419679,0.));
#17452 = ORIENTED_EDGE('',*,*,#17453,.F.);
#17453 = EDGE_CURVE('',#17454,#17446,#17456,.T.);
#17454 = VERTEX_POINT('',#17455);
#17455 = CARTESIAN_POINT('',(249.77456,-136.337791,1.6));
#17456 = CIRCLE('',#17457,89.000264941574);
#17457 = AXIS2_PLACEMENT_3D('',#17458,#17459,#17460);
#17458 = CARTESIAN_POINT('',(168.41787611286,-100.2526535254,1.6));
#17459 = DIRECTION('',(0.,0.,1.));
#17460 = DIRECTION('',(0.914117322466,-0.405449775888,0.));
#17461 = ORIENTED_EDGE('',*,*,#17462,.F.);
#17462 = EDGE_CURVE('',#17463,#17454,#17465,.T.);
#17463 = VERTEX_POINT('',#17464);
#17464 = CARTESIAN_POINT('',(250.984167,-139.608163,1.6));
#17465 = CIRCLE('',#17466,2.499960627748);
#17466 = AXIS2_PLACEMENT_3D('',#17467,#17468,#17469);
#17467 = CARTESIAN_POINT('',(252.05980092352,-137.3514364319,1.6));
#17468 = DIRECTION('',(0.,0.,-1.));
#17469 = DIRECTION('',(-0.430260345536,-0.902704843822,-0.));
#17470 = ORIENTED_EDGE('',*,*,#17471,.F.);
#17471 = EDGE_CURVE('',#17472,#17463,#17474,.T.);
#17472 = VERTEX_POINT('',#17473);
#17473 = CARTESIAN_POINT('',(256.420773,-142.199544,1.6));
#17474 = LINE('',#17475,#17476);
#17475 = CARTESIAN_POINT('',(256.420773,-142.199544,1.6));
#17476 = VECTOR('',#17477,1.);
#17477 = DIRECTION('',(-0.902697970766,0.430274765209,0.));
#17478 = ORIENTED_EDGE('',*,*,#17479,.F.);
#17479 = EDGE_CURVE('',#17148,#17472,#17480,.T.);
#17480 = CIRCLE('',#17481,1.499933849786);
#17481 = AXIS2_PLACEMENT_3D('',#17482,#17483,#17484);
#17482 = CARTESIAN_POINT('',(257.06621578855,-140.845584931,1.6));
#17483 = DIRECTION('',(-0.,0.,-1.));
#17484 = DIRECTION('',(0.909229571449,-0.416295071316,-0.));
#17485 = ORIENTED_EDGE('',*,*,#17147,.F.);
#17486 = FACE_BOUND('',#17487,.T.);
#17487 = EDGE_LOOP('',(#17488));
#17488 = ORIENTED_EDGE('',*,*,#17489,.F.);
#17489 = EDGE_CURVE('',#17490,#17490,#17492,.T.);
#17490 = VERTEX_POINT('',#17491);
#17491 = CARTESIAN_POINT('',(254.116027,-137.181127,1.6));
#17492 = CIRCLE('',#17493,1.6);
#17493 = AXIS2_PLACEMENT_3D('',#17494,#17495,#17496);
#17494 = CARTESIAN_POINT('',(252.516027,-137.181127,1.6));
#17495 = DIRECTION('',(0.,0.,1.));
#17496 = DIRECTION('',(1.,0.,-0.));
#17497 = FACE_BOUND('',#17498,.T.);
#17498 = EDGE_LOOP('',(#17499));
#17499 = ORIENTED_EDGE('',*,*,#17500,.T.);
#17500 = EDGE_CURVE('',#17501,#17501,#17503,.T.);
#17501 = VERTEX_POINT('',#17502);
#17502 = CARTESIAN_POINT('',(265.272498,-108.380672,1.6));
#17503 = CIRCLE('',#17504,0.5);
#17504 = AXIS2_PLACEMENT_3D('',#17505,#17506,#17507);
#17505 = CARTESIAN_POINT('',(265.272498,-107.880672,1.6));
#17506 = DIRECTION('',(-0.,0.,-1.));
#17507 = DIRECTION('',(-0.,-1.,0.));
#17508 = FACE_BOUND('',#17509,.T.);
#17509 = EDGE_LOOP('',(#17510));
#17510 = ORIENTED_EDGE('',*,*,#17511,.T.);
#17511 = EDGE_CURVE('',#17512,#17512,#17514,.T.);
#17512 = VERTEX_POINT('',#17513);
#17513 = CARTESIAN_POINT('',(265.272498,-105.840672,1.6));
#17514 = CIRCLE('',#17515,0.5);
#17515 = AXIS2_PLACEMENT_3D('',#17516,#17517,#17518);
#17516 = CARTESIAN_POINT('',(265.272498,-105.340672,1.6));
#17517 = DIRECTION('',(-0.,0.,-1.));
#17518 = DIRECTION('',(-0.,-1.,0.));
#17519 = FACE_BOUND('',#17520,.T.);
#17520 = EDGE_LOOP('',(#17521));
#17521 = ORIENTED_EDGE('',*,*,#17522,.T.);
#17522 = EDGE_CURVE('',#17523,#17523,#17525,.T.);
#17523 = VERTEX_POINT('',#17524);
#17524 = CARTESIAN_POINT('',(265.272498,-103.300672,1.6));
#17525 = CIRCLE('',#17526,0.5);
#17526 = AXIS2_PLACEMENT_3D('',#17527,#17528,#17529);
#17527 = CARTESIAN_POINT('',(265.272498,-102.800672,1.6));
#17528 = DIRECTION('',(-0.,0.,-1.));
#17529 = DIRECTION('',(-0.,-1.,0.));
#17530 = FACE_BOUND('',#17531,.T.);
#17531 = EDGE_LOOP('',(#17532));
#17532 = ORIENTED_EDGE('',*,*,#17533,.T.);
#17533 = EDGE_CURVE('',#17534,#17534,#17536,.T.);
#17534 = VERTEX_POINT('',#17535);
#17535 = CARTESIAN_POINT('',(265.272498,-100.760672,1.6));
#17536 = CIRCLE('',#17537,0.5);
#17537 = AXIS2_PLACEMENT_3D('',#17538,#17539,#17540);
#17538 = CARTESIAN_POINT('',(265.272498,-100.260672,1.6));
#17539 = DIRECTION('',(-0.,0.,-1.));
#17540 = DIRECTION('',(-0.,-1.,0.));
#17541 = FACE_BOUND('',#17542,.T.);
#17542 = EDGE_LOOP('',(#17543));
#17543 = ORIENTED_EDGE('',*,*,#17544,.F.);
#17544 = EDGE_CURVE('',#17545,#17545,#17547,.T.);
#17545 = VERTEX_POINT('',#17546);
#17546 = CARTESIAN_POINT('',(254.119386,-63.331956,1.6));
#17547 = CIRCLE('',#17548,1.6);
#17548 = AXIS2_PLACEMENT_3D('',#17549,#17550,#17551);
#17549 = CARTESIAN_POINT('',(252.519386,-63.331956,1.6));
#17550 = DIRECTION('',(0.,0.,1.));
#17551 = DIRECTION('',(1.,0.,-0.));
#17552 = FACE_BOUND('',#17553,.T.);
#17553 = EDGE_LOOP('',(#17554));
#17554 = ORIENTED_EDGE('',*,*,#17555,.F.);
#17555 = EDGE_CURVE('',#17556,#17556,#17558,.T.);
#17556 = VERTEX_POINT('',#17557);
#17557 = CARTESIAN_POINT('',(258.428137,-100.252716,1.6));
#17558 = CIRCLE('',#17559,1.E-02);
#17559 = AXIS2_PLACEMENT_3D('',#17560,#17561,#17562);
#17560 = CARTESIAN_POINT('',(258.418137,-100.252716,1.6));
#17561 = DIRECTION('',(0.,0.,1.));
#17562 = DIRECTION('',(1.,0.,-0.));
#17563 = FACE_BOUND('',#17564,.T.);
#17564 = EDGE_LOOP('',(#17565));
#17565 = ORIENTED_EDGE('',*,*,#17566,.T.);
#17566 = EDGE_CURVE('',#17567,#17567,#17569,.T.);
#17567 = VERTEX_POINT('',#17568);
#17568 = CARTESIAN_POINT('',(265.272498,-98.220672,1.6));
#17569 = CIRCLE('',#17570,0.5);
#17570 = AXIS2_PLACEMENT_3D('',#17571,#17572,#17573);
#17571 = CARTESIAN_POINT('',(265.272498,-97.720672,1.6));
#17572 = DIRECTION('',(-0.,0.,-1.));
#17573 = DIRECTION('',(-0.,-1.,0.));
#17574 = FACE_BOUND('',#17575,.T.);
#17575 = EDGE_LOOP('',(#17576));
#17576 = ORIENTED_EDGE('',*,*,#17577,.T.);
#17577 = EDGE_CURVE('',#17578,#17578,#17580,.T.);
#17578 = VERTEX_POINT('',#17579);
#17579 = CARTESIAN_POINT('',(265.272498,-95.680672,1.6));
#17580 = CIRCLE('',#17581,0.5);
#17581 = AXIS2_PLACEMENT_3D('',#17582,#17583,#17584);
#17582 = CARTESIAN_POINT('',(265.272498,-95.180672,1.6));
#17583 = DIRECTION('',(-0.,0.,-1.));
#17584 = DIRECTION('',(-0.,-1.,0.));
#17585 = FACE_BOUND('',#17586,.T.);
#17586 = EDGE_LOOP('',(#17587));
#17587 = ORIENTED_EDGE('',*,*,#17588,.T.);
#17588 = EDGE_CURVE('',#17589,#17589,#17591,.T.);
#17589 = VERTEX_POINT('',#17590);
#17590 = CARTESIAN_POINT('',(265.272498,-93.140672,1.6));
#17591 = CIRCLE('',#17592,0.5);
#17592 = AXIS2_PLACEMENT_3D('',#17593,#17594,#17595);
#17593 = CARTESIAN_POINT('',(265.272498,-92.640672,1.6));
#17594 = DIRECTION('',(-0.,0.,-1.));
#17595 = DIRECTION('',(-0.,-1.,0.));
#17596 = PLANE('',#17597);
#17597 = AXIS2_PLACEMENT_3D('',#17598,#17599,#17600);
#17598 = CARTESIAN_POINT('',(0.,0.,1.6));
#17599 = DIRECTION('',(0.,0.,1.));
#17600 = DIRECTION('',(1.,0.,-0.));
#17601 = ADVANCED_FACE('',(#17602),#17613,.T.);
#17602 = FACE_BOUND('',#17603,.T.);
#17603 = EDGE_LOOP('',(#17604,#17610,#17611,#17612));
#17604 = ORIENTED_EDGE('',*,*,#17605,.T.);
#17605 = EDGE_CURVE('',#17182,#17395,#17606,.T.);
#17606 = LINE('',#17607,#17608);
#17607 = CARTESIAN_POINT('',(249.777843,-64.175043,0.));
#17608 = VECTOR('',#17609,1.);
#17609 = DIRECTION('',(0.,0.,1.));
#17610 = ORIENTED_EDGE('',*,*,#17394,.T.);
#17611 = ORIENTED_EDGE('',*,*,#17115,.F.);
#17612 = ORIENTED_EDGE('',*,*,#17181,.F.);
#17613 = CYLINDRICAL_SURFACE('',#17614,2.499946147365);
#17614 = AXIS2_PLACEMENT_3D('',#17615,#17616,#17617);
#17615 = CARTESIAN_POINT('',(252.06315780211,-63.16159986151,0.));
#17616 = DIRECTION('',(0.,0.,-1.));
#17617 = DIRECTION('',(-0.914145612507,-0.405385987836,-0.));
#17618 = ADVANCED_FACE('',(#17619),#17630,.T.);
#17619 = FACE_BOUND('',#17620,.T.);
#17620 = EDGE_LOOP('',(#17621,#17622,#17623,#17629));
#17621 = ORIENTED_EDGE('',*,*,#17156,.T.);
#17622 = ORIENTED_EDGE('',*,*,#17479,.T.);
#17623 = ORIENTED_EDGE('',*,*,#17624,.F.);
#17624 = EDGE_CURVE('',#17259,#17472,#17625,.T.);
#17625 = LINE('',#17626,#17627);
#17626 = CARTESIAN_POINT('',(256.420773,-142.199544,0.));
#17627 = VECTOR('',#17628,1.);
#17628 = DIRECTION('',(0.,0.,1.));
#17629 = ORIENTED_EDGE('',*,*,#17266,.F.);
#17630 = CYLINDRICAL_SURFACE('',#17631,1.499933849786);
#17631 = AXIS2_PLACEMENT_3D('',#17632,#17633,#17634);
#17632 = CARTESIAN_POINT('',(257.06621578855,-140.845584931,0.));
#17633 = DIRECTION('',(-0.,0.,-1.));
#17634 = DIRECTION('',(0.909229571449,-0.416295071316,-0.));
#17635 = ADVANCED_FACE('',(#17636),#17647,.F.);
#17636 = FACE_BOUND('',#17637,.T.);
#17637 = EDGE_LOOP('',(#17638,#17644,#17645,#17646));
#17638 = ORIENTED_EDGE('',*,*,#17639,.T.);
#17639 = EDGE_CURVE('',#17191,#17404,#17640,.T.);
#17640 = LINE('',#17641,#17642);
#17641 = CARTESIAN_POINT('',(257.142429,-93.252716,0.));
#17642 = VECTOR('',#17643,1.);
#17643 = DIRECTION('',(0.,0.,1.));
#17644 = ORIENTED_EDGE('',*,*,#17403,.T.);
#17645 = ORIENTED_EDGE('',*,*,#17605,.F.);
#17646 = ORIENTED_EDGE('',*,*,#17190,.F.);
#17647 = CYLINDRICAL_SURFACE('',#17648,88.998933278319);
#17648 = AXIS2_PLACEMENT_3D('',#17649,#17650,#17651);
#17649 = CARTESIAN_POINT('',(168.41918567961,-100.2524459511,0.));
#17650 = DIRECTION('',(-0.,-0.,-1.));
#17651 = DIRECTION('',(0.996902322896,7.864959380235E-02,-0.));
#17652 = ADVANCED_FACE('',(#17653),#17664,.T.);
#17653 = FACE_BOUND('',#17654,.T.);
#17654 = EDGE_LOOP('',(#17655,#17656,#17657,#17663));
#17655 = ORIENTED_EDGE('',*,*,#17624,.T.);
#17656 = ORIENTED_EDGE('',*,*,#17471,.T.);
#17657 = ORIENTED_EDGE('',*,*,#17658,.F.);
#17658 = EDGE_CURVE('',#17250,#17463,#17659,.T.);
#17659 = LINE('',#17660,#17661);
#17660 = CARTESIAN_POINT('',(250.984167,-139.608163,0.));
#17661 = VECTOR('',#17662,1.);
#17662 = DIRECTION('',(0.,0.,1.));
#17663 = ORIENTED_EDGE('',*,*,#17258,.F.);
#17664 = PLANE('',#17665);
#17665 = AXIS2_PLACEMENT_3D('',#17666,#17667,#17668);
#17666 = CARTESIAN_POINT('',(256.420773,-142.199544,0.));
#17667 = DIRECTION('',(-0.430274765209,-0.902697970766,0.));
#17668 = DIRECTION('',(-0.902697970766,0.430274765209,0.));
#17669 = ADVANCED_FACE('',(#17670),#17681,.T.);
#17670 = FACE_BOUND('',#17671,.T.);
#17671 = EDGE_LOOP('',(#17672,#17678,#17679,#17680));
#17672 = ORIENTED_EDGE('',*,*,#17673,.T.);
#17673 = EDGE_CURVE('',#17200,#17413,#17674,.T.);
#17674 = LINE('',#17675,#17676);
#17675 = CARTESIAN_POINT('',(251.709937,-95.238412,0.));
#17676 = VECTOR('',#17677,1.);
#17677 = DIRECTION('',(0.,0.,1.));
#17678 = ORIENTED_EDGE('',*,*,#17412,.T.);
#17679 = ORIENTED_EDGE('',*,*,#17639,.F.);
#17680 = ORIENTED_EDGE('',*,*,#17199,.F.);
#17681 = PLANE('',#17682);
#17682 = AXIS2_PLACEMENT_3D('',#17683,#17684,#17685);
#17683 = CARTESIAN_POINT('',(251.709937,-95.238412,0.));
#17684 = DIRECTION('',(-0.343306887867,0.939223285882,0.));
#17685 = DIRECTION('',(0.939223285882,0.343306887867,0.));
#17686 = ADVANCED_FACE('',(#17687),#17698,.T.);
#17687 = FACE_BOUND('',#17688,.T.);
#17688 = EDGE_LOOP('',(#17689,#17690,#17691,#17697));
#17689 = ORIENTED_EDGE('',*,*,#17658,.T.);
#17690 = ORIENTED_EDGE('',*,*,#17462,.T.);
#17691 = ORIENTED_EDGE('',*,*,#17692,.F.);
#17692 = EDGE_CURVE('',#17241,#17454,#17693,.T.);
#17693 = LINE('',#17694,#17695);
#17694 = CARTESIAN_POINT('',(249.77456,-136.337791,0.));
#17695 = VECTOR('',#17696,1.);
#17696 = DIRECTION('',(0.,0.,1.));
#17697 = ORIENTED_EDGE('',*,*,#17249,.F.);
#17698 = CYLINDRICAL_SURFACE('',#17699,2.499960627748);
#17699 = AXIS2_PLACEMENT_3D('',#17700,#17701,#17702);
#17700 = CARTESIAN_POINT('',(252.05980092352,-137.3514364319,0.));
#17701 = DIRECTION('',(0.,0.,-1.));
#17702 = DIRECTION('',(-0.430260345536,-0.902704843822,-0.));
#17703 = ADVANCED_FACE('',(#17704),#17715,.T.);
#17704 = FACE_BOUND('',#17705,.T.);
#17705 = EDGE_LOOP('',(#17706,#17712,#17713,#17714));
#17706 = ORIENTED_EDGE('',*,*,#17707,.T.);
#17707 = EDGE_CURVE('',#17208,#17421,#17708,.T.);
#17708 = LINE('',#17709,#17710);
#17709 = CARTESIAN_POINT('',(229.88996,-95.260516,0.));
#17710 = VECTOR('',#17711,1.);
#17711 = DIRECTION('',(0.,0.,1.));
#17712 = ORIENTED_EDGE('',*,*,#17420,.T.);
#17713 = ORIENTED_EDGE('',*,*,#17673,.F.);
#17714 = ORIENTED_EDGE('',*,*,#17207,.F.);
#17715 = PLANE('',#17716);
#17716 = AXIS2_PLACEMENT_3D('',#17717,#17718,#17719);
#17717 = CARTESIAN_POINT('',(229.88996,-95.260516,0.));
#17718 = DIRECTION('',(-1.013016130054E-03,0.999999486899,0.));
#17719 = DIRECTION('',(0.999999486899,1.013016130054E-03,0.));
#17720 = ADVANCED_FACE('',(#17721),#17732,.F.);
#17721 = FACE_BOUND('',#17722,.T.);
#17722 = EDGE_LOOP('',(#17723,#17724,#17725,#17731));
#17723 = ORIENTED_EDGE('',*,*,#17692,.T.);
#17724 = ORIENTED_EDGE('',*,*,#17453,.T.);
#17725 = ORIENTED_EDGE('',*,*,#17726,.F.);
#17726 = EDGE_CURVE('',#17233,#17446,#17727,.T.);
#17727 = LINE('',#17728,#17729);
#17728 = CARTESIAN_POINT('',(257.142429,-107.252716,0.));
#17729 = VECTOR('',#17730,1.);
#17730 = DIRECTION('',(0.,0.,1.));
#17731 = ORIENTED_EDGE('',*,*,#17240,.F.);
#17732 = CYLINDRICAL_SURFACE('',#17733,89.000264941574);
#17733 = AXIS2_PLACEMENT_3D('',#17734,#17735,#17736);
#17734 = CARTESIAN_POINT('',(168.41787611286,-100.2526535254,0.));
#17735 = DIRECTION('',(-0.,-0.,-1.));
#17736 = DIRECTION('',(0.914117322466,-0.405449775888,0.));
#17737 = ADVANCED_FACE('',(#17738),#17749,.F.);
#17738 = FACE_BOUND('',#17739,.T.);
#17739 = EDGE_LOOP('',(#17740,#17746,#17747,#17748));
#17740 = ORIENTED_EDGE('',*,*,#17741,.T.);
#17741 = EDGE_CURVE('',#17216,#17429,#17742,.T.);
#17742 = LINE('',#17743,#17744);
#17743 = CARTESIAN_POINT('',(229.889948,-105.260828,0.));
#17744 = VECTOR('',#17745,1.);
#17745 = DIRECTION('',(0.,0.,1.));
#17746 = ORIENTED_EDGE('',*,*,#17428,.T.);
#17747 = ORIENTED_EDGE('',*,*,#17707,.F.);
#17748 = ORIENTED_EDGE('',*,*,#17215,.F.);
#17749 = CYLINDRICAL_SURFACE('',#17750,61.176495113185);
#17750 = AXIS2_PLACEMENT_3D('',#17751,#17752,#17753);
#17751 = CARTESIAN_POINT('',(168.91814088685,-100.2605988361,0.));
#17752 = DIRECTION('',(-0.,0.,-1.));
#17753 = DIRECTION('',(0.996654139802,-8.17344824126E-02,-0.));
#17754 = ADVANCED_FACE('',(#17755),#17766,.T.);
#17755 = FACE_BOUND('',#17756,.T.);
#17756 = EDGE_LOOP('',(#17757,#17758,#17759,#17765));
#17757 = ORIENTED_EDGE('',*,*,#17726,.T.);
#17758 = ORIENTED_EDGE('',*,*,#17445,.T.);
#17759 = ORIENTED_EDGE('',*,*,#17760,.F.);
#17760 = EDGE_CURVE('',#17225,#17438,#17761,.T.);
#17761 = LINE('',#17762,#17763);
#17762 = CARTESIAN_POINT('',(251.729847,-105.236748,0.));
#17763 = VECTOR('',#17764,1.);
#17764 = DIRECTION('',(0.,0.,1.));
#17765 = ORIENTED_EDGE('',*,*,#17232,.F.);
#17766 = PLANE('',#17767);
#17767 = AXIS2_PLACEMENT_3D('',#17768,#17769,#17770);
#17768 = CARTESIAN_POINT('',(257.142429,-107.252716,0.));
#17769 = DIRECTION('',(-0.349035419679,-0.937109532451,0.));
#17770 = DIRECTION('',(-0.937109532451,0.349035419679,0.));
#17771 = ADVANCED_FACE('',(#17772),#17778,.T.);
#17772 = FACE_BOUND('',#17773,.T.);
#17773 = EDGE_LOOP('',(#17774,#17775,#17776,#17777));
#17774 = ORIENTED_EDGE('',*,*,#17760,.T.);
#17775 = ORIENTED_EDGE('',*,*,#17437,.T.);
#17776 = ORIENTED_EDGE('',*,*,#17741,.F.);
#17777 = ORIENTED_EDGE('',*,*,#17224,.F.);
#17778 = PLANE('',#17779);
#17779 = AXIS2_PLACEMENT_3D('',#17780,#17781,#17782);
#17780 = CARTESIAN_POINT('',(251.729847,-105.236748,0.));
#17781 = DIRECTION('',(1.102568531268E-03,-0.999999392171,0.));
#17782 = DIRECTION('',(-0.999999392171,-1.102568531268E-03,0.));
#17783 = ADVANCED_FACE('',(#17784),#17795,.F.);
#17784 = FACE_BOUND('',#17785,.T.);
#17785 = EDGE_LOOP('',(#17786,#17792,#17793,#17794));
#17786 = ORIENTED_EDGE('',*,*,#17787,.T.);
#17787 = EDGE_CURVE('',#17277,#17490,#17788,.T.);
#17788 = LINE('',#17789,#17790);
#17789 = CARTESIAN_POINT('',(254.116027,-137.181127,0.));
#17790 = VECTOR('',#17791,1.);
#17791 = DIRECTION('',(0.,0.,1.));
#17792 = ORIENTED_EDGE('',*,*,#17489,.T.);
#17793 = ORIENTED_EDGE('',*,*,#17787,.F.);
#17794 = ORIENTED_EDGE('',*,*,#17276,.F.);
#17795 = CYLINDRICAL_SURFACE('',#17796,1.6);
#17796 = AXIS2_PLACEMENT_3D('',#17797,#17798,#17799);
#17797 = CARTESIAN_POINT('',(252.516027,-137.181127,0.));
#17798 = DIRECTION('',(-0.,-0.,-1.));
#17799 = DIRECTION('',(1.,0.,-0.));
#17800 = ADVANCED_FACE('',(#17801),#17812,.F.);
#17801 = FACE_BOUND('',#17802,.T.);
#17802 = EDGE_LOOP('',(#17803,#17804,#17810,#17811));
#17803 = ORIENTED_EDGE('',*,*,#17287,.T.);
#17804 = ORIENTED_EDGE('',*,*,#17805,.T.);
#17805 = EDGE_CURVE('',#17288,#17501,#17806,.T.);
#17806 = LINE('',#17807,#17808);
#17807 = CARTESIAN_POINT('',(265.272498,-108.380672,-4.5E-02));
#17808 = VECTOR('',#17809,1.);
#17809 = DIRECTION('',(0.,0.,1.));
#17810 = ORIENTED_EDGE('',*,*,#17500,.F.);
#17811 = ORIENTED_EDGE('',*,*,#17805,.F.);
#17812 = CYLINDRICAL_SURFACE('',#17813,0.5);
#17813 = AXIS2_PLACEMENT_3D('',#17814,#17815,#17816);
#17814 = CARTESIAN_POINT('',(265.272498,-107.880672,-4.5E-02));
#17815 = DIRECTION('',(-0.,-0.,-1.));
#17816 = DIRECTION('',(-0.,-1.,0.));
#17817 = ADVANCED_FACE('',(#17818),#17829,.F.);
#17818 = FACE_BOUND('',#17819,.T.);
#17819 = EDGE_LOOP('',(#17820,#17821,#17827,#17828));
#17820 = ORIENTED_EDGE('',*,*,#17298,.T.);
#17821 = ORIENTED_EDGE('',*,*,#17822,.T.);
#17822 = EDGE_CURVE('',#17299,#17512,#17823,.T.);
#17823 = LINE('',#17824,#17825);
#17824 = CARTESIAN_POINT('',(265.272498,-105.840672,-4.5E-02));
#17825 = VECTOR('',#17826,1.);
#17826 = DIRECTION('',(0.,0.,1.));
#17827 = ORIENTED_EDGE('',*,*,#17511,.F.);
#17828 = ORIENTED_EDGE('',*,*,#17822,.F.);
#17829 = CYLINDRICAL_SURFACE('',#17830,0.5);
#17830 = AXIS2_PLACEMENT_3D('',#17831,#17832,#17833);
#17831 = CARTESIAN_POINT('',(265.272498,-105.340672,-4.5E-02));
#17832 = DIRECTION('',(-0.,-0.,-1.));
#17833 = DIRECTION('',(-0.,-1.,0.));
#17834 = ADVANCED_FACE('',(#17835),#17846,.F.);
#17835 = FACE_BOUND('',#17836,.T.);
#17836 = EDGE_LOOP('',(#17837,#17838,#17844,#17845));
#17837 = ORIENTED_EDGE('',*,*,#17309,.T.);
#17838 = ORIENTED_EDGE('',*,*,#17839,.T.);
#17839 = EDGE_CURVE('',#17310,#17523,#17840,.T.);
#17840 = LINE('',#17841,#17842);
#17841 = CARTESIAN_POINT('',(265.272498,-103.300672,-4.5E-02));
#17842 = VECTOR('',#17843,1.);
#17843 = DIRECTION('',(0.,0.,1.));
#17844 = ORIENTED_EDGE('',*,*,#17522,.F.);
#17845 = ORIENTED_EDGE('',*,*,#17839,.F.);
#17846 = CYLINDRICAL_SURFACE('',#17847,0.5);
#17847 = AXIS2_PLACEMENT_3D('',#17848,#17849,#17850);
#17848 = CARTESIAN_POINT('',(265.272498,-102.800672,-4.5E-02));
#17849 = DIRECTION('',(-0.,-0.,-1.));
#17850 = DIRECTION('',(-0.,-1.,0.));
#17851 = ADVANCED_FACE('',(#17852),#17863,.F.);
#17852 = FACE_BOUND('',#17853,.T.);
#17853 = EDGE_LOOP('',(#17854,#17855,#17861,#17862));
#17854 = ORIENTED_EDGE('',*,*,#17320,.T.);
#17855 = ORIENTED_EDGE('',*,*,#17856,.T.);
#17856 = EDGE_CURVE('',#17321,#17534,#17857,.T.);
#17857 = LINE('',#17858,#17859);
#17858 = CARTESIAN_POINT('',(265.272498,-100.760672,-4.5E-02));
#17859 = VECTOR('',#17860,1.);
#17860 = DIRECTION('',(0.,0.,1.));
#17861 = ORIENTED_EDGE('',*,*,#17533,.F.);
#17862 = ORIENTED_EDGE('',*,*,#17856,.F.);
#17863 = CYLINDRICAL_SURFACE('',#17864,0.5);
#17864 = AXIS2_PLACEMENT_3D('',#17865,#17866,#17867);
#17865 = CARTESIAN_POINT('',(265.272498,-100.260672,-4.5E-02));
#17866 = DIRECTION('',(-0.,-0.,-1.));
#17867 = DIRECTION('',(-0.,-1.,0.));
#17868 = ADVANCED_FACE('',(#17869),#17880,.F.);
#17869 = FACE_BOUND('',#17870,.T.);
#17870 = EDGE_LOOP('',(#17871,#17877,#17878,#17879));
#17871 = ORIENTED_EDGE('',*,*,#17872,.T.);
#17872 = EDGE_CURVE('',#17332,#17545,#17873,.T.);
#17873 = LINE('',#17874,#17875);
#17874 = CARTESIAN_POINT('',(254.119386,-63.331956,0.));
#17875 = VECTOR('',#17876,1.);
#17876 = DIRECTION('',(0.,0.,1.));
#17877 = ORIENTED_EDGE('',*,*,#17544,.T.);
#17878 = ORIENTED_EDGE('',*,*,#17872,.F.);
#17879 = ORIENTED_EDGE('',*,*,#17331,.F.);
#17880 = CYLINDRICAL_SURFACE('',#17881,1.6);
#17881 = AXIS2_PLACEMENT_3D('',#17882,#17883,#17884);
#17882 = CARTESIAN_POINT('',(252.519386,-63.331956,0.));
#17883 = DIRECTION('',(-0.,-0.,-1.));
#17884 = DIRECTION('',(1.,0.,-0.));
#17885 = ADVANCED_FACE('',(#17886),#17897,.F.);
#17886 = FACE_BOUND('',#17887,.T.);
#17887 = EDGE_LOOP('',(#17888,#17894,#17895,#17896));
#17888 = ORIENTED_EDGE('',*,*,#17889,.T.);
#17889 = EDGE_CURVE('',#17343,#17556,#17890,.T.);
#17890 = LINE('',#17891,#17892);
#17891 = CARTESIAN_POINT('',(258.428137,-100.252716,0.));
#17892 = VECTOR('',#17893,1.);
#17893 = DIRECTION('',(0.,0.,1.));
#17894 = ORIENTED_EDGE('',*,*,#17555,.T.);
#17895 = ORIENTED_EDGE('',*,*,#17889,.F.);
#17896 = ORIENTED_EDGE('',*,*,#17342,.F.);
#17897 = CYLINDRICAL_SURFACE('',#17898,1.E-02);
#17898 = AXIS2_PLACEMENT_3D('',#17899,#17900,#17901);
#17899 = CARTESIAN_POINT('',(258.418137,-100.252716,0.));
#17900 = DIRECTION('',(-0.,-0.,-1.));
#17901 = DIRECTION('',(1.,0.,-0.));
#17902 = ADVANCED_FACE('',(#17903),#17914,.F.);
#17903 = FACE_BOUND('',#17904,.T.);
#17904 = EDGE_LOOP('',(#17905,#17906,#17912,#17913));
#17905 = ORIENTED_EDGE('',*,*,#17353,.T.);
#17906 = ORIENTED_EDGE('',*,*,#17907,.T.);
#17907 = EDGE_CURVE('',#17354,#17567,#17908,.T.);
#17908 = LINE('',#17909,#17910);
#17909 = CARTESIAN_POINT('',(265.272498,-98.220672,-4.5E-02));
#17910 = VECTOR('',#17911,1.);
#17911 = DIRECTION('',(0.,0.,1.));
#17912 = ORIENTED_EDGE('',*,*,#17566,.F.);
#17913 = ORIENTED_EDGE('',*,*,#17907,.F.);
#17914 = CYLINDRICAL_SURFACE('',#17915,0.5);
#17915 = AXIS2_PLACEMENT_3D('',#17916,#17917,#17918);
#17916 = CARTESIAN_POINT('',(265.272498,-97.720672,-4.5E-02));
#17917 = DIRECTION('',(-0.,-0.,-1.));
#17918 = DIRECTION('',(-0.,-1.,0.));
#17919 = ADVANCED_FACE('',(#17920),#17931,.F.);
#17920 = FACE_BOUND('',#17921,.T.);
#17921 = EDGE_LOOP('',(#17922,#17923,#17929,#17930));
#17922 = ORIENTED_EDGE('',*,*,#17364,.T.);
#17923 = ORIENTED_EDGE('',*,*,#17924,.T.);
#17924 = EDGE_CURVE('',#17365,#17578,#17925,.T.);
#17925 = LINE('',#17926,#17927);
#17926 = CARTESIAN_POINT('',(265.272498,-95.680672,-4.5E-02));
#17927 = VECTOR('',#17928,1.);
#17928 = DIRECTION('',(0.,0.,1.));
#17929 = ORIENTED_EDGE('',*,*,#17577,.F.);
#17930 = ORIENTED_EDGE('',*,*,#17924,.F.);
#17931 = CYLINDRICAL_SURFACE('',#17932,0.5);
#17932 = AXIS2_PLACEMENT_3D('',#17933,#17934,#17935);
#17933 = CARTESIAN_POINT('',(265.272498,-95.180672,-4.5E-02));
#17934 = DIRECTION('',(-0.,-0.,-1.));
#17935 = DIRECTION('',(-0.,-1.,0.));
#17936 = ADVANCED_FACE('',(#17937),#17948,.F.);
#17937 = FACE_BOUND('',#17938,.T.);
#17938 = EDGE_LOOP('',(#17939,#17940,#17946,#17947));
#17939 = ORIENTED_EDGE('',*,*,#17375,.T.);
#17940 = ORIENTED_EDGE('',*,*,#17941,.T.);
#17941 = EDGE_CURVE('',#17376,#17589,#17942,.T.);
#17942 = LINE('',#17943,#17944);
#17943 = CARTESIAN_POINT('',(265.272498,-93.140672,-4.5E-02));
#17944 = VECTOR('',#17945,1.);
#17945 = DIRECTION('',(0.,0.,1.));
#17946 = ORIENTED_EDGE('',*,*,#17588,.F.);
#17947 = ORIENTED_EDGE('',*,*,#17941,.F.);
#17948 = CYLINDRICAL_SURFACE('',#17949,0.5);
#17949 = AXIS2_PLACEMENT_3D('',#17950,#17951,#17952);
#17950 = CARTESIAN_POINT('',(265.272498,-92.640672,-4.5E-02));
#17951 = DIRECTION('',(-0.,-0.,-1.));
#17952 = DIRECTION('',(-0.,-1.,0.));
#17953 = ( GEOMETRIC_REPRESENTATION_CONTEXT(3) 
GLOBAL_UNCERTAINTY_ASSIGNED_CONTEXT((#17957)) 
GLOBAL_UNIT_ASSIGNED_CONTEXT((#17954,#17955,#17956)) 
REPRESENTATION_CONTEXT('Context #1',
  '3D Context with UNIT and UNCERTAINTY') );
#17954 = ( LENGTH_UNIT() NAMED_UNIT(*) SI_UNIT(.MILLI.,.METRE.) );
#17955 = ( NAMED_UNIT(*) PLANE_ANGLE_UNIT() SI_UNIT($,.RADIAN.) );
#17956 = ( NAMED_UNIT(*) SI_UNIT($,.STERADIAN.) SOLID_ANGLE_UNIT() );
#17957 = UNCERTAINTY_MEASURE_WITH_UNIT(LENGTH_MEASURE(1.E-07),#17954,
  'distance_accuracy_value','confusion accuracy');
#17958 = CONTEXT_DEPENDENT_SHAPE_REPRESENTATION(#17959,#17961);
#17959 = ( REPRESENTATION_RELATIONSHIP('','',#17066,#10) 
REPRESENTATION_RELATIONSHIP_WITH_TRANSFORMATION(#17960) 
SHAPE_REPRESENTATION_RELATIONSHIP() );
#17960 = ITEM_DEFINED_TRANSFORMATION('','',#11,#279);
#17961 = PRODUCT_DEFINITION_SHAPE('Placement','Placement of an item',
  #17962);
#17962 = NEXT_ASSEMBLY_USAGE_OCCURRENCE('73','=>[0:1:1:14]','',#5,#17061
  ,$);
#17963 = PRODUCT_RELATED_PRODUCT_CATEGORY('part',$,(#17063));
#17964 = MECHANICAL_DESIGN_GEOMETRIC_PRESENTATION_REPRESENTATION('',(
    #17965,#17973,#17980,#17987,#17994,#18001,#18008,#18015,#18023,
    #18030,#18037,#18044,#18051,#18058,#18066,#18073,#18080,#18087,
    #18094,#18101,#18108,#18115,#18122,#18129,#18136,#18143),#1110);
#17965 = STYLED_ITEM('color',(#17966),#322);
#17966 = PRESENTATION_STYLE_ASSIGNMENT((#17967));
#17967 = SURFACE_STYLE_USAGE(.BOTH.,#17968);
#17968 = SURFACE_SIDE_STYLE('',(#17969));
#17969 = SURFACE_STYLE_FILL_AREA(#17970);
#17970 = FILL_AREA_STYLE('',(#17971));
#17971 = FILL_AREA_STYLE_COLOUR('',#17972);
#17972 = COLOUR_RGB('',0.823999987314,0.819999987296,0.781000009244);
#17973 = STYLED_ITEM('color',(#17974),#362);
#17974 = PRESENTATION_STYLE_ASSIGNMENT((#17975));
#17975 = SURFACE_STYLE_USAGE(.BOTH.,#17976);
#17976 = SURFACE_SIDE_STYLE('',(#17977));
#17977 = SURFACE_STYLE_FILL_AREA(#17978);
#17978 = FILL_AREA_STYLE('',(#17979));
#17979 = FILL_AREA_STYLE_COLOUR('',#17972);
#17980 = STYLED_ITEM('color',(#17981),#445);
#17981 = PRESENTATION_STYLE_ASSIGNMENT((#17982));
#17982 = SURFACE_STYLE_USAGE(.BOTH.,#17983);
#17983 = SURFACE_SIDE_STYLE('',(#17984));
#17984 = SURFACE_STYLE_FILL_AREA(#17985);
#17985 = FILL_AREA_STYLE('',(#17986));
#17986 = FILL_AREA_STYLE_COLOUR('',#17972);
#17987 = STYLED_ITEM('color',(#17988),#470);
#17988 = PRESENTATION_STYLE_ASSIGNMENT((#17989));
#17989 = SURFACE_STYLE_USAGE(.BOTH.,#17990);
#17990 = SURFACE_SIDE_STYLE('',(#17991));
#17991 = SURFACE_STYLE_FILL_AREA(#17992);
#17992 = FILL_AREA_STYLE('',(#17993));
#17993 = FILL_AREA_STYLE_COLOUR('',#17972);
#17994 = STYLED_ITEM('color',(#17995),#495);
#17995 = PRESENTATION_STYLE_ASSIGNMENT((#17996));
#17996 = SURFACE_STYLE_USAGE(.BOTH.,#17997);
#17997 = SURFACE_SIDE_STYLE('',(#17998));
#17998 = SURFACE_STYLE_FILL_AREA(#17999);
#17999 = FILL_AREA_STYLE('',(#18000));
#18000 = FILL_AREA_STYLE_COLOUR('',#17972);
#18001 = STYLED_ITEM('color',(#18002),#562);
#18002 = PRESENTATION_STYLE_ASSIGNMENT((#18003));
#18003 = SURFACE_STYLE_USAGE(.BOTH.,#18004);
#18004 = SURFACE_SIDE_STYLE('',(#18005));
#18005 = SURFACE_STYLE_FILL_AREA(#18006);
#18006 = FILL_AREA_STYLE('',(#18007));
#18007 = FILL_AREA_STYLE_COLOUR('',#17972);
#18008 = STYLED_ITEM('color',(#18009),#579);
#18009 = PRESENTATION_STYLE_ASSIGNMENT((#18010));
#18010 = SURFACE_STYLE_USAGE(.BOTH.,#18011);
#18011 = SURFACE_SIDE_STYLE('',(#18012));
#18012 = SURFACE_STYLE_FILL_AREA(#18013);
#18013 = FILL_AREA_STYLE('',(#18014));
#18014 = FILL_AREA_STYLE_COLOUR('',#17972);
#18015 = STYLED_ITEM('color',(#18016),#596);
#18016 = PRESENTATION_STYLE_ASSIGNMENT((#18017));
#18017 = SURFACE_STYLE_USAGE(.BOTH.,#18018);
#18018 = SURFACE_SIDE_STYLE('',(#18019));
#18019 = SURFACE_STYLE_FILL_AREA(#18020);
#18020 = FILL_AREA_STYLE('',(#18021));
#18021 = FILL_AREA_STYLE_COLOUR('',#18022);
#18022 = COLOUR_RGB('',0.894999966383,0.890999961016,0.813000030345);
#18023 = STYLED_ITEM('color',(#18024),#645);
#18024 = PRESENTATION_STYLE_ASSIGNMENT((#18025));
#18025 = SURFACE_STYLE_USAGE(.BOTH.,#18026);
#18026 = SURFACE_SIDE_STYLE('',(#18027));
#18027 = SURFACE_STYLE_FILL_AREA(#18028);
#18028 = FILL_AREA_STYLE('',(#18029));
#18029 = FILL_AREA_STYLE_COLOUR('',#17972);
#18030 = STYLED_ITEM('color',(#18031),#662);
#18031 = PRESENTATION_STYLE_ASSIGNMENT((#18032));
#18032 = SURFACE_STYLE_USAGE(.BOTH.,#18033);
#18033 = SURFACE_SIDE_STYLE('',(#18034));
#18034 = SURFACE_STYLE_FILL_AREA(#18035);
#18035 = FILL_AREA_STYLE('',(#18036));
#18036 = FILL_AREA_STYLE_COLOUR('',#17972);
#18037 = STYLED_ITEM('color',(#18038),#679);
#18038 = PRESENTATION_STYLE_ASSIGNMENT((#18039));
#18039 = SURFACE_STYLE_USAGE(.BOTH.,#18040);
#18040 = SURFACE_SIDE_STYLE('',(#18041));
#18041 = SURFACE_STYLE_FILL_AREA(#18042);
#18042 = FILL_AREA_STYLE('',(#18043));
#18043 = FILL_AREA_STYLE_COLOUR('',#18022);
#18044 = STYLED_ITEM('color',(#18045),#728);
#18045 = PRESENTATION_STYLE_ASSIGNMENT((#18046));
#18046 = SURFACE_STYLE_USAGE(.BOTH.,#18047);
#18047 = SURFACE_SIDE_STYLE('',(#18048));
#18048 = SURFACE_STYLE_FILL_AREA(#18049);
#18049 = FILL_AREA_STYLE('',(#18050));
#18050 = FILL_AREA_STYLE_COLOUR('',#18022);
#18051 = STYLED_ITEM('color',(#18052),#745);
#18052 = PRESENTATION_STYLE_ASSIGNMENT((#18053));
#18053 = SURFACE_STYLE_USAGE(.BOTH.,#18054);
#18054 = SURFACE_SIDE_STYLE('',(#18055));
#18055 = SURFACE_STYLE_FILL_AREA(#18056);
#18056 = FILL_AREA_STYLE('',(#18057));
#18057 = FILL_AREA_STYLE_COLOUR('',#17972);
#18058 = STYLED_ITEM('color',(#18059),#814);
#18059 = PRESENTATION_STYLE_ASSIGNMENT((#18060));
#18060 = SURFACE_STYLE_USAGE(.BOTH.,#18061);
#18061 = SURFACE_SIDE_STYLE('',(#18062));
#18062 = SURFACE_STYLE_FILL_AREA(#18063);
#18063 = FILL_AREA_STYLE('',(#18064));
#18064 = FILL_AREA_STYLE_COLOUR('',#18065);
#18065 = COLOUR_RGB('',8.200000279077E-02,8.600000121357E-02,
  9.399999706163E-02);
#18066 = STYLED_ITEM('color',(#18067),#845);
#18067 = PRESENTATION_STYLE_ASSIGNMENT((#18068));
#18068 = SURFACE_STYLE_USAGE(.BOTH.,#18069);
#18069 = SURFACE_SIDE_STYLE('',(#18070));
#18070 = SURFACE_STYLE_FILL_AREA(#18071);
#18071 = FILL_AREA_STYLE('',(#18072));
#18072 = FILL_AREA_STYLE_COLOUR('',#18065);
#18073 = STYLED_ITEM('color',(#18074),#869);
#18074 = PRESENTATION_STYLE_ASSIGNMENT((#18075));
#18075 = SURFACE_STYLE_USAGE(.BOTH.,#18076);
#18076 = SURFACE_SIDE_STYLE('',(#18077));
#18077 = SURFACE_STYLE_FILL_AREA(#18078);
#18078 = FILL_AREA_STYLE('',(#18079));
#18079 = FILL_AREA_STYLE_COLOUR('',#17972);
#18080 = STYLED_ITEM('color',(#18081),#938);
#18081 = PRESENTATION_STYLE_ASSIGNMENT((#18082));
#18082 = SURFACE_STYLE_USAGE(.BOTH.,#18083);
#18083 = SURFACE_SIDE_STYLE('',(#18084));
#18084 = SURFACE_STYLE_FILL_AREA(#18085);
#18085 = FILL_AREA_STYLE('',(#18086));
#18086 = FILL_AREA_STYLE_COLOUR('',#18065);
#18087 = STYLED_ITEM('color',(#18088),#962);
#18088 = PRESENTATION_STYLE_ASSIGNMENT((#18089));
#18089 = SURFACE_STYLE_USAGE(.BOTH.,#18090);
#18090 = SURFACE_SIDE_STYLE('',(#18091));
#18091 = SURFACE_STYLE_FILL_AREA(#18092);
#18092 = FILL_AREA_STYLE('',(#18093));
#18093 = FILL_AREA_STYLE_COLOUR('',#17972);
#18094 = STYLED_ITEM('color',(#18095),#979);
#18095 = PRESENTATION_STYLE_ASSIGNMENT((#18096));
#18096 = SURFACE_STYLE_USAGE(.BOTH.,#18097);
#18097 = SURFACE_SIDE_STYLE('',(#18098));
#18098 = SURFACE_STYLE_FILL_AREA(#18099);
#18099 = FILL_AREA_STYLE('',(#18100));
#18100 = FILL_AREA_STYLE_COLOUR('',#17972);
#18101 = STYLED_ITEM('color',(#18102),#996);
#18102 = PRESENTATION_STYLE_ASSIGNMENT((#18103));
#18103 = SURFACE_STYLE_USAGE(.BOTH.,#18104);
#18104 = SURFACE_SIDE_STYLE('',(#18105));
#18105 = SURFACE_STYLE_FILL_AREA(#18106);
#18106 = FILL_AREA_STYLE('',(#18107));
#18107 = FILL_AREA_STYLE_COLOUR('',#17972);
#18108 = STYLED_ITEM('color',(#18109),#1013);
#18109 = PRESENTATION_STYLE_ASSIGNMENT((#18110));
#18110 = SURFACE_STYLE_USAGE(.BOTH.,#18111);
#18111 = SURFACE_SIDE_STYLE('',(#18112));
#18112 = SURFACE_STYLE_FILL_AREA(#18113);
#18113 = FILL_AREA_STYLE('',(#18114));
#18114 = FILL_AREA_STYLE_COLOUR('',#17972);
#18115 = STYLED_ITEM('color',(#18116),#1030);
#18116 = PRESENTATION_STYLE_ASSIGNMENT((#18117));
#18117 = SURFACE_STYLE_USAGE(.BOTH.,#18118);
#18118 = SURFACE_SIDE_STYLE('',(#18119));
#18119 = SURFACE_STYLE_FILL_AREA(#18120);
#18120 = FILL_AREA_STYLE('',(#18121));
#18121 = FILL_AREA_STYLE_COLOUR('',#17972);
#18122 = STYLED_ITEM('color',(#18123),#1047);
#18123 = PRESENTATION_STYLE_ASSIGNMENT((#18124));
#18124 = SURFACE_STYLE_USAGE(.BOTH.,#18125);
#18125 = SURFACE_SIDE_STYLE('',(#18126));
#18126 = SURFACE_STYLE_FILL_AREA(#18127);
#18127 = FILL_AREA_STYLE('',(#18128));
#18128 = FILL_AREA_STYLE_COLOUR('',#17972);
#18129 = STYLED_ITEM('color',(#18130),#1064);
#18130 = PRESENTATION_STYLE_ASSIGNMENT((#18131));
#18131 = SURFACE_STYLE_USAGE(.BOTH.,#18132);
#18132 = SURFACE_SIDE_STYLE('',(#18133));
#18133 = SURFACE_STYLE_FILL_AREA(#18134);
#18134 = FILL_AREA_STYLE('',(#18135));
#18135 = FILL_AREA_STYLE_COLOUR('',#17972);
#18136 = STYLED_ITEM('color',(#18137),#1081);
#18137 = PRESENTATION_STYLE_ASSIGNMENT((#18138));
#18138 = SURFACE_STYLE_USAGE(.BOTH.,#18139);
#18139 = SURFACE_SIDE_STYLE('',(#18140));
#18140 = SURFACE_STYLE_FILL_AREA(#18141);
#18141 = FILL_AREA_STYLE('',(#18142));
#18142 = FILL_AREA_STYLE_COLOUR('',#18065);
#18143 = STYLED_ITEM('color',(#18144),#1098);
#18144 = PRESENTATION_STYLE_ASSIGNMENT((#18145));
#18145 = SURFACE_STYLE_USAGE(.BOTH.,#18146);
#18146 = SURFACE_SIDE_STYLE('',(#18147));
#18147 = SURFACE_STYLE_FILL_AREA(#18148);
#18148 = FILL_AREA_STYLE('',(#18149));
#18149 = FILL_AREA_STYLE_COLOUR('',#18065);
#18150 = MECHANICAL_DESIGN_GEOMETRIC_PRESENTATION_REPRESENTATION('',(
    #18151,#18159,#18166,#18173,#18180,#18187,#18194,#18201,#18208,
    #18215,#18222,#18229,#18236,#18243,#18250,#18257,#18264,#18271,
    #18278,#18285,#18292,#18299,#18306,#18313,#18320,#18327,#18334,
    #18341,#18348,#18355,#18362,#18369,#18376,#18383,#18390,#18397,
    #18404,#18411,#18418,#18426,#18433,#18440,#18447,#18454,#18461,
    #18468,#18475,#18482,#18489,#18496,#18503,#18510,#18517,#18524,
    #18531,#18538,#18545,#18552,#18559,#18566,#18573,#18580,#18587,
    #18594,#18601,#18608,#18615,#18622,#18629,#18636,#18643,#18650,
    #18657,#18664,#18671,#18678,#18685,#18692,#18699,#18706,#18713,
    #18720,#18727,#18734,#18741,#18748,#18755,#18762,#18769,#18776,
    #18783,#18790,#18797,#18804,#18811,#18818,#18825,#18832,#18839,
    #18846,#18853,#18860,#18867,#18874,#18881,#18888,#18895,#18902,
    #18909,#18916,#18923,#18930,#18937,#18944,#18951,#18958,#18965,
    #18972,#18979,#18986,#18993,#19000,#19007,#19014,#19021,#19028,
    #19035,#19042,#19049,#19056,#19063,#19070,#19077,#19084,#19091,
    #19098,#19105,#19112,#19119,#19126,#19133,#19140,#19147,#19154,
    #19161,#19168,#19175,#19182,#19189,#19196,#19203,#19210,#19217,
    #19224,#19231,#19238,#19245,#19252,#19259,#19266,#19273,#19280,
    #19287,#19294,#19301,#19308,#19315,#19322,#19329,#19336,#19343,
    #19350,#19357,#19364,#19371,#19378,#19385,#19392,#19399,#19406,
    #19413,#19420,#19427,#19434,#19441,#19448,#19455,#19462,#19469,
    #19476,#19483,#19490,#19497,#19504,#19511,#19518,#19525,#19532,
    #19539,#19546,#19553,#19560,#19567,#19574,#19581,#19588,#19595,
    #19602,#19609,#19616,#19623,#19630,#19637,#19644,#19651,#19658,
    #19665,#19672,#19679,#19686,#19693,#19700,#19707,#19714,#19721,
    #19728,#19735),#7885);
#18151 = STYLED_ITEM('color',(#18152),#1179);
#18152 = PRESENTATION_STYLE_ASSIGNMENT((#18153));
#18153 = SURFACE_STYLE_USAGE(.BOTH.,#18154);
#18154 = SURFACE_SIDE_STYLE('',(#18155));
#18155 = SURFACE_STYLE_FILL_AREA(#18156);
#18156 = FILL_AREA_STYLE('',(#18157));
#18157 = FILL_AREA_STYLE_COLOUR('',#18158);
#18158 = COLOUR_RGB('',0.147999998088,0.144999993226,0.144999993226);
#18159 = STYLED_ITEM('color',(#18160),#1219);
#18160 = PRESENTATION_STYLE_ASSIGNMENT((#18161));
#18161 = SURFACE_STYLE_USAGE(.BOTH.,#18162);
#18162 = SURFACE_SIDE_STYLE('',(#18163));
#18163 = SURFACE_STYLE_FILL_AREA(#18164);
#18164 = FILL_AREA_STYLE('',(#18165));
#18165 = FILL_AREA_STYLE_COLOUR('',#18158);
#18166 = STYLED_ITEM('color',(#18167),#1282);
#18167 = PRESENTATION_STYLE_ASSIGNMENT((#18168));
#18168 = SURFACE_STYLE_USAGE(.BOTH.,#18169);
#18169 = SURFACE_SIDE_STYLE('',(#18170));
#18170 = SURFACE_STYLE_FILL_AREA(#18171);
#18171 = FILL_AREA_STYLE('',(#18172));
#18172 = FILL_AREA_STYLE_COLOUR('',#18158);
#18173 = STYLED_ITEM('color',(#18174),#1345);
#18174 = PRESENTATION_STYLE_ASSIGNMENT((#18175));
#18175 = SURFACE_STYLE_USAGE(.BOTH.,#18176);
#18176 = SURFACE_SIDE_STYLE('',(#18177));
#18177 = SURFACE_STYLE_FILL_AREA(#18178);
#18178 = FILL_AREA_STYLE('',(#18179));
#18179 = FILL_AREA_STYLE_COLOUR('',#18158);
#18180 = STYLED_ITEM('color',(#18181),#1362);
#18181 = PRESENTATION_STYLE_ASSIGNMENT((#18182));
#18182 = SURFACE_STYLE_USAGE(.BOTH.,#18183);
#18183 = SURFACE_SIDE_STYLE('',(#18184));
#18184 = SURFACE_STYLE_FILL_AREA(#18185);
#18185 = FILL_AREA_STYLE('',(#18186));
#18186 = FILL_AREA_STYLE_COLOUR('',#18158);
#18187 = STYLED_ITEM('color',(#18188),#1617);
#18188 = PRESENTATION_STYLE_ASSIGNMENT((#18189));
#18189 = SURFACE_STYLE_USAGE(.BOTH.,#18190);
#18190 = SURFACE_SIDE_STYLE('',(#18191));
#18191 = SURFACE_STYLE_FILL_AREA(#18192);
#18192 = FILL_AREA_STYLE('',(#18193));
#18193 = FILL_AREA_STYLE_COLOUR('',#18158);
#18194 = STYLED_ITEM('color',(#18195),#1639);
#18195 = PRESENTATION_STYLE_ASSIGNMENT((#18196));
#18196 = SURFACE_STYLE_USAGE(.BOTH.,#18197);
#18197 = SURFACE_SIDE_STYLE('',(#18198));
#18198 = SURFACE_STYLE_FILL_AREA(#18199);
#18199 = FILL_AREA_STYLE('',(#18200));
#18200 = FILL_AREA_STYLE_COLOUR('',#18158);
#18201 = STYLED_ITEM('color',(#18202),#1656);
#18202 = PRESENTATION_STYLE_ASSIGNMENT((#18203));
#18203 = SURFACE_STYLE_USAGE(.BOTH.,#18204);
#18204 = SURFACE_SIDE_STYLE('',(#18205));
#18205 = SURFACE_STYLE_FILL_AREA(#18206);
#18206 = FILL_AREA_STYLE('',(#18207));
#18207 = FILL_AREA_STYLE_COLOUR('',#18158);
#18208 = STYLED_ITEM('color',(#18209),#2135);
#18209 = PRESENTATION_STYLE_ASSIGNMENT((#18210));
#18210 = SURFACE_STYLE_USAGE(.BOTH.,#18211);
#18211 = SURFACE_SIDE_STYLE('',(#18212));
#18212 = SURFACE_STYLE_FILL_AREA(#18213);
#18213 = FILL_AREA_STYLE('',(#18214));
#18214 = FILL_AREA_STYLE_COLOUR('',#18158);
#18215 = STYLED_ITEM('color',(#18216),#2147);
#18216 = PRESENTATION_STYLE_ASSIGNMENT((#18217));
#18217 = SURFACE_STYLE_USAGE(.BOTH.,#18218);
#18218 = SURFACE_SIDE_STYLE('',(#18219));
#18219 = SURFACE_STYLE_FILL_AREA(#18220);
#18220 = FILL_AREA_STYLE('',(#18221));
#18221 = FILL_AREA_STYLE_COLOUR('',#18158);
#18222 = STYLED_ITEM('color',(#18223),#2159);
#18223 = PRESENTATION_STYLE_ASSIGNMENT((#18224));
#18224 = SURFACE_STYLE_USAGE(.BOTH.,#18225);
#18225 = SURFACE_SIDE_STYLE('',(#18226));
#18226 = SURFACE_STYLE_FILL_AREA(#18227);
#18227 = FILL_AREA_STYLE('',(#18228));
#18228 = FILL_AREA_STYLE_COLOUR('',#18158);
#18229 = STYLED_ITEM('color',(#18230),#2190);
#18230 = PRESENTATION_STYLE_ASSIGNMENT((#18231));
#18231 = SURFACE_STYLE_USAGE(.BOTH.,#18232);
#18232 = SURFACE_SIDE_STYLE('',(#18233));
#18233 = SURFACE_STYLE_FILL_AREA(#18234);
#18234 = FILL_AREA_STYLE('',(#18235));
#18235 = FILL_AREA_STYLE_COLOUR('',#18158);
#18236 = STYLED_ITEM('color',(#18237),#2214);
#18237 = PRESENTATION_STYLE_ASSIGNMENT((#18238));
#18238 = SURFACE_STYLE_USAGE(.BOTH.,#18239);
#18239 = SURFACE_SIDE_STYLE('',(#18240));
#18240 = SURFACE_STYLE_FILL_AREA(#18241);
#18241 = FILL_AREA_STYLE('',(#18242));
#18242 = FILL_AREA_STYLE_COLOUR('',#18158);
#18243 = STYLED_ITEM('color',(#18244),#2238);
#18244 = PRESENTATION_STYLE_ASSIGNMENT((#18245));
#18245 = SURFACE_STYLE_USAGE(.BOTH.,#18246);
#18246 = SURFACE_SIDE_STYLE('',(#18247));
#18247 = SURFACE_STYLE_FILL_AREA(#18248);
#18248 = FILL_AREA_STYLE('',(#18249));
#18249 = FILL_AREA_STYLE_COLOUR('',#18158);
#18250 = STYLED_ITEM('color',(#18251),#2255);
#18251 = PRESENTATION_STYLE_ASSIGNMENT((#18252));
#18252 = SURFACE_STYLE_USAGE(.BOTH.,#18253);
#18253 = SURFACE_SIDE_STYLE('',(#18254));
#18254 = SURFACE_STYLE_FILL_AREA(#18255);
#18255 = FILL_AREA_STYLE('',(#18256));
#18256 = FILL_AREA_STYLE_COLOUR('',#18158);
#18257 = STYLED_ITEM('color',(#18258),#2286);
#18258 = PRESENTATION_STYLE_ASSIGNMENT((#18259));
#18259 = SURFACE_STYLE_USAGE(.BOTH.,#18260);
#18260 = SURFACE_SIDE_STYLE('',(#18261));
#18261 = SURFACE_STYLE_FILL_AREA(#18262);
#18262 = FILL_AREA_STYLE('',(#18263));
#18263 = FILL_AREA_STYLE_COLOUR('',#18158);
#18264 = STYLED_ITEM('color',(#18265),#2310);
#18265 = PRESENTATION_STYLE_ASSIGNMENT((#18266));
#18266 = SURFACE_STYLE_USAGE(.BOTH.,#18267);
#18267 = SURFACE_SIDE_STYLE('',(#18268));
#18268 = SURFACE_STYLE_FILL_AREA(#18269);
#18269 = FILL_AREA_STYLE('',(#18270));
#18270 = FILL_AREA_STYLE_COLOUR('',#18158);
#18271 = STYLED_ITEM('color',(#18272),#2334);
#18272 = PRESENTATION_STYLE_ASSIGNMENT((#18273));
#18273 = SURFACE_STYLE_USAGE(.BOTH.,#18274);
#18274 = SURFACE_SIDE_STYLE('',(#18275));
#18275 = SURFACE_STYLE_FILL_AREA(#18276);
#18276 = FILL_AREA_STYLE('',(#18277));
#18277 = FILL_AREA_STYLE_COLOUR('',#18158);
#18278 = STYLED_ITEM('color',(#18279),#2351);
#18279 = PRESENTATION_STYLE_ASSIGNMENT((#18280));
#18280 = SURFACE_STYLE_USAGE(.BOTH.,#18281);
#18281 = SURFACE_SIDE_STYLE('',(#18282));
#18282 = SURFACE_STYLE_FILL_AREA(#18283);
#18283 = FILL_AREA_STYLE('',(#18284));
#18284 = FILL_AREA_STYLE_COLOUR('',#18158);
#18285 = STYLED_ITEM('color',(#18286),#2382);
#18286 = PRESENTATION_STYLE_ASSIGNMENT((#18287));
#18287 = SURFACE_STYLE_USAGE(.BOTH.,#18288);
#18288 = SURFACE_SIDE_STYLE('',(#18289));
#18289 = SURFACE_STYLE_FILL_AREA(#18290);
#18290 = FILL_AREA_STYLE('',(#18291));
#18291 = FILL_AREA_STYLE_COLOUR('',#18158);
#18292 = STYLED_ITEM('color',(#18293),#2406);
#18293 = PRESENTATION_STYLE_ASSIGNMENT((#18294));
#18294 = SURFACE_STYLE_USAGE(.BOTH.,#18295);
#18295 = SURFACE_SIDE_STYLE('',(#18296));
#18296 = SURFACE_STYLE_FILL_AREA(#18297);
#18297 = FILL_AREA_STYLE('',(#18298));
#18298 = FILL_AREA_STYLE_COLOUR('',#18158);
#18299 = STYLED_ITEM('color',(#18300),#2430);
#18300 = PRESENTATION_STYLE_ASSIGNMENT((#18301));
#18301 = SURFACE_STYLE_USAGE(.BOTH.,#18302);
#18302 = SURFACE_SIDE_STYLE('',(#18303));
#18303 = SURFACE_STYLE_FILL_AREA(#18304);
#18304 = FILL_AREA_STYLE('',(#18305));
#18305 = FILL_AREA_STYLE_COLOUR('',#18158);
#18306 = STYLED_ITEM('color',(#18307),#2447);
#18307 = PRESENTATION_STYLE_ASSIGNMENT((#18308));
#18308 = SURFACE_STYLE_USAGE(.BOTH.,#18309);
#18309 = SURFACE_SIDE_STYLE('',(#18310));
#18310 = SURFACE_STYLE_FILL_AREA(#18311);
#18311 = FILL_AREA_STYLE('',(#18312));
#18312 = FILL_AREA_STYLE_COLOUR('',#18158);
#18313 = STYLED_ITEM('color',(#18314),#2478);
#18314 = PRESENTATION_STYLE_ASSIGNMENT((#18315));
#18315 = SURFACE_STYLE_USAGE(.BOTH.,#18316);
#18316 = SURFACE_SIDE_STYLE('',(#18317));
#18317 = SURFACE_STYLE_FILL_AREA(#18318);
#18318 = FILL_AREA_STYLE('',(#18319));
#18319 = FILL_AREA_STYLE_COLOUR('',#18158);
#18320 = STYLED_ITEM('color',(#18321),#2502);
#18321 = PRESENTATION_STYLE_ASSIGNMENT((#18322));
#18322 = SURFACE_STYLE_USAGE(.BOTH.,#18323);
#18323 = SURFACE_SIDE_STYLE('',(#18324));
#18324 = SURFACE_STYLE_FILL_AREA(#18325);
#18325 = FILL_AREA_STYLE('',(#18326));
#18326 = FILL_AREA_STYLE_COLOUR('',#18158);
#18327 = STYLED_ITEM('color',(#18328),#2526);
#18328 = PRESENTATION_STYLE_ASSIGNMENT((#18329));
#18329 = SURFACE_STYLE_USAGE(.BOTH.,#18330);
#18330 = SURFACE_SIDE_STYLE('',(#18331));
#18331 = SURFACE_STYLE_FILL_AREA(#18332);
#18332 = FILL_AREA_STYLE('',(#18333));
#18333 = FILL_AREA_STYLE_COLOUR('',#18158);
#18334 = STYLED_ITEM('color',(#18335),#2543);
#18335 = PRESENTATION_STYLE_ASSIGNMENT((#18336));
#18336 = SURFACE_STYLE_USAGE(.BOTH.,#18337);
#18337 = SURFACE_SIDE_STYLE('',(#18338));
#18338 = SURFACE_STYLE_FILL_AREA(#18339);
#18339 = FILL_AREA_STYLE('',(#18340));
#18340 = FILL_AREA_STYLE_COLOUR('',#18158);
#18341 = STYLED_ITEM('color',(#18342),#2574);
#18342 = PRESENTATION_STYLE_ASSIGNMENT((#18343));
#18343 = SURFACE_STYLE_USAGE(.BOTH.,#18344);
#18344 = SURFACE_SIDE_STYLE('',(#18345));
#18345 = SURFACE_STYLE_FILL_AREA(#18346);
#18346 = FILL_AREA_STYLE('',(#18347));
#18347 = FILL_AREA_STYLE_COLOUR('',#18158);
#18348 = STYLED_ITEM('color',(#18349),#2598);
#18349 = PRESENTATION_STYLE_ASSIGNMENT((#18350));
#18350 = SURFACE_STYLE_USAGE(.BOTH.,#18351);
#18351 = SURFACE_SIDE_STYLE('',(#18352));
#18352 = SURFACE_STYLE_FILL_AREA(#18353);
#18353 = FILL_AREA_STYLE('',(#18354));
#18354 = FILL_AREA_STYLE_COLOUR('',#18158);
#18355 = STYLED_ITEM('color',(#18356),#2622);
#18356 = PRESENTATION_STYLE_ASSIGNMENT((#18357));
#18357 = SURFACE_STYLE_USAGE(.BOTH.,#18358);
#18358 = SURFACE_SIDE_STYLE('',(#18359));
#18359 = SURFACE_STYLE_FILL_AREA(#18360);
#18360 = FILL_AREA_STYLE('',(#18361));
#18361 = FILL_AREA_STYLE_COLOUR('',#18158);
#18362 = STYLED_ITEM('color',(#18363),#2639);
#18363 = PRESENTATION_STYLE_ASSIGNMENT((#18364));
#18364 = SURFACE_STYLE_USAGE(.BOTH.,#18365);
#18365 = SURFACE_SIDE_STYLE('',(#18366));
#18366 = SURFACE_STYLE_FILL_AREA(#18367);
#18367 = FILL_AREA_STYLE('',(#18368));
#18368 = FILL_AREA_STYLE_COLOUR('',#18158);
#18369 = STYLED_ITEM('color',(#18370),#2670);
#18370 = PRESENTATION_STYLE_ASSIGNMENT((#18371));
#18371 = SURFACE_STYLE_USAGE(.BOTH.,#18372);
#18372 = SURFACE_SIDE_STYLE('',(#18373));
#18373 = SURFACE_STYLE_FILL_AREA(#18374);
#18374 = FILL_AREA_STYLE('',(#18375));
#18375 = FILL_AREA_STYLE_COLOUR('',#18158);
#18376 = STYLED_ITEM('color',(#18377),#2694);
#18377 = PRESENTATION_STYLE_ASSIGNMENT((#18378));
#18378 = SURFACE_STYLE_USAGE(.BOTH.,#18379);
#18379 = SURFACE_SIDE_STYLE('',(#18380));
#18380 = SURFACE_STYLE_FILL_AREA(#18381);
#18381 = FILL_AREA_STYLE('',(#18382));
#18382 = FILL_AREA_STYLE_COLOUR('',#18158);
#18383 = STYLED_ITEM('color',(#18384),#2718);
#18384 = PRESENTATION_STYLE_ASSIGNMENT((#18385));
#18385 = SURFACE_STYLE_USAGE(.BOTH.,#18386);
#18386 = SURFACE_SIDE_STYLE('',(#18387));
#18387 = SURFACE_STYLE_FILL_AREA(#18388);
#18388 = FILL_AREA_STYLE('',(#18389));
#18389 = FILL_AREA_STYLE_COLOUR('',#18158);
#18390 = STYLED_ITEM('color',(#18391),#2735);
#18391 = PRESENTATION_STYLE_ASSIGNMENT((#18392));
#18392 = SURFACE_STYLE_USAGE(.BOTH.,#18393);
#18393 = SURFACE_SIDE_STYLE('',(#18394));
#18394 = SURFACE_STYLE_FILL_AREA(#18395);
#18395 = FILL_AREA_STYLE('',(#18396));
#18396 = FILL_AREA_STYLE_COLOUR('',#18158);
#18397 = STYLED_ITEM('color',(#18398),#2766);
#18398 = PRESENTATION_STYLE_ASSIGNMENT((#18399));
#18399 = SURFACE_STYLE_USAGE(.BOTH.,#18400);
#18400 = SURFACE_SIDE_STYLE('',(#18401));
#18401 = SURFACE_STYLE_FILL_AREA(#18402);
#18402 = FILL_AREA_STYLE('',(#18403));
#18403 = FILL_AREA_STYLE_COLOUR('',#18158);
#18404 = STYLED_ITEM('color',(#18405),#2790);
#18405 = PRESENTATION_STYLE_ASSIGNMENT((#18406));
#18406 = SURFACE_STYLE_USAGE(.BOTH.,#18407);
#18407 = SURFACE_SIDE_STYLE('',(#18408));
#18408 = SURFACE_STYLE_FILL_AREA(#18409);
#18409 = FILL_AREA_STYLE('',(#18410));
#18410 = FILL_AREA_STYLE_COLOUR('',#18158);
#18411 = STYLED_ITEM('color',(#18412),#2814);
#18412 = PRESENTATION_STYLE_ASSIGNMENT((#18413));
#18413 = SURFACE_STYLE_USAGE(.BOTH.,#18414);
#18414 = SURFACE_SIDE_STYLE('',(#18415));
#18415 = SURFACE_STYLE_FILL_AREA(#18416);
#18416 = FILL_AREA_STYLE('',(#18417));
#18417 = FILL_AREA_STYLE_COLOUR('',#18158);
#18418 = STYLED_ITEM('color',(#18419),#2831);
#18419 = PRESENTATION_STYLE_ASSIGNMENT((#18420));
#18420 = SURFACE_STYLE_USAGE(.BOTH.,#18421);
#18421 = SURFACE_SIDE_STYLE('',(#18422));
#18422 = SURFACE_STYLE_FILL_AREA(#18423);
#18423 = FILL_AREA_STYLE('',(#18424));
#18424 = FILL_AREA_STYLE_COLOUR('',#18425);
#18425 = COLOUR_RGB('',0.859000020776,0.737999965183,0.495999988746);
#18426 = STYLED_ITEM('color',(#18427),#2848);
#18427 = PRESENTATION_STYLE_ASSIGNMENT((#18428));
#18428 = SURFACE_STYLE_USAGE(.BOTH.,#18429);
#18429 = SURFACE_SIDE_STYLE('',(#18430));
#18430 = SURFACE_STYLE_FILL_AREA(#18431);
#18431 = FILL_AREA_STYLE('',(#18432));
#18432 = FILL_AREA_STYLE_COLOUR('',#18425);
#18433 = STYLED_ITEM('color',(#18434),#2895);
#18434 = PRESENTATION_STYLE_ASSIGNMENT((#18435));
#18435 = SURFACE_STYLE_USAGE(.BOTH.,#18436);
#18436 = SURFACE_SIDE_STYLE('',(#18437));
#18437 = SURFACE_STYLE_FILL_AREA(#18438);
#18438 = FILL_AREA_STYLE('',(#18439));
#18439 = FILL_AREA_STYLE_COLOUR('',#18425);
#18440 = STYLED_ITEM('color',(#18441),#2912);
#18441 = PRESENTATION_STYLE_ASSIGNMENT((#18442));
#18442 = SURFACE_STYLE_USAGE(.BOTH.,#18443);
#18443 = SURFACE_SIDE_STYLE('',(#18444));
#18444 = SURFACE_STYLE_FILL_AREA(#18445);
#18445 = FILL_AREA_STYLE('',(#18446));
#18446 = FILL_AREA_STYLE_COLOUR('',#18425);
#18447 = STYLED_ITEM('color',(#18448),#2959);
#18448 = PRESENTATION_STYLE_ASSIGNMENT((#18449));
#18449 = SURFACE_STYLE_USAGE(.BOTH.,#18450);
#18450 = SURFACE_SIDE_STYLE('',(#18451));
#18451 = SURFACE_STYLE_FILL_AREA(#18452);
#18452 = FILL_AREA_STYLE('',(#18453));
#18453 = FILL_AREA_STYLE_COLOUR('',#18425);
#18454 = STYLED_ITEM('color',(#18455),#2976);
#18455 = PRESENTATION_STYLE_ASSIGNMENT((#18456));
#18456 = SURFACE_STYLE_USAGE(.BOTH.,#18457);
#18457 = SURFACE_SIDE_STYLE('',(#18458));
#18458 = SURFACE_STYLE_FILL_AREA(#18459);
#18459 = FILL_AREA_STYLE('',(#18460));
#18460 = FILL_AREA_STYLE_COLOUR('',#18425);
#18461 = STYLED_ITEM('color',(#18462),#3023);
#18462 = PRESENTATION_STYLE_ASSIGNMENT((#18463));
#18463 = SURFACE_STYLE_USAGE(.BOTH.,#18464);
#18464 = SURFACE_SIDE_STYLE('',(#18465));
#18465 = SURFACE_STYLE_FILL_AREA(#18466);
#18466 = FILL_AREA_STYLE('',(#18467));
#18467 = FILL_AREA_STYLE_COLOUR('',#18425);
#18468 = STYLED_ITEM('color',(#18469),#3040);
#18469 = PRESENTATION_STYLE_ASSIGNMENT((#18470));
#18470 = SURFACE_STYLE_USAGE(.BOTH.,#18471);
#18471 = SURFACE_SIDE_STYLE('',(#18472));
#18472 = SURFACE_STYLE_FILL_AREA(#18473);
#18473 = FILL_AREA_STYLE('',(#18474));
#18474 = FILL_AREA_STYLE_COLOUR('',#18425);
#18475 = STYLED_ITEM('color',(#18476),#3087);
#18476 = PRESENTATION_STYLE_ASSIGNMENT((#18477));
#18477 = SURFACE_STYLE_USAGE(.BOTH.,#18478);
#18478 = SURFACE_SIDE_STYLE('',(#18479));
#18479 = SURFACE_STYLE_FILL_AREA(#18480);
#18480 = FILL_AREA_STYLE('',(#18481));
#18481 = FILL_AREA_STYLE_COLOUR('',#18425);
#18482 = STYLED_ITEM('color',(#18483),#3104);
#18483 = PRESENTATION_STYLE_ASSIGNMENT((#18484));
#18484 = SURFACE_STYLE_USAGE(.BOTH.,#18485);
#18485 = SURFACE_SIDE_STYLE('',(#18486));
#18486 = SURFACE_STYLE_FILL_AREA(#18487);
#18487 = FILL_AREA_STYLE('',(#18488));
#18488 = FILL_AREA_STYLE_COLOUR('',#18425);
#18489 = STYLED_ITEM('color',(#18490),#3151);
#18490 = PRESENTATION_STYLE_ASSIGNMENT((#18491));
#18491 = SURFACE_STYLE_USAGE(.BOTH.,#18492);
#18492 = SURFACE_SIDE_STYLE('',(#18493));
#18493 = SURFACE_STYLE_FILL_AREA(#18494);
#18494 = FILL_AREA_STYLE('',(#18495));
#18495 = FILL_AREA_STYLE_COLOUR('',#18425);
#18496 = STYLED_ITEM('color',(#18497),#3168);
#18497 = PRESENTATION_STYLE_ASSIGNMENT((#18498));
#18498 = SURFACE_STYLE_USAGE(.BOTH.,#18499);
#18499 = SURFACE_SIDE_STYLE('',(#18500));
#18500 = SURFACE_STYLE_FILL_AREA(#18501);
#18501 = FILL_AREA_STYLE('',(#18502));
#18502 = FILL_AREA_STYLE_COLOUR('',#18425);
#18503 = STYLED_ITEM('color',(#18504),#3215);
#18504 = PRESENTATION_STYLE_ASSIGNMENT((#18505));
#18505 = SURFACE_STYLE_USAGE(.BOTH.,#18506);
#18506 = SURFACE_SIDE_STYLE('',(#18507));
#18507 = SURFACE_STYLE_FILL_AREA(#18508);
#18508 = FILL_AREA_STYLE('',(#18509));
#18509 = FILL_AREA_STYLE_COLOUR('',#18425);
#18510 = STYLED_ITEM('color',(#18511),#3232);
#18511 = PRESENTATION_STYLE_ASSIGNMENT((#18512));
#18512 = SURFACE_STYLE_USAGE(.BOTH.,#18513);
#18513 = SURFACE_SIDE_STYLE('',(#18514));
#18514 = SURFACE_STYLE_FILL_AREA(#18515);
#18515 = FILL_AREA_STYLE('',(#18516));
#18516 = FILL_AREA_STYLE_COLOUR('',#18425);
#18517 = STYLED_ITEM('color',(#18518),#3279);
#18518 = PRESENTATION_STYLE_ASSIGNMENT((#18519));
#18519 = SURFACE_STYLE_USAGE(.BOTH.,#18520);
#18520 = SURFACE_SIDE_STYLE('',(#18521));
#18521 = SURFACE_STYLE_FILL_AREA(#18522);
#18522 = FILL_AREA_STYLE('',(#18523));
#18523 = FILL_AREA_STYLE_COLOUR('',#18425);
#18524 = STYLED_ITEM('color',(#18525),#3296);
#18525 = PRESENTATION_STYLE_ASSIGNMENT((#18526));
#18526 = SURFACE_STYLE_USAGE(.BOTH.,#18527);
#18527 = SURFACE_SIDE_STYLE('',(#18528));
#18528 = SURFACE_STYLE_FILL_AREA(#18529);
#18529 = FILL_AREA_STYLE('',(#18530));
#18530 = FILL_AREA_STYLE_COLOUR('',#18425);
#18531 = STYLED_ITEM('color',(#18532),#3343);
#18532 = PRESENTATION_STYLE_ASSIGNMENT((#18533));
#18533 = SURFACE_STYLE_USAGE(.BOTH.,#18534);
#18534 = SURFACE_SIDE_STYLE('',(#18535));
#18535 = SURFACE_STYLE_FILL_AREA(#18536);
#18536 = FILL_AREA_STYLE('',(#18537));
#18537 = FILL_AREA_STYLE_COLOUR('',#18425);
#18538 = STYLED_ITEM('color',(#18539),#3360);
#18539 = PRESENTATION_STYLE_ASSIGNMENT((#18540));
#18540 = SURFACE_STYLE_USAGE(.BOTH.,#18541);
#18541 = SURFACE_SIDE_STYLE('',(#18542));
#18542 = SURFACE_STYLE_FILL_AREA(#18543);
#18543 = FILL_AREA_STYLE('',(#18544));
#18544 = FILL_AREA_STYLE_COLOUR('',#18425);
#18545 = STYLED_ITEM('color',(#18546),#3407);
#18546 = PRESENTATION_STYLE_ASSIGNMENT((#18547));
#18547 = SURFACE_STYLE_USAGE(.BOTH.,#18548);
#18548 = SURFACE_SIDE_STYLE('',(#18549));
#18549 = SURFACE_STYLE_FILL_AREA(#18550);
#18550 = FILL_AREA_STYLE('',(#18551));
#18551 = FILL_AREA_STYLE_COLOUR('',#18425);
#18552 = STYLED_ITEM('color',(#18553),#3424);
#18553 = PRESENTATION_STYLE_ASSIGNMENT((#18554));
#18554 = SURFACE_STYLE_USAGE(.BOTH.,#18555);
#18555 = SURFACE_SIDE_STYLE('',(#18556));
#18556 = SURFACE_STYLE_FILL_AREA(#18557);
#18557 = FILL_AREA_STYLE('',(#18558));
#18558 = FILL_AREA_STYLE_COLOUR('',#18425);
#18559 = STYLED_ITEM('color',(#18560),#3471);
#18560 = PRESENTATION_STYLE_ASSIGNMENT((#18561));
#18561 = SURFACE_STYLE_USAGE(.BOTH.,#18562);
#18562 = SURFACE_SIDE_STYLE('',(#18563));
#18563 = SURFACE_STYLE_FILL_AREA(#18564);
#18564 = FILL_AREA_STYLE('',(#18565));
#18565 = FILL_AREA_STYLE_COLOUR('',#18425);
#18566 = STYLED_ITEM('color',(#18567),#3518);
#18567 = PRESENTATION_STYLE_ASSIGNMENT((#18568));
#18568 = SURFACE_STYLE_USAGE(.BOTH.,#18569);
#18569 = SURFACE_SIDE_STYLE('',(#18570));
#18570 = SURFACE_STYLE_FILL_AREA(#18571);
#18571 = FILL_AREA_STYLE('',(#18572));
#18572 = FILL_AREA_STYLE_COLOUR('',#18425);
#18573 = STYLED_ITEM('color',(#18574),#3535);
#18574 = PRESENTATION_STYLE_ASSIGNMENT((#18575));
#18575 = SURFACE_STYLE_USAGE(.BOTH.,#18576);
#18576 = SURFACE_SIDE_STYLE('',(#18577));
#18577 = SURFACE_STYLE_FILL_AREA(#18578);
#18578 = FILL_AREA_STYLE('',(#18579));
#18579 = FILL_AREA_STYLE_COLOUR('',#18425);
#18580 = STYLED_ITEM('color',(#18581),#3582);
#18581 = PRESENTATION_STYLE_ASSIGNMENT((#18582));
#18582 = SURFACE_STYLE_USAGE(.BOTH.,#18583);
#18583 = SURFACE_SIDE_STYLE('',(#18584));
#18584 = SURFACE_STYLE_FILL_AREA(#18585);
#18585 = FILL_AREA_STYLE('',(#18586));
#18586 = FILL_AREA_STYLE_COLOUR('',#18425);
#18587 = STYLED_ITEM('color',(#18588),#3599);
#18588 = PRESENTATION_STYLE_ASSIGNMENT((#18589));
#18589 = SURFACE_STYLE_USAGE(.BOTH.,#18590);
#18590 = SURFACE_SIDE_STYLE('',(#18591));
#18591 = SURFACE_STYLE_FILL_AREA(#18592);
#18592 = FILL_AREA_STYLE('',(#18593));
#18593 = FILL_AREA_STYLE_COLOUR('',#18425);
#18594 = STYLED_ITEM('color',(#18595),#3616);
#18595 = PRESENTATION_STYLE_ASSIGNMENT((#18596));
#18596 = SURFACE_STYLE_USAGE(.BOTH.,#18597);
#18597 = SURFACE_SIDE_STYLE('',(#18598));
#18598 = SURFACE_STYLE_FILL_AREA(#18599);
#18599 = FILL_AREA_STYLE('',(#18600));
#18600 = FILL_AREA_STYLE_COLOUR('',#18425);
#18601 = STYLED_ITEM('color',(#18602),#3663);
#18602 = PRESENTATION_STYLE_ASSIGNMENT((#18603));
#18603 = SURFACE_STYLE_USAGE(.BOTH.,#18604);
#18604 = SURFACE_SIDE_STYLE('',(#18605));
#18605 = SURFACE_STYLE_FILL_AREA(#18606);
#18606 = FILL_AREA_STYLE('',(#18607));
#18607 = FILL_AREA_STYLE_COLOUR('',#18425);
#18608 = STYLED_ITEM('color',(#18609),#3680);
#18609 = PRESENTATION_STYLE_ASSIGNMENT((#18610));
#18610 = SURFACE_STYLE_USAGE(.BOTH.,#18611);
#18611 = SURFACE_SIDE_STYLE('',(#18612));
#18612 = SURFACE_STYLE_FILL_AREA(#18613);
#18613 = FILL_AREA_STYLE('',(#18614));
#18614 = FILL_AREA_STYLE_COLOUR('',#18425);
#18615 = STYLED_ITEM('color',(#18616),#3727);
#18616 = PRESENTATION_STYLE_ASSIGNMENT((#18617));
#18617 = SURFACE_STYLE_USAGE(.BOTH.,#18618);
#18618 = SURFACE_SIDE_STYLE('',(#18619));
#18619 = SURFACE_STYLE_FILL_AREA(#18620);
#18620 = FILL_AREA_STYLE('',(#18621));
#18621 = FILL_AREA_STYLE_COLOUR('',#18158);
#18622 = STYLED_ITEM('color',(#18623),#3758);
#18623 = PRESENTATION_STYLE_ASSIGNMENT((#18624));
#18624 = SURFACE_STYLE_USAGE(.BOTH.,#18625);
#18625 = SURFACE_SIDE_STYLE('',(#18626));
#18626 = SURFACE_STYLE_FILL_AREA(#18627);
#18627 = FILL_AREA_STYLE('',(#18628));
#18628 = FILL_AREA_STYLE_COLOUR('',#18158);
#18629 = STYLED_ITEM('color',(#18630),#3782);
#18630 = PRESENTATION_STYLE_ASSIGNMENT((#18631));
#18631 = SURFACE_STYLE_USAGE(.BOTH.,#18632);
#18632 = SURFACE_SIDE_STYLE('',(#18633));
#18633 = SURFACE_STYLE_FILL_AREA(#18634);
#18634 = FILL_AREA_STYLE('',(#18635));
#18635 = FILL_AREA_STYLE_COLOUR('',#18158);
#18636 = STYLED_ITEM('color',(#18637),#3806);
#18637 = PRESENTATION_STYLE_ASSIGNMENT((#18638));
#18638 = SURFACE_STYLE_USAGE(.BOTH.,#18639);
#18639 = SURFACE_SIDE_STYLE('',(#18640));
#18640 = SURFACE_STYLE_FILL_AREA(#18641);
#18641 = FILL_AREA_STYLE('',(#18642));
#18642 = FILL_AREA_STYLE_COLOUR('',#18158);
#18643 = STYLED_ITEM('color',(#18644),#3823);
#18644 = PRESENTATION_STYLE_ASSIGNMENT((#18645));
#18645 = SURFACE_STYLE_USAGE(.BOTH.,#18646);
#18646 = SURFACE_SIDE_STYLE('',(#18647));
#18647 = SURFACE_STYLE_FILL_AREA(#18648);
#18648 = FILL_AREA_STYLE('',(#18649));
#18649 = FILL_AREA_STYLE_COLOUR('',#18158);
#18650 = STYLED_ITEM('color',(#18651),#3854);
#18651 = PRESENTATION_STYLE_ASSIGNMENT((#18652));
#18652 = SURFACE_STYLE_USAGE(.BOTH.,#18653);
#18653 = SURFACE_SIDE_STYLE('',(#18654));
#18654 = SURFACE_STYLE_FILL_AREA(#18655);
#18655 = FILL_AREA_STYLE('',(#18656));
#18656 = FILL_AREA_STYLE_COLOUR('',#18158);
#18657 = STYLED_ITEM('color',(#18658),#3878);
#18658 = PRESENTATION_STYLE_ASSIGNMENT((#18659));
#18659 = SURFACE_STYLE_USAGE(.BOTH.,#18660);
#18660 = SURFACE_SIDE_STYLE('',(#18661));
#18661 = SURFACE_STYLE_FILL_AREA(#18662);
#18662 = FILL_AREA_STYLE('',(#18663));
#18663 = FILL_AREA_STYLE_COLOUR('',#18158);
#18664 = STYLED_ITEM('color',(#18665),#3902);
#18665 = PRESENTATION_STYLE_ASSIGNMENT((#18666));
#18666 = SURFACE_STYLE_USAGE(.BOTH.,#18667);
#18667 = SURFACE_SIDE_STYLE('',(#18668));
#18668 = SURFACE_STYLE_FILL_AREA(#18669);
#18669 = FILL_AREA_STYLE('',(#18670));
#18670 = FILL_AREA_STYLE_COLOUR('',#18158);
#18671 = STYLED_ITEM('color',(#18672),#3919);
#18672 = PRESENTATION_STYLE_ASSIGNMENT((#18673));
#18673 = SURFACE_STYLE_USAGE(.BOTH.,#18674);
#18674 = SURFACE_SIDE_STYLE('',(#18675));
#18675 = SURFACE_STYLE_FILL_AREA(#18676);
#18676 = FILL_AREA_STYLE('',(#18677));
#18677 = FILL_AREA_STYLE_COLOUR('',#18158);
#18678 = STYLED_ITEM('color',(#18679),#3950);
#18679 = PRESENTATION_STYLE_ASSIGNMENT((#18680));
#18680 = SURFACE_STYLE_USAGE(.BOTH.,#18681);
#18681 = SURFACE_SIDE_STYLE('',(#18682));
#18682 = SURFACE_STYLE_FILL_AREA(#18683);
#18683 = FILL_AREA_STYLE('',(#18684));
#18684 = FILL_AREA_STYLE_COLOUR('',#18158);
#18685 = STYLED_ITEM('color',(#18686),#3974);
#18686 = PRESENTATION_STYLE_ASSIGNMENT((#18687));
#18687 = SURFACE_STYLE_USAGE(.BOTH.,#18688);
#18688 = SURFACE_SIDE_STYLE('',(#18689));
#18689 = SURFACE_STYLE_FILL_AREA(#18690);
#18690 = FILL_AREA_STYLE('',(#18691));
#18691 = FILL_AREA_STYLE_COLOUR('',#18158);
#18692 = STYLED_ITEM('color',(#18693),#3998);
#18693 = PRESENTATION_STYLE_ASSIGNMENT((#18694));
#18694 = SURFACE_STYLE_USAGE(.BOTH.,#18695);
#18695 = SURFACE_SIDE_STYLE('',(#18696));
#18696 = SURFACE_STYLE_FILL_AREA(#18697);
#18697 = FILL_AREA_STYLE('',(#18698));
#18698 = FILL_AREA_STYLE_COLOUR('',#18158);
#18699 = STYLED_ITEM('color',(#18700),#4015);
#18700 = PRESENTATION_STYLE_ASSIGNMENT((#18701));
#18701 = SURFACE_STYLE_USAGE(.BOTH.,#18702);
#18702 = SURFACE_SIDE_STYLE('',(#18703));
#18703 = SURFACE_STYLE_FILL_AREA(#18704);
#18704 = FILL_AREA_STYLE('',(#18705));
#18705 = FILL_AREA_STYLE_COLOUR('',#18158);
#18706 = STYLED_ITEM('color',(#18707),#4046);
#18707 = PRESENTATION_STYLE_ASSIGNMENT((#18708));
#18708 = SURFACE_STYLE_USAGE(.BOTH.,#18709);
#18709 = SURFACE_SIDE_STYLE('',(#18710));
#18710 = SURFACE_STYLE_FILL_AREA(#18711);
#18711 = FILL_AREA_STYLE('',(#18712));
#18712 = FILL_AREA_STYLE_COLOUR('',#18158);
#18713 = STYLED_ITEM('color',(#18714),#4070);
#18714 = PRESENTATION_STYLE_ASSIGNMENT((#18715));
#18715 = SURFACE_STYLE_USAGE(.BOTH.,#18716);
#18716 = SURFACE_SIDE_STYLE('',(#18717));
#18717 = SURFACE_STYLE_FILL_AREA(#18718);
#18718 = FILL_AREA_STYLE('',(#18719));
#18719 = FILL_AREA_STYLE_COLOUR('',#18158);
#18720 = STYLED_ITEM('color',(#18721),#4094);
#18721 = PRESENTATION_STYLE_ASSIGNMENT((#18722));
#18722 = SURFACE_STYLE_USAGE(.BOTH.,#18723);
#18723 = SURFACE_SIDE_STYLE('',(#18724));
#18724 = SURFACE_STYLE_FILL_AREA(#18725);
#18725 = FILL_AREA_STYLE('',(#18726));
#18726 = FILL_AREA_STYLE_COLOUR('',#18158);
#18727 = STYLED_ITEM('color',(#18728),#4111);
#18728 = PRESENTATION_STYLE_ASSIGNMENT((#18729));
#18729 = SURFACE_STYLE_USAGE(.BOTH.,#18730);
#18730 = SURFACE_SIDE_STYLE('',(#18731));
#18731 = SURFACE_STYLE_FILL_AREA(#18732);
#18732 = FILL_AREA_STYLE('',(#18733));
#18733 = FILL_AREA_STYLE_COLOUR('',#18158);
#18734 = STYLED_ITEM('color',(#18735),#4142);
#18735 = PRESENTATION_STYLE_ASSIGNMENT((#18736));
#18736 = SURFACE_STYLE_USAGE(.BOTH.,#18737);
#18737 = SURFACE_SIDE_STYLE('',(#18738));
#18738 = SURFACE_STYLE_FILL_AREA(#18739);
#18739 = FILL_AREA_STYLE('',(#18740));
#18740 = FILL_AREA_STYLE_COLOUR('',#18158);
#18741 = STYLED_ITEM('color',(#18742),#4166);
#18742 = PRESENTATION_STYLE_ASSIGNMENT((#18743));
#18743 = SURFACE_STYLE_USAGE(.BOTH.,#18744);
#18744 = SURFACE_SIDE_STYLE('',(#18745));
#18745 = SURFACE_STYLE_FILL_AREA(#18746);
#18746 = FILL_AREA_STYLE('',(#18747));
#18747 = FILL_AREA_STYLE_COLOUR('',#18158);
#18748 = STYLED_ITEM('color',(#18749),#4190);
#18749 = PRESENTATION_STYLE_ASSIGNMENT((#18750));
#18750 = SURFACE_STYLE_USAGE(.BOTH.,#18751);
#18751 = SURFACE_SIDE_STYLE('',(#18752));
#18752 = SURFACE_STYLE_FILL_AREA(#18753);
#18753 = FILL_AREA_STYLE('',(#18754));
#18754 = FILL_AREA_STYLE_COLOUR('',#18158);
#18755 = STYLED_ITEM('color',(#18756),#4207);
#18756 = PRESENTATION_STYLE_ASSIGNMENT((#18757));
#18757 = SURFACE_STYLE_USAGE(.BOTH.,#18758);
#18758 = SURFACE_SIDE_STYLE('',(#18759));
#18759 = SURFACE_STYLE_FILL_AREA(#18760);
#18760 = FILL_AREA_STYLE('',(#18761));
#18761 = FILL_AREA_STYLE_COLOUR('',#18158);
#18762 = STYLED_ITEM('color',(#18763),#4238);
#18763 = PRESENTATION_STYLE_ASSIGNMENT((#18764));
#18764 = SURFACE_STYLE_USAGE(.BOTH.,#18765);
#18765 = SURFACE_SIDE_STYLE('',(#18766));
#18766 = SURFACE_STYLE_FILL_AREA(#18767);
#18767 = FILL_AREA_STYLE('',(#18768));
#18768 = FILL_AREA_STYLE_COLOUR('',#18158);
#18769 = STYLED_ITEM('color',(#18770),#4262);
#18770 = PRESENTATION_STYLE_ASSIGNMENT((#18771));
#18771 = SURFACE_STYLE_USAGE(.BOTH.,#18772);
#18772 = SURFACE_SIDE_STYLE('',(#18773));
#18773 = SURFACE_STYLE_FILL_AREA(#18774);
#18774 = FILL_AREA_STYLE('',(#18775));
#18775 = FILL_AREA_STYLE_COLOUR('',#18158);
#18776 = STYLED_ITEM('color',(#18777),#4286);
#18777 = PRESENTATION_STYLE_ASSIGNMENT((#18778));
#18778 = SURFACE_STYLE_USAGE(.BOTH.,#18779);
#18779 = SURFACE_SIDE_STYLE('',(#18780));
#18780 = SURFACE_STYLE_FILL_AREA(#18781);
#18781 = FILL_AREA_STYLE('',(#18782));
#18782 = FILL_AREA_STYLE_COLOUR('',#18158);
#18783 = STYLED_ITEM('color',(#18784),#4303);
#18784 = PRESENTATION_STYLE_ASSIGNMENT((#18785));
#18785 = SURFACE_STYLE_USAGE(.BOTH.,#18786);
#18786 = SURFACE_SIDE_STYLE('',(#18787));
#18787 = SURFACE_STYLE_FILL_AREA(#18788);
#18788 = FILL_AREA_STYLE('',(#18789));
#18789 = FILL_AREA_STYLE_COLOUR('',#18158);
#18790 = STYLED_ITEM('color',(#18791),#4334);
#18791 = PRESENTATION_STYLE_ASSIGNMENT((#18792));
#18792 = SURFACE_STYLE_USAGE(.BOTH.,#18793);
#18793 = SURFACE_SIDE_STYLE('',(#18794));
#18794 = SURFACE_STYLE_FILL_AREA(#18795);
#18795 = FILL_AREA_STYLE('',(#18796));
#18796 = FILL_AREA_STYLE_COLOUR('',#18158);
#18797 = STYLED_ITEM('color',(#18798),#4358);
#18798 = PRESENTATION_STYLE_ASSIGNMENT((#18799));
#18799 = SURFACE_STYLE_USAGE(.BOTH.,#18800);
#18800 = SURFACE_SIDE_STYLE('',(#18801));
#18801 = SURFACE_STYLE_FILL_AREA(#18802);
#18802 = FILL_AREA_STYLE('',(#18803));
#18803 = FILL_AREA_STYLE_COLOUR('',#18158);
#18804 = STYLED_ITEM('color',(#18805),#4382);
#18805 = PRESENTATION_STYLE_ASSIGNMENT((#18806));
#18806 = SURFACE_STYLE_USAGE(.BOTH.,#18807);
#18807 = SURFACE_SIDE_STYLE('',(#18808));
#18808 = SURFACE_STYLE_FILL_AREA(#18809);
#18809 = FILL_AREA_STYLE('',(#18810));
#18810 = FILL_AREA_STYLE_COLOUR('',#18158);
#18811 = STYLED_ITEM('color',(#18812),#4399);
#18812 = PRESENTATION_STYLE_ASSIGNMENT((#18813));
#18813 = SURFACE_STYLE_USAGE(.BOTH.,#18814);
#18814 = SURFACE_SIDE_STYLE('',(#18815));
#18815 = SURFACE_STYLE_FILL_AREA(#18816);
#18816 = FILL_AREA_STYLE('',(#18817));
#18817 = FILL_AREA_STYLE_COLOUR('',#18425);
#18818 = STYLED_ITEM('color',(#18819),#4416);
#18819 = PRESENTATION_STYLE_ASSIGNMENT((#18820));
#18820 = SURFACE_STYLE_USAGE(.BOTH.,#18821);
#18821 = SURFACE_SIDE_STYLE('',(#18822));
#18822 = SURFACE_STYLE_FILL_AREA(#18823);
#18823 = FILL_AREA_STYLE('',(#18824));
#18824 = FILL_AREA_STYLE_COLOUR('',#18425);
#18825 = STYLED_ITEM('color',(#18826),#4433);
#18826 = PRESENTATION_STYLE_ASSIGNMENT((#18827));
#18827 = SURFACE_STYLE_USAGE(.BOTH.,#18828);
#18828 = SURFACE_SIDE_STYLE('',(#18829));
#18829 = SURFACE_STYLE_FILL_AREA(#18830);
#18830 = FILL_AREA_STYLE('',(#18831));
#18831 = FILL_AREA_STYLE_COLOUR('',#18425);
#18832 = STYLED_ITEM('color',(#18833),#4450);
#18833 = PRESENTATION_STYLE_ASSIGNMENT((#18834));
#18834 = SURFACE_STYLE_USAGE(.BOTH.,#18835);
#18835 = SURFACE_SIDE_STYLE('',(#18836));
#18836 = SURFACE_STYLE_FILL_AREA(#18837);
#18837 = FILL_AREA_STYLE('',(#18838));
#18838 = FILL_AREA_STYLE_COLOUR('',#18425);
#18839 = STYLED_ITEM('color',(#18840),#4467);
#18840 = PRESENTATION_STYLE_ASSIGNMENT((#18841));
#18841 = SURFACE_STYLE_USAGE(.BOTH.,#18842);
#18842 = SURFACE_SIDE_STYLE('',(#18843));
#18843 = SURFACE_STYLE_FILL_AREA(#18844);
#18844 = FILL_AREA_STYLE('',(#18845));
#18845 = FILL_AREA_STYLE_COLOUR('',#18425);
#18846 = STYLED_ITEM('color',(#18847),#4479);
#18847 = PRESENTATION_STYLE_ASSIGNMENT((#18848));
#18848 = SURFACE_STYLE_USAGE(.BOTH.,#18849);
#18849 = SURFACE_SIDE_STYLE('',(#18850));
#18850 = SURFACE_STYLE_FILL_AREA(#18851);
#18851 = FILL_AREA_STYLE('',(#18852));
#18852 = FILL_AREA_STYLE_COLOUR('',#18425);
#18853 = STYLED_ITEM('color',(#18854),#4496);
#18854 = PRESENTATION_STYLE_ASSIGNMENT((#18855));
#18855 = SURFACE_STYLE_USAGE(.BOTH.,#18856);
#18856 = SURFACE_SIDE_STYLE('',(#18857));
#18857 = SURFACE_STYLE_FILL_AREA(#18858);
#18858 = FILL_AREA_STYLE('',(#18859));
#18859 = FILL_AREA_STYLE_COLOUR('',#18425);
#18860 = STYLED_ITEM('color',(#18861),#4513);
#18861 = PRESENTATION_STYLE_ASSIGNMENT((#18862));
#18862 = SURFACE_STYLE_USAGE(.BOTH.,#18863);
#18863 = SURFACE_SIDE_STYLE('',(#18864));
#18864 = SURFACE_STYLE_FILL_AREA(#18865);
#18865 = FILL_AREA_STYLE('',(#18866));
#18866 = FILL_AREA_STYLE_COLOUR('',#18425);
#18867 = STYLED_ITEM('color',(#18868),#4530);
#18868 = PRESENTATION_STYLE_ASSIGNMENT((#18869));
#18869 = SURFACE_STYLE_USAGE(.BOTH.,#18870);
#18870 = SURFACE_SIDE_STYLE('',(#18871));
#18871 = SURFACE_STYLE_FILL_AREA(#18872);
#18872 = FILL_AREA_STYLE('',(#18873));
#18873 = FILL_AREA_STYLE_COLOUR('',#18425);
#18874 = STYLED_ITEM('color',(#18875),#4547);
#18875 = PRESENTATION_STYLE_ASSIGNMENT((#18876));
#18876 = SURFACE_STYLE_USAGE(.BOTH.,#18877);
#18877 = SURFACE_SIDE_STYLE('',(#18878));
#18878 = SURFACE_STYLE_FILL_AREA(#18879);
#18879 = FILL_AREA_STYLE('',(#18880));
#18880 = FILL_AREA_STYLE_COLOUR('',#18425);
#18881 = STYLED_ITEM('color',(#18882),#4559);
#18882 = PRESENTATION_STYLE_ASSIGNMENT((#18883));
#18883 = SURFACE_STYLE_USAGE(.BOTH.,#18884);
#18884 = SURFACE_SIDE_STYLE('',(#18885));
#18885 = SURFACE_STYLE_FILL_AREA(#18886);
#18886 = FILL_AREA_STYLE('',(#18887));
#18887 = FILL_AREA_STYLE_COLOUR('',#18425);
#18888 = STYLED_ITEM('color',(#18889),#4576);
#18889 = PRESENTATION_STYLE_ASSIGNMENT((#18890));
#18890 = SURFACE_STYLE_USAGE(.BOTH.,#18891);
#18891 = SURFACE_SIDE_STYLE('',(#18892));
#18892 = SURFACE_STYLE_FILL_AREA(#18893);
#18893 = FILL_AREA_STYLE('',(#18894));
#18894 = FILL_AREA_STYLE_COLOUR('',#18425);
#18895 = STYLED_ITEM('color',(#18896),#4593);
#18896 = PRESENTATION_STYLE_ASSIGNMENT((#18897));
#18897 = SURFACE_STYLE_USAGE(.BOTH.,#18898);
#18898 = SURFACE_SIDE_STYLE('',(#18899));
#18899 = SURFACE_STYLE_FILL_AREA(#18900);
#18900 = FILL_AREA_STYLE('',(#18901));
#18901 = FILL_AREA_STYLE_COLOUR('',#18425);
#18902 = STYLED_ITEM('color',(#18903),#4610);
#18903 = PRESENTATION_STYLE_ASSIGNMENT((#18904));
#18904 = SURFACE_STYLE_USAGE(.BOTH.,#18905);
#18905 = SURFACE_SIDE_STYLE('',(#18906));
#18906 = SURFACE_STYLE_FILL_AREA(#18907);
#18907 = FILL_AREA_STYLE('',(#18908));
#18908 = FILL_AREA_STYLE_COLOUR('',#18425);
#18909 = STYLED_ITEM('color',(#18910),#4627);
#18910 = PRESENTATION_STYLE_ASSIGNMENT((#18911));
#18911 = SURFACE_STYLE_USAGE(.BOTH.,#18912);
#18912 = SURFACE_SIDE_STYLE('',(#18913));
#18913 = SURFACE_STYLE_FILL_AREA(#18914);
#18914 = FILL_AREA_STYLE('',(#18915));
#18915 = FILL_AREA_STYLE_COLOUR('',#18425);
#18916 = STYLED_ITEM('color',(#18917),#4639);
#18917 = PRESENTATION_STYLE_ASSIGNMENT((#18918));
#18918 = SURFACE_STYLE_USAGE(.BOTH.,#18919);
#18919 = SURFACE_SIDE_STYLE('',(#18920));
#18920 = SURFACE_STYLE_FILL_AREA(#18921);
#18921 = FILL_AREA_STYLE('',(#18922));
#18922 = FILL_AREA_STYLE_COLOUR('',#18425);
#18923 = STYLED_ITEM('color',(#18924),#4656);
#18924 = PRESENTATION_STYLE_ASSIGNMENT((#18925));
#18925 = SURFACE_STYLE_USAGE(.BOTH.,#18926);
#18926 = SURFACE_SIDE_STYLE('',(#18927));
#18927 = SURFACE_STYLE_FILL_AREA(#18928);
#18928 = FILL_AREA_STYLE('',(#18929));
#18929 = FILL_AREA_STYLE_COLOUR('',#18425);
#18930 = STYLED_ITEM('color',(#18931),#4673);
#18931 = PRESENTATION_STYLE_ASSIGNMENT((#18932));
#18932 = SURFACE_STYLE_USAGE(.BOTH.,#18933);
#18933 = SURFACE_SIDE_STYLE('',(#18934));
#18934 = SURFACE_STYLE_FILL_AREA(#18935);
#18935 = FILL_AREA_STYLE('',(#18936));
#18936 = FILL_AREA_STYLE_COLOUR('',#18425);
#18937 = STYLED_ITEM('color',(#18938),#4690);
#18938 = PRESENTATION_STYLE_ASSIGNMENT((#18939));
#18939 = SURFACE_STYLE_USAGE(.BOTH.,#18940);
#18940 = SURFACE_SIDE_STYLE('',(#18941));
#18941 = SURFACE_STYLE_FILL_AREA(#18942);
#18942 = FILL_AREA_STYLE('',(#18943));
#18943 = FILL_AREA_STYLE_COLOUR('',#18425);
#18944 = STYLED_ITEM('color',(#18945),#4707);
#18945 = PRESENTATION_STYLE_ASSIGNMENT((#18946));
#18946 = SURFACE_STYLE_USAGE(.BOTH.,#18947);
#18947 = SURFACE_SIDE_STYLE('',(#18948));
#18948 = SURFACE_STYLE_FILL_AREA(#18949);
#18949 = FILL_AREA_STYLE('',(#18950));
#18950 = FILL_AREA_STYLE_COLOUR('',#18425);
#18951 = STYLED_ITEM('color',(#18952),#4719);
#18952 = PRESENTATION_STYLE_ASSIGNMENT((#18953));
#18953 = SURFACE_STYLE_USAGE(.BOTH.,#18954);
#18954 = SURFACE_SIDE_STYLE('',(#18955));
#18955 = SURFACE_STYLE_FILL_AREA(#18956);
#18956 = FILL_AREA_STYLE('',(#18957));
#18957 = FILL_AREA_STYLE_COLOUR('',#18425);
#18958 = STYLED_ITEM('color',(#18959),#4736);
#18959 = PRESENTATION_STYLE_ASSIGNMENT((#18960));
#18960 = SURFACE_STYLE_USAGE(.BOTH.,#18961);
#18961 = SURFACE_SIDE_STYLE('',(#18962));
#18962 = SURFACE_STYLE_FILL_AREA(#18963);
#18963 = FILL_AREA_STYLE('',(#18964));
#18964 = FILL_AREA_STYLE_COLOUR('',#18425);
#18965 = STYLED_ITEM('color',(#18966),#4753);
#18966 = PRESENTATION_STYLE_ASSIGNMENT((#18967));
#18967 = SURFACE_STYLE_USAGE(.BOTH.,#18968);
#18968 = SURFACE_SIDE_STYLE('',(#18969));
#18969 = SURFACE_STYLE_FILL_AREA(#18970);
#18970 = FILL_AREA_STYLE('',(#18971));
#18971 = FILL_AREA_STYLE_COLOUR('',#18425);
#18972 = STYLED_ITEM('color',(#18973),#4770);
#18973 = PRESENTATION_STYLE_ASSIGNMENT((#18974));
#18974 = SURFACE_STYLE_USAGE(.BOTH.,#18975);
#18975 = SURFACE_SIDE_STYLE('',(#18976));
#18976 = SURFACE_STYLE_FILL_AREA(#18977);
#18977 = FILL_AREA_STYLE('',(#18978));
#18978 = FILL_AREA_STYLE_COLOUR('',#18425);
#18979 = STYLED_ITEM('color',(#18980),#4787);
#18980 = PRESENTATION_STYLE_ASSIGNMENT((#18981));
#18981 = SURFACE_STYLE_USAGE(.BOTH.,#18982);
#18982 = SURFACE_SIDE_STYLE('',(#18983));
#18983 = SURFACE_STYLE_FILL_AREA(#18984);
#18984 = FILL_AREA_STYLE('',(#18985));
#18985 = FILL_AREA_STYLE_COLOUR('',#18425);
#18986 = STYLED_ITEM('color',(#18987),#4799);
#18987 = PRESENTATION_STYLE_ASSIGNMENT((#18988));
#18988 = SURFACE_STYLE_USAGE(.BOTH.,#18989);
#18989 = SURFACE_SIDE_STYLE('',(#18990));
#18990 = SURFACE_STYLE_FILL_AREA(#18991);
#18991 = FILL_AREA_STYLE('',(#18992));
#18992 = FILL_AREA_STYLE_COLOUR('',#18425);
#18993 = STYLED_ITEM('color',(#18994),#4816);
#18994 = PRESENTATION_STYLE_ASSIGNMENT((#18995));
#18995 = SURFACE_STYLE_USAGE(.BOTH.,#18996);
#18996 = SURFACE_SIDE_STYLE('',(#18997));
#18997 = SURFACE_STYLE_FILL_AREA(#18998);
#18998 = FILL_AREA_STYLE('',(#18999));
#18999 = FILL_AREA_STYLE_COLOUR('',#18425);
#19000 = STYLED_ITEM('color',(#19001),#4833);
#19001 = PRESENTATION_STYLE_ASSIGNMENT((#19002));
#19002 = SURFACE_STYLE_USAGE(.BOTH.,#19003);
#19003 = SURFACE_SIDE_STYLE('',(#19004));
#19004 = SURFACE_STYLE_FILL_AREA(#19005);
#19005 = FILL_AREA_STYLE('',(#19006));
#19006 = FILL_AREA_STYLE_COLOUR('',#18425);
#19007 = STYLED_ITEM('color',(#19008),#4850);
#19008 = PRESENTATION_STYLE_ASSIGNMENT((#19009));
#19009 = SURFACE_STYLE_USAGE(.BOTH.,#19010);
#19010 = SURFACE_SIDE_STYLE('',(#19011));
#19011 = SURFACE_STYLE_FILL_AREA(#19012);
#19012 = FILL_AREA_STYLE('',(#19013));
#19013 = FILL_AREA_STYLE_COLOUR('',#18425);
#19014 = STYLED_ITEM('color',(#19015),#4867);
#19015 = PRESENTATION_STYLE_ASSIGNMENT((#19016));
#19016 = SURFACE_STYLE_USAGE(.BOTH.,#19017);
#19017 = SURFACE_SIDE_STYLE('',(#19018));
#19018 = SURFACE_STYLE_FILL_AREA(#19019);
#19019 = FILL_AREA_STYLE('',(#19020));
#19020 = FILL_AREA_STYLE_COLOUR('',#18425);
#19021 = STYLED_ITEM('color',(#19022),#4879);
#19022 = PRESENTATION_STYLE_ASSIGNMENT((#19023));
#19023 = SURFACE_STYLE_USAGE(.BOTH.,#19024);
#19024 = SURFACE_SIDE_STYLE('',(#19025));
#19025 = SURFACE_STYLE_FILL_AREA(#19026);
#19026 = FILL_AREA_STYLE('',(#19027));
#19027 = FILL_AREA_STYLE_COLOUR('',#18425);
#19028 = STYLED_ITEM('color',(#19029),#4896);
#19029 = PRESENTATION_STYLE_ASSIGNMENT((#19030));
#19030 = SURFACE_STYLE_USAGE(.BOTH.,#19031);
#19031 = SURFACE_SIDE_STYLE('',(#19032));
#19032 = SURFACE_STYLE_FILL_AREA(#19033);
#19033 = FILL_AREA_STYLE('',(#19034));
#19034 = FILL_AREA_STYLE_COLOUR('',#18425);
#19035 = STYLED_ITEM('color',(#19036),#4913);
#19036 = PRESENTATION_STYLE_ASSIGNMENT((#19037));
#19037 = SURFACE_STYLE_USAGE(.BOTH.,#19038);
#19038 = SURFACE_SIDE_STYLE('',(#19039));
#19039 = SURFACE_STYLE_FILL_AREA(#19040);
#19040 = FILL_AREA_STYLE('',(#19041));
#19041 = FILL_AREA_STYLE_COLOUR('',#18425);
#19042 = STYLED_ITEM('color',(#19043),#4930);
#19043 = PRESENTATION_STYLE_ASSIGNMENT((#19044));
#19044 = SURFACE_STYLE_USAGE(.BOTH.,#19045);
#19045 = SURFACE_SIDE_STYLE('',(#19046));
#19046 = SURFACE_STYLE_FILL_AREA(#19047);
#19047 = FILL_AREA_STYLE('',(#19048));
#19048 = FILL_AREA_STYLE_COLOUR('',#18425);
#19049 = STYLED_ITEM('color',(#19050),#4947);
#19050 = PRESENTATION_STYLE_ASSIGNMENT((#19051));
#19051 = SURFACE_STYLE_USAGE(.BOTH.,#19052);
#19052 = SURFACE_SIDE_STYLE('',(#19053));
#19053 = SURFACE_STYLE_FILL_AREA(#19054);
#19054 = FILL_AREA_STYLE('',(#19055));
#19055 = FILL_AREA_STYLE_COLOUR('',#18425);
#19056 = STYLED_ITEM('color',(#19057),#4959);
#19057 = PRESENTATION_STYLE_ASSIGNMENT((#19058));
#19058 = SURFACE_STYLE_USAGE(.BOTH.,#19059);
#19059 = SURFACE_SIDE_STYLE('',(#19060));
#19060 = SURFACE_STYLE_FILL_AREA(#19061);
#19061 = FILL_AREA_STYLE('',(#19062));
#19062 = FILL_AREA_STYLE_COLOUR('',#18158);
#19063 = STYLED_ITEM('color',(#19064),#5005);
#19064 = PRESENTATION_STYLE_ASSIGNMENT((#19065));
#19065 = SURFACE_STYLE_USAGE(.BOTH.,#19066);
#19066 = SURFACE_SIDE_STYLE('',(#19067));
#19067 = SURFACE_STYLE_FILL_AREA(#19068);
#19068 = FILL_AREA_STYLE('',(#19069));
#19069 = FILL_AREA_STYLE_COLOUR('',#18158);
#19070 = STYLED_ITEM('color',(#19071),#5051);
#19071 = PRESENTATION_STYLE_ASSIGNMENT((#19072));
#19072 = SURFACE_STYLE_USAGE(.BOTH.,#19073);
#19073 = SURFACE_SIDE_STYLE('',(#19074));
#19074 = SURFACE_STYLE_FILL_AREA(#19075);
#19075 = FILL_AREA_STYLE('',(#19076));
#19076 = FILL_AREA_STYLE_COLOUR('',#18158);
#19077 = STYLED_ITEM('color',(#19078),#5097);
#19078 = PRESENTATION_STYLE_ASSIGNMENT((#19079));
#19079 = SURFACE_STYLE_USAGE(.BOTH.,#19080);
#19080 = SURFACE_SIDE_STYLE('',(#19081));
#19081 = SURFACE_STYLE_FILL_AREA(#19082);
#19082 = FILL_AREA_STYLE('',(#19083));
#19083 = FILL_AREA_STYLE_COLOUR('',#18158);
#19084 = STYLED_ITEM('color',(#19085),#5143);
#19085 = PRESENTATION_STYLE_ASSIGNMENT((#19086));
#19086 = SURFACE_STYLE_USAGE(.BOTH.,#19087);
#19087 = SURFACE_SIDE_STYLE('',(#19088));
#19088 = SURFACE_STYLE_FILL_AREA(#19089);
#19089 = FILL_AREA_STYLE('',(#19090));
#19090 = FILL_AREA_STYLE_COLOUR('',#18158);
#19091 = STYLED_ITEM('color',(#19092),#5189);
#19092 = PRESENTATION_STYLE_ASSIGNMENT((#19093));
#19093 = SURFACE_STYLE_USAGE(.BOTH.,#19094);
#19094 = SURFACE_SIDE_STYLE('',(#19095));
#19095 = SURFACE_STYLE_FILL_AREA(#19096);
#19096 = FILL_AREA_STYLE('',(#19097));
#19097 = FILL_AREA_STYLE_COLOUR('',#18158);
#19098 = STYLED_ITEM('color',(#19099),#5235);
#19099 = PRESENTATION_STYLE_ASSIGNMENT((#19100));
#19100 = SURFACE_STYLE_USAGE(.BOTH.,#19101);
#19101 = SURFACE_SIDE_STYLE('',(#19102));
#19102 = SURFACE_STYLE_FILL_AREA(#19103);
#19103 = FILL_AREA_STYLE('',(#19104));
#19104 = FILL_AREA_STYLE_COLOUR('',#18158);
#19105 = STYLED_ITEM('color',(#19106),#5281);
#19106 = PRESENTATION_STYLE_ASSIGNMENT((#19107));
#19107 = SURFACE_STYLE_USAGE(.BOTH.,#19108);
#19108 = SURFACE_SIDE_STYLE('',(#19109));
#19109 = SURFACE_STYLE_FILL_AREA(#19110);
#19110 = FILL_AREA_STYLE('',(#19111));
#19111 = FILL_AREA_STYLE_COLOUR('',#18158);
#19112 = STYLED_ITEM('color',(#19113),#5344);
#19113 = PRESENTATION_STYLE_ASSIGNMENT((#19114));
#19114 = SURFACE_STYLE_USAGE(.BOTH.,#19115);
#19115 = SURFACE_SIDE_STYLE('',(#19116));
#19116 = SURFACE_STYLE_FILL_AREA(#19117);
#19117 = FILL_AREA_STYLE('',(#19118));
#19118 = FILL_AREA_STYLE_COLOUR('',#18158);
#19119 = STYLED_ITEM('color',(#19120),#5368);
#19120 = PRESENTATION_STYLE_ASSIGNMENT((#19121));
#19121 = SURFACE_STYLE_USAGE(.BOTH.,#19122);
#19122 = SURFACE_SIDE_STYLE('',(#19123));
#19123 = SURFACE_STYLE_FILL_AREA(#19124);
#19124 = FILL_AREA_STYLE('',(#19125));
#19125 = FILL_AREA_STYLE_COLOUR('',#18158);
#19126 = STYLED_ITEM('color',(#19127),#5424);
#19127 = PRESENTATION_STYLE_ASSIGNMENT((#19128));
#19128 = SURFACE_STYLE_USAGE(.BOTH.,#19129);
#19129 = SURFACE_SIDE_STYLE('',(#19130));
#19130 = SURFACE_STYLE_FILL_AREA(#19131);
#19131 = FILL_AREA_STYLE('',(#19132));
#19132 = FILL_AREA_STYLE_COLOUR('',#18158);
#19133 = STYLED_ITEM('color',(#19134),#5441);
#19134 = PRESENTATION_STYLE_ASSIGNMENT((#19135));
#19135 = SURFACE_STYLE_USAGE(.BOTH.,#19136);
#19136 = SURFACE_SIDE_STYLE('',(#19137));
#19137 = SURFACE_STYLE_FILL_AREA(#19138);
#19138 = FILL_AREA_STYLE('',(#19139));
#19139 = FILL_AREA_STYLE_COLOUR('',#18158);
#19140 = STYLED_ITEM('color',(#19141),#5504);
#19141 = PRESENTATION_STYLE_ASSIGNMENT((#19142));
#19142 = SURFACE_STYLE_USAGE(.BOTH.,#19143);
#19143 = SURFACE_SIDE_STYLE('',(#19144));
#19144 = SURFACE_STYLE_FILL_AREA(#19145);
#19145 = FILL_AREA_STYLE('',(#19146));
#19146 = FILL_AREA_STYLE_COLOUR('',#18158);
#19147 = STYLED_ITEM('color',(#19148),#5528);
#19148 = PRESENTATION_STYLE_ASSIGNMENT((#19149));
#19149 = SURFACE_STYLE_USAGE(.BOTH.,#19150);
#19150 = SURFACE_SIDE_STYLE('',(#19151));
#19151 = SURFACE_STYLE_FILL_AREA(#19152);
#19152 = FILL_AREA_STYLE('',(#19153));
#19153 = FILL_AREA_STYLE_COLOUR('',#18158);
#19154 = STYLED_ITEM('color',(#19155),#5584);
#19155 = PRESENTATION_STYLE_ASSIGNMENT((#19156));
#19156 = SURFACE_STYLE_USAGE(.BOTH.,#19157);
#19157 = SURFACE_SIDE_STYLE('',(#19158));
#19158 = SURFACE_STYLE_FILL_AREA(#19159);
#19159 = FILL_AREA_STYLE('',(#19160));
#19160 = FILL_AREA_STYLE_COLOUR('',#18158);
#19161 = STYLED_ITEM('color',(#19162),#5601);
#19162 = PRESENTATION_STYLE_ASSIGNMENT((#19163));
#19163 = SURFACE_STYLE_USAGE(.BOTH.,#19164);
#19164 = SURFACE_SIDE_STYLE('',(#19165));
#19165 = SURFACE_STYLE_FILL_AREA(#19166);
#19166 = FILL_AREA_STYLE('',(#19167));
#19167 = FILL_AREA_STYLE_COLOUR('',#18158);
#19168 = STYLED_ITEM('color',(#19169),#5664);
#19169 = PRESENTATION_STYLE_ASSIGNMENT((#19170));
#19170 = SURFACE_STYLE_USAGE(.BOTH.,#19171);
#19171 = SURFACE_SIDE_STYLE('',(#19172));
#19172 = SURFACE_STYLE_FILL_AREA(#19173);
#19173 = FILL_AREA_STYLE('',(#19174));
#19174 = FILL_AREA_STYLE_COLOUR('',#18158);
#19175 = STYLED_ITEM('color',(#19176),#5688);
#19176 = PRESENTATION_STYLE_ASSIGNMENT((#19177));
#19177 = SURFACE_STYLE_USAGE(.BOTH.,#19178);
#19178 = SURFACE_SIDE_STYLE('',(#19179));
#19179 = SURFACE_STYLE_FILL_AREA(#19180);
#19180 = FILL_AREA_STYLE('',(#19181));
#19181 = FILL_AREA_STYLE_COLOUR('',#18158);
#19182 = STYLED_ITEM('color',(#19183),#5744);
#19183 = PRESENTATION_STYLE_ASSIGNMENT((#19184));
#19184 = SURFACE_STYLE_USAGE(.BOTH.,#19185);
#19185 = SURFACE_SIDE_STYLE('',(#19186));
#19186 = SURFACE_STYLE_FILL_AREA(#19187);
#19187 = FILL_AREA_STYLE('',(#19188));
#19188 = FILL_AREA_STYLE_COLOUR('',#18158);
#19189 = STYLED_ITEM('color',(#19190),#5761);
#19190 = PRESENTATION_STYLE_ASSIGNMENT((#19191));
#19191 = SURFACE_STYLE_USAGE(.BOTH.,#19192);
#19192 = SURFACE_SIDE_STYLE('',(#19193));
#19193 = SURFACE_STYLE_FILL_AREA(#19194);
#19194 = FILL_AREA_STYLE('',(#19195));
#19195 = FILL_AREA_STYLE_COLOUR('',#18158);
#19196 = STYLED_ITEM('color',(#19197),#5824);
#19197 = PRESENTATION_STYLE_ASSIGNMENT((#19198));
#19198 = SURFACE_STYLE_USAGE(.BOTH.,#19199);
#19199 = SURFACE_SIDE_STYLE('',(#19200));
#19200 = SURFACE_STYLE_FILL_AREA(#19201);
#19201 = FILL_AREA_STYLE('',(#19202));
#19202 = FILL_AREA_STYLE_COLOUR('',#18158);
#19203 = STYLED_ITEM('color',(#19204),#5848);
#19204 = PRESENTATION_STYLE_ASSIGNMENT((#19205));
#19205 = SURFACE_STYLE_USAGE(.BOTH.,#19206);
#19206 = SURFACE_SIDE_STYLE('',(#19207));
#19207 = SURFACE_STYLE_FILL_AREA(#19208);
#19208 = FILL_AREA_STYLE('',(#19209));
#19209 = FILL_AREA_STYLE_COLOUR('',#18158);
#19210 = STYLED_ITEM('color',(#19211),#5904);
#19211 = PRESENTATION_STYLE_ASSIGNMENT((#19212));
#19212 = SURFACE_STYLE_USAGE(.BOTH.,#19213);
#19213 = SURFACE_SIDE_STYLE('',(#19214));
#19214 = SURFACE_STYLE_FILL_AREA(#19215);
#19215 = FILL_AREA_STYLE('',(#19216));
#19216 = FILL_AREA_STYLE_COLOUR('',#18158);
#19217 = STYLED_ITEM('color',(#19218),#5921);
#19218 = PRESENTATION_STYLE_ASSIGNMENT((#19219));
#19219 = SURFACE_STYLE_USAGE(.BOTH.,#19220);
#19220 = SURFACE_SIDE_STYLE('',(#19221));
#19221 = SURFACE_STYLE_FILL_AREA(#19222);
#19222 = FILL_AREA_STYLE('',(#19223));
#19223 = FILL_AREA_STYLE_COLOUR('',#18158);
#19224 = STYLED_ITEM('color',(#19225),#5984);
#19225 = PRESENTATION_STYLE_ASSIGNMENT((#19226));
#19226 = SURFACE_STYLE_USAGE(.BOTH.,#19227);
#19227 = SURFACE_SIDE_STYLE('',(#19228));
#19228 = SURFACE_STYLE_FILL_AREA(#19229);
#19229 = FILL_AREA_STYLE('',(#19230));
#19230 = FILL_AREA_STYLE_COLOUR('',#18158);
#19231 = STYLED_ITEM('color',(#19232),#6008);
#19232 = PRESENTATION_STYLE_ASSIGNMENT((#19233));
#19233 = SURFACE_STYLE_USAGE(.BOTH.,#19234);
#19234 = SURFACE_SIDE_STYLE('',(#19235));
#19235 = SURFACE_STYLE_FILL_AREA(#19236);
#19236 = FILL_AREA_STYLE('',(#19237));
#19237 = FILL_AREA_STYLE_COLOUR('',#18158);
#19238 = STYLED_ITEM('color',(#19239),#6064);
#19239 = PRESENTATION_STYLE_ASSIGNMENT((#19240));
#19240 = SURFACE_STYLE_USAGE(.BOTH.,#19241);
#19241 = SURFACE_SIDE_STYLE('',(#19242));
#19242 = SURFACE_STYLE_FILL_AREA(#19243);
#19243 = FILL_AREA_STYLE('',(#19244));
#19244 = FILL_AREA_STYLE_COLOUR('',#18158);
#19245 = STYLED_ITEM('color',(#19246),#6081);
#19246 = PRESENTATION_STYLE_ASSIGNMENT((#19247));
#19247 = SURFACE_STYLE_USAGE(.BOTH.,#19248);
#19248 = SURFACE_SIDE_STYLE('',(#19249));
#19249 = SURFACE_STYLE_FILL_AREA(#19250);
#19250 = FILL_AREA_STYLE('',(#19251));
#19251 = FILL_AREA_STYLE_COLOUR('',#18158);
#19252 = STYLED_ITEM('color',(#19253),#6144);
#19253 = PRESENTATION_STYLE_ASSIGNMENT((#19254));
#19254 = SURFACE_STYLE_USAGE(.BOTH.,#19255);
#19255 = SURFACE_SIDE_STYLE('',(#19256));
#19256 = SURFACE_STYLE_FILL_AREA(#19257);
#19257 = FILL_AREA_STYLE('',(#19258));
#19258 = FILL_AREA_STYLE_COLOUR('',#18158);
#19259 = STYLED_ITEM('color',(#19260),#6168);
#19260 = PRESENTATION_STYLE_ASSIGNMENT((#19261));
#19261 = SURFACE_STYLE_USAGE(.BOTH.,#19262);
#19262 = SURFACE_SIDE_STYLE('',(#19263));
#19263 = SURFACE_STYLE_FILL_AREA(#19264);
#19264 = FILL_AREA_STYLE('',(#19265));
#19265 = FILL_AREA_STYLE_COLOUR('',#18158);
#19266 = STYLED_ITEM('color',(#19267),#6224);
#19267 = PRESENTATION_STYLE_ASSIGNMENT((#19268));
#19268 = SURFACE_STYLE_USAGE(.BOTH.,#19269);
#19269 = SURFACE_SIDE_STYLE('',(#19270));
#19270 = SURFACE_STYLE_FILL_AREA(#19271);
#19271 = FILL_AREA_STYLE('',(#19272));
#19272 = FILL_AREA_STYLE_COLOUR('',#18158);
#19273 = STYLED_ITEM('color',(#19274),#6241);
#19274 = PRESENTATION_STYLE_ASSIGNMENT((#19275));
#19275 = SURFACE_STYLE_USAGE(.BOTH.,#19276);
#19276 = SURFACE_SIDE_STYLE('',(#19277));
#19277 = SURFACE_STYLE_FILL_AREA(#19278);
#19278 = FILL_AREA_STYLE('',(#19279));
#19279 = FILL_AREA_STYLE_COLOUR('',#18158);
#19280 = STYLED_ITEM('color',(#19281),#6304);
#19281 = PRESENTATION_STYLE_ASSIGNMENT((#19282));
#19282 = SURFACE_STYLE_USAGE(.BOTH.,#19283);
#19283 = SURFACE_SIDE_STYLE('',(#19284));
#19284 = SURFACE_STYLE_FILL_AREA(#19285);
#19285 = FILL_AREA_STYLE('',(#19286));
#19286 = FILL_AREA_STYLE_COLOUR('',#18158);
#19287 = STYLED_ITEM('color',(#19288),#6328);
#19288 = PRESENTATION_STYLE_ASSIGNMENT((#19289));
#19289 = SURFACE_STYLE_USAGE(.BOTH.,#19290);
#19290 = SURFACE_SIDE_STYLE('',(#19291));
#19291 = SURFACE_STYLE_FILL_AREA(#19292);
#19292 = FILL_AREA_STYLE('',(#19293));
#19293 = FILL_AREA_STYLE_COLOUR('',#18158);
#19294 = STYLED_ITEM('color',(#19295),#6384);
#19295 = PRESENTATION_STYLE_ASSIGNMENT((#19296));
#19296 = SURFACE_STYLE_USAGE(.BOTH.,#19297);
#19297 = SURFACE_SIDE_STYLE('',(#19298));
#19298 = SURFACE_STYLE_FILL_AREA(#19299);
#19299 = FILL_AREA_STYLE('',(#19300));
#19300 = FILL_AREA_STYLE_COLOUR('',#18158);
#19301 = STYLED_ITEM('color',(#19302),#6401);
#19302 = PRESENTATION_STYLE_ASSIGNMENT((#19303));
#19303 = SURFACE_STYLE_USAGE(.BOTH.,#19304);
#19304 = SURFACE_SIDE_STYLE('',(#19305));
#19305 = SURFACE_STYLE_FILL_AREA(#19306);
#19306 = FILL_AREA_STYLE('',(#19307));
#19307 = FILL_AREA_STYLE_COLOUR('',#18158);
#19308 = STYLED_ITEM('color',(#19309),#6418);
#19309 = PRESENTATION_STYLE_ASSIGNMENT((#19310));
#19310 = SURFACE_STYLE_USAGE(.BOTH.,#19311);
#19311 = SURFACE_SIDE_STYLE('',(#19312));
#19312 = SURFACE_STYLE_FILL_AREA(#19313);
#19313 = FILL_AREA_STYLE('',(#19314));
#19314 = FILL_AREA_STYLE_COLOUR('',#18425);
#19315 = STYLED_ITEM('color',(#19316),#6467);
#19316 = PRESENTATION_STYLE_ASSIGNMENT((#19317));
#19317 = SURFACE_STYLE_USAGE(.BOTH.,#19318);
#19318 = SURFACE_SIDE_STYLE('',(#19319));
#19319 = SURFACE_STYLE_FILL_AREA(#19320);
#19320 = FILL_AREA_STYLE('',(#19321));
#19321 = FILL_AREA_STYLE_COLOUR('',#18425);
#19322 = STYLED_ITEM('color',(#19323),#6491);
#19323 = PRESENTATION_STYLE_ASSIGNMENT((#19324));
#19324 = SURFACE_STYLE_USAGE(.BOTH.,#19325);
#19325 = SURFACE_SIDE_STYLE('',(#19326));
#19326 = SURFACE_STYLE_FILL_AREA(#19327);
#19327 = FILL_AREA_STYLE('',(#19328));
#19328 = FILL_AREA_STYLE_COLOUR('',#18425);
#19329 = STYLED_ITEM('color',(#19330),#6538);
#19330 = PRESENTATION_STYLE_ASSIGNMENT((#19331));
#19331 = SURFACE_STYLE_USAGE(.BOTH.,#19332);
#19332 = SURFACE_SIDE_STYLE('',(#19333));
#19333 = SURFACE_STYLE_FILL_AREA(#19334);
#19334 = FILL_AREA_STYLE('',(#19335));
#19335 = FILL_AREA_STYLE_COLOUR('',#18158);
#19336 = STYLED_ITEM('color',(#19337),#6550);
#19337 = PRESENTATION_STYLE_ASSIGNMENT((#19338));
#19338 = SURFACE_STYLE_USAGE(.BOTH.,#19339);
#19339 = SURFACE_SIDE_STYLE('',(#19340));
#19340 = SURFACE_STYLE_FILL_AREA(#19341);
#19341 = FILL_AREA_STYLE('',(#19342));
#19342 = FILL_AREA_STYLE_COLOUR('',#18425);
#19343 = STYLED_ITEM('color',(#19344),#6567);
#19344 = PRESENTATION_STYLE_ASSIGNMENT((#19345));
#19345 = SURFACE_STYLE_USAGE(.BOTH.,#19346);
#19346 = SURFACE_SIDE_STYLE('',(#19347));
#19347 = SURFACE_STYLE_FILL_AREA(#19348);
#19348 = FILL_AREA_STYLE('',(#19349));
#19349 = FILL_AREA_STYLE_COLOUR('',#18158);
#19350 = STYLED_ITEM('color',(#19351),#6584);
#19351 = PRESENTATION_STYLE_ASSIGNMENT((#19352));
#19352 = SURFACE_STYLE_USAGE(.BOTH.,#19353);
#19353 = SURFACE_SIDE_STYLE('',(#19354));
#19354 = SURFACE_STYLE_FILL_AREA(#19355);
#19355 = FILL_AREA_STYLE('',(#19356));
#19356 = FILL_AREA_STYLE_COLOUR('',#18425);
#19357 = STYLED_ITEM('color',(#19358),#6633);
#19358 = PRESENTATION_STYLE_ASSIGNMENT((#19359));
#19359 = SURFACE_STYLE_USAGE(.BOTH.,#19360);
#19360 = SURFACE_SIDE_STYLE('',(#19361));
#19361 = SURFACE_STYLE_FILL_AREA(#19362);
#19362 = FILL_AREA_STYLE('',(#19363));
#19363 = FILL_AREA_STYLE_COLOUR('',#18425);
#19364 = STYLED_ITEM('color',(#19365),#6657);
#19365 = PRESENTATION_STYLE_ASSIGNMENT((#19366));
#19366 = SURFACE_STYLE_USAGE(.BOTH.,#19367);
#19367 = SURFACE_SIDE_STYLE('',(#19368));
#19368 = SURFACE_STYLE_FILL_AREA(#19369);
#19369 = FILL_AREA_STYLE('',(#19370));
#19370 = FILL_AREA_STYLE_COLOUR('',#18425);
#19371 = STYLED_ITEM('color',(#19372),#6704);
#19372 = PRESENTATION_STYLE_ASSIGNMENT((#19373));
#19373 = SURFACE_STYLE_USAGE(.BOTH.,#19374);
#19374 = SURFACE_SIDE_STYLE('',(#19375));
#19375 = SURFACE_STYLE_FILL_AREA(#19376);
#19376 = FILL_AREA_STYLE('',(#19377));
#19377 = FILL_AREA_STYLE_COLOUR('',#18158);
#19378 = STYLED_ITEM('color',(#19379),#6716);
#19379 = PRESENTATION_STYLE_ASSIGNMENT((#19380));
#19380 = SURFACE_STYLE_USAGE(.BOTH.,#19381);
#19381 = SURFACE_SIDE_STYLE('',(#19382));
#19382 = SURFACE_STYLE_FILL_AREA(#19383);
#19383 = FILL_AREA_STYLE('',(#19384));
#19384 = FILL_AREA_STYLE_COLOUR('',#18425);
#19385 = STYLED_ITEM('color',(#19386),#6733);
#19386 = PRESENTATION_STYLE_ASSIGNMENT((#19387));
#19387 = SURFACE_STYLE_USAGE(.BOTH.,#19388);
#19388 = SURFACE_SIDE_STYLE('',(#19389));
#19389 = SURFACE_STYLE_FILL_AREA(#19390);
#19390 = FILL_AREA_STYLE('',(#19391));
#19391 = FILL_AREA_STYLE_COLOUR('',#18158);
#19392 = STYLED_ITEM('color',(#19393),#6750);
#19393 = PRESENTATION_STYLE_ASSIGNMENT((#19394));
#19394 = SURFACE_STYLE_USAGE(.BOTH.,#19395);
#19395 = SURFACE_SIDE_STYLE('',(#19396));
#19396 = SURFACE_STYLE_FILL_AREA(#19397);
#19397 = FILL_AREA_STYLE('',(#19398));
#19398 = FILL_AREA_STYLE_COLOUR('',#18425);
#19399 = STYLED_ITEM('color',(#19400),#6799);
#19400 = PRESENTATION_STYLE_ASSIGNMENT((#19401));
#19401 = SURFACE_STYLE_USAGE(.BOTH.,#19402);
#19402 = SURFACE_SIDE_STYLE('',(#19403));
#19403 = SURFACE_STYLE_FILL_AREA(#19404);
#19404 = FILL_AREA_STYLE('',(#19405));
#19405 = FILL_AREA_STYLE_COLOUR('',#18425);
#19406 = STYLED_ITEM('color',(#19407),#6823);
#19407 = PRESENTATION_STYLE_ASSIGNMENT((#19408));
#19408 = SURFACE_STYLE_USAGE(.BOTH.,#19409);
#19409 = SURFACE_SIDE_STYLE('',(#19410));
#19410 = SURFACE_STYLE_FILL_AREA(#19411);
#19411 = FILL_AREA_STYLE('',(#19412));
#19412 = FILL_AREA_STYLE_COLOUR('',#18425);
#19413 = STYLED_ITEM('color',(#19414),#6870);
#19414 = PRESENTATION_STYLE_ASSIGNMENT((#19415));
#19415 = SURFACE_STYLE_USAGE(.BOTH.,#19416);
#19416 = SURFACE_SIDE_STYLE('',(#19417));
#19417 = SURFACE_STYLE_FILL_AREA(#19418);
#19418 = FILL_AREA_STYLE('',(#19419));
#19419 = FILL_AREA_STYLE_COLOUR('',#18158);
#19420 = STYLED_ITEM('color',(#19421),#6882);
#19421 = PRESENTATION_STYLE_ASSIGNMENT((#19422));
#19422 = SURFACE_STYLE_USAGE(.BOTH.,#19423);
#19423 = SURFACE_SIDE_STYLE('',(#19424));
#19424 = SURFACE_STYLE_FILL_AREA(#19425);
#19425 = FILL_AREA_STYLE('',(#19426));
#19426 = FILL_AREA_STYLE_COLOUR('',#18425);
#19427 = STYLED_ITEM('color',(#19428),#6899);
#19428 = PRESENTATION_STYLE_ASSIGNMENT((#19429));
#19429 = SURFACE_STYLE_USAGE(.BOTH.,#19430);
#19430 = SURFACE_SIDE_STYLE('',(#19431));
#19431 = SURFACE_STYLE_FILL_AREA(#19432);
#19432 = FILL_AREA_STYLE('',(#19433));
#19433 = FILL_AREA_STYLE_COLOUR('',#18158);
#19434 = STYLED_ITEM('color',(#19435),#6916);
#19435 = PRESENTATION_STYLE_ASSIGNMENT((#19436));
#19436 = SURFACE_STYLE_USAGE(.BOTH.,#19437);
#19437 = SURFACE_SIDE_STYLE('',(#19438));
#19438 = SURFACE_STYLE_FILL_AREA(#19439);
#19439 = FILL_AREA_STYLE('',(#19440));
#19440 = FILL_AREA_STYLE_COLOUR('',#18425);
#19441 = STYLED_ITEM('color',(#19442),#6965);
#19442 = PRESENTATION_STYLE_ASSIGNMENT((#19443));
#19443 = SURFACE_STYLE_USAGE(.BOTH.,#19444);
#19444 = SURFACE_SIDE_STYLE('',(#19445));
#19445 = SURFACE_STYLE_FILL_AREA(#19446);
#19446 = FILL_AREA_STYLE('',(#19447));
#19447 = FILL_AREA_STYLE_COLOUR('',#18425);
#19448 = STYLED_ITEM('color',(#19449),#6989);
#19449 = PRESENTATION_STYLE_ASSIGNMENT((#19450));
#19450 = SURFACE_STYLE_USAGE(.BOTH.,#19451);
#19451 = SURFACE_SIDE_STYLE('',(#19452));
#19452 = SURFACE_STYLE_FILL_AREA(#19453);
#19453 = FILL_AREA_STYLE('',(#19454));
#19454 = FILL_AREA_STYLE_COLOUR('',#18425);
#19455 = STYLED_ITEM('color',(#19456),#7036);
#19456 = PRESENTATION_STYLE_ASSIGNMENT((#19457));
#19457 = SURFACE_STYLE_USAGE(.BOTH.,#19458);
#19458 = SURFACE_SIDE_STYLE('',(#19459));
#19459 = SURFACE_STYLE_FILL_AREA(#19460);
#19460 = FILL_AREA_STYLE('',(#19461));
#19461 = FILL_AREA_STYLE_COLOUR('',#18158);
#19462 = STYLED_ITEM('color',(#19463),#7048);
#19463 = PRESENTATION_STYLE_ASSIGNMENT((#19464));
#19464 = SURFACE_STYLE_USAGE(.BOTH.,#19465);
#19465 = SURFACE_SIDE_STYLE('',(#19466));
#19466 = SURFACE_STYLE_FILL_AREA(#19467);
#19467 = FILL_AREA_STYLE('',(#19468));
#19468 = FILL_AREA_STYLE_COLOUR('',#18425);
#19469 = STYLED_ITEM('color',(#19470),#7065);
#19470 = PRESENTATION_STYLE_ASSIGNMENT((#19471));
#19471 = SURFACE_STYLE_USAGE(.BOTH.,#19472);
#19472 = SURFACE_SIDE_STYLE('',(#19473));
#19473 = SURFACE_STYLE_FILL_AREA(#19474);
#19474 = FILL_AREA_STYLE('',(#19475));
#19475 = FILL_AREA_STYLE_COLOUR('',#18158);
#19476 = STYLED_ITEM('color',(#19477),#7082);
#19477 = PRESENTATION_STYLE_ASSIGNMENT((#19478));
#19478 = SURFACE_STYLE_USAGE(.BOTH.,#19479);
#19479 = SURFACE_SIDE_STYLE('',(#19480));
#19480 = SURFACE_STYLE_FILL_AREA(#19481);
#19481 = FILL_AREA_STYLE('',(#19482));
#19482 = FILL_AREA_STYLE_COLOUR('',#18425);
#19483 = STYLED_ITEM('color',(#19484),#7131);
#19484 = PRESENTATION_STYLE_ASSIGNMENT((#19485));
#19485 = SURFACE_STYLE_USAGE(.BOTH.,#19486);
#19486 = SURFACE_SIDE_STYLE('',(#19487));
#19487 = SURFACE_STYLE_FILL_AREA(#19488);
#19488 = FILL_AREA_STYLE('',(#19489));
#19489 = FILL_AREA_STYLE_COLOUR('',#18425);
#19490 = STYLED_ITEM('color',(#19491),#7155);
#19491 = PRESENTATION_STYLE_ASSIGNMENT((#19492));
#19492 = SURFACE_STYLE_USAGE(.BOTH.,#19493);
#19493 = SURFACE_SIDE_STYLE('',(#19494));
#19494 = SURFACE_STYLE_FILL_AREA(#19495);
#19495 = FILL_AREA_STYLE('',(#19496));
#19496 = FILL_AREA_STYLE_COLOUR('',#18425);
#19497 = STYLED_ITEM('color',(#19498),#7202);
#19498 = PRESENTATION_STYLE_ASSIGNMENT((#19499));
#19499 = SURFACE_STYLE_USAGE(.BOTH.,#19500);
#19500 = SURFACE_SIDE_STYLE('',(#19501));
#19501 = SURFACE_STYLE_FILL_AREA(#19502);
#19502 = FILL_AREA_STYLE('',(#19503));
#19503 = FILL_AREA_STYLE_COLOUR('',#18158);
#19504 = STYLED_ITEM('color',(#19505),#7214);
#19505 = PRESENTATION_STYLE_ASSIGNMENT((#19506));
#19506 = SURFACE_STYLE_USAGE(.BOTH.,#19507);
#19507 = SURFACE_SIDE_STYLE('',(#19508));
#19508 = SURFACE_STYLE_FILL_AREA(#19509);
#19509 = FILL_AREA_STYLE('',(#19510));
#19510 = FILL_AREA_STYLE_COLOUR('',#18425);
#19511 = STYLED_ITEM('color',(#19512),#7231);
#19512 = PRESENTATION_STYLE_ASSIGNMENT((#19513));
#19513 = SURFACE_STYLE_USAGE(.BOTH.,#19514);
#19514 = SURFACE_SIDE_STYLE('',(#19515));
#19515 = SURFACE_STYLE_FILL_AREA(#19516);
#19516 = FILL_AREA_STYLE('',(#19517));
#19517 = FILL_AREA_STYLE_COLOUR('',#18158);
#19518 = STYLED_ITEM('color',(#19519),#7248);
#19519 = PRESENTATION_STYLE_ASSIGNMENT((#19520));
#19520 = SURFACE_STYLE_USAGE(.BOTH.,#19521);
#19521 = SURFACE_SIDE_STYLE('',(#19522));
#19522 = SURFACE_STYLE_FILL_AREA(#19523);
#19523 = FILL_AREA_STYLE('',(#19524));
#19524 = FILL_AREA_STYLE_COLOUR('',#18425);
#19525 = STYLED_ITEM('color',(#19526),#7297);
#19526 = PRESENTATION_STYLE_ASSIGNMENT((#19527));
#19527 = SURFACE_STYLE_USAGE(.BOTH.,#19528);
#19528 = SURFACE_SIDE_STYLE('',(#19529));
#19529 = SURFACE_STYLE_FILL_AREA(#19530);
#19530 = FILL_AREA_STYLE('',(#19531));
#19531 = FILL_AREA_STYLE_COLOUR('',#18425);
#19532 = STYLED_ITEM('color',(#19533),#7321);
#19533 = PRESENTATION_STYLE_ASSIGNMENT((#19534));
#19534 = SURFACE_STYLE_USAGE(.BOTH.,#19535);
#19535 = SURFACE_SIDE_STYLE('',(#19536));
#19536 = SURFACE_STYLE_FILL_AREA(#19537);
#19537 = FILL_AREA_STYLE('',(#19538));
#19538 = FILL_AREA_STYLE_COLOUR('',#18425);
#19539 = STYLED_ITEM('color',(#19540),#7368);
#19540 = PRESENTATION_STYLE_ASSIGNMENT((#19541));
#19541 = SURFACE_STYLE_USAGE(.BOTH.,#19542);
#19542 = SURFACE_SIDE_STYLE('',(#19543));
#19543 = SURFACE_STYLE_FILL_AREA(#19544);
#19544 = FILL_AREA_STYLE('',(#19545));
#19545 = FILL_AREA_STYLE_COLOUR('',#18158);
#19546 = STYLED_ITEM('color',(#19547),#7380);
#19547 = PRESENTATION_STYLE_ASSIGNMENT((#19548));
#19548 = SURFACE_STYLE_USAGE(.BOTH.,#19549);
#19549 = SURFACE_SIDE_STYLE('',(#19550));
#19550 = SURFACE_STYLE_FILL_AREA(#19551);
#19551 = FILL_AREA_STYLE('',(#19552));
#19552 = FILL_AREA_STYLE_COLOUR('',#18425);
#19553 = STYLED_ITEM('color',(#19554),#7397);
#19554 = PRESENTATION_STYLE_ASSIGNMENT((#19555));
#19555 = SURFACE_STYLE_USAGE(.BOTH.,#19556);
#19556 = SURFACE_SIDE_STYLE('',(#19557));
#19557 = SURFACE_STYLE_FILL_AREA(#19558);
#19558 = FILL_AREA_STYLE('',(#19559));
#19559 = FILL_AREA_STYLE_COLOUR('',#18158);
#19560 = STYLED_ITEM('color',(#19561),#7414);
#19561 = PRESENTATION_STYLE_ASSIGNMENT((#19562));
#19562 = SURFACE_STYLE_USAGE(.BOTH.,#19563);
#19563 = SURFACE_SIDE_STYLE('',(#19564));
#19564 = SURFACE_STYLE_FILL_AREA(#19565);
#19565 = FILL_AREA_STYLE('',(#19566));
#19566 = FILL_AREA_STYLE_COLOUR('',#18425);
#19567 = STYLED_ITEM('color',(#19568),#7463);
#19568 = PRESENTATION_STYLE_ASSIGNMENT((#19569));
#19569 = SURFACE_STYLE_USAGE(.BOTH.,#19570);
#19570 = SURFACE_SIDE_STYLE('',(#19571));
#19571 = SURFACE_STYLE_FILL_AREA(#19572);
#19572 = FILL_AREA_STYLE('',(#19573));
#19573 = FILL_AREA_STYLE_COLOUR('',#18425);
#19574 = STYLED_ITEM('color',(#19575),#7487);
#19575 = PRESENTATION_STYLE_ASSIGNMENT((#19576));
#19576 = SURFACE_STYLE_USAGE(.BOTH.,#19577);
#19577 = SURFACE_SIDE_STYLE('',(#19578));
#19578 = SURFACE_STYLE_FILL_AREA(#19579);
#19579 = FILL_AREA_STYLE('',(#19580));
#19580 = FILL_AREA_STYLE_COLOUR('',#18425);
#19581 = STYLED_ITEM('color',(#19582),#7534);
#19582 = PRESENTATION_STYLE_ASSIGNMENT((#19583));
#19583 = SURFACE_STYLE_USAGE(.BOTH.,#19584);
#19584 = SURFACE_SIDE_STYLE('',(#19585));
#19585 = SURFACE_STYLE_FILL_AREA(#19586);
#19586 = FILL_AREA_STYLE('',(#19587));
#19587 = FILL_AREA_STYLE_COLOUR('',#18158);
#19588 = STYLED_ITEM('color',(#19589),#7546);
#19589 = PRESENTATION_STYLE_ASSIGNMENT((#19590));
#19590 = SURFACE_STYLE_USAGE(.BOTH.,#19591);
#19591 = SURFACE_SIDE_STYLE('',(#19592));
#19592 = SURFACE_STYLE_FILL_AREA(#19593);
#19593 = FILL_AREA_STYLE('',(#19594));
#19594 = FILL_AREA_STYLE_COLOUR('',#18425);
#19595 = STYLED_ITEM('color',(#19596),#7563);
#19596 = PRESENTATION_STYLE_ASSIGNMENT((#19597));
#19597 = SURFACE_STYLE_USAGE(.BOTH.,#19598);
#19598 = SURFACE_SIDE_STYLE('',(#19599));
#19599 = SURFACE_STYLE_FILL_AREA(#19600);
#19600 = FILL_AREA_STYLE('',(#19601));
#19601 = FILL_AREA_STYLE_COLOUR('',#18425);
#19602 = STYLED_ITEM('color',(#19603),#7580);
#19603 = PRESENTATION_STYLE_ASSIGNMENT((#19604));
#19604 = SURFACE_STYLE_USAGE(.BOTH.,#19605);
#19605 = SURFACE_SIDE_STYLE('',(#19606));
#19606 = SURFACE_STYLE_FILL_AREA(#19607);
#19607 = FILL_AREA_STYLE('',(#19608));
#19608 = FILL_AREA_STYLE_COLOUR('',#18425);
#19609 = STYLED_ITEM('color',(#19610),#7597);
#19610 = PRESENTATION_STYLE_ASSIGNMENT((#19611));
#19611 = SURFACE_STYLE_USAGE(.BOTH.,#19612);
#19612 = SURFACE_SIDE_STYLE('',(#19613));
#19613 = SURFACE_STYLE_FILL_AREA(#19614);
#19614 = FILL_AREA_STYLE('',(#19615));
#19615 = FILL_AREA_STYLE_COLOUR('',#18425);
#19616 = STYLED_ITEM('color',(#19617),#7609);
#19617 = PRESENTATION_STYLE_ASSIGNMENT((#19618));
#19618 = SURFACE_STYLE_USAGE(.BOTH.,#19619);
#19619 = SURFACE_SIDE_STYLE('',(#19620));
#19620 = SURFACE_STYLE_FILL_AREA(#19621);
#19621 = FILL_AREA_STYLE('',(#19622));
#19622 = FILL_AREA_STYLE_COLOUR('',#18425);
#19623 = STYLED_ITEM('color',(#19624),#7626);
#19624 = PRESENTATION_STYLE_ASSIGNMENT((#19625));
#19625 = SURFACE_STYLE_USAGE(.BOTH.,#19626);
#19626 = SURFACE_SIDE_STYLE('',(#19627));
#19627 = SURFACE_STYLE_FILL_AREA(#19628);
#19628 = FILL_AREA_STYLE('',(#19629));
#19629 = FILL_AREA_STYLE_COLOUR('',#18425);
#19630 = STYLED_ITEM('color',(#19631),#7643);
#19631 = PRESENTATION_STYLE_ASSIGNMENT((#19632));
#19632 = SURFACE_STYLE_USAGE(.BOTH.,#19633);
#19633 = SURFACE_SIDE_STYLE('',(#19634));
#19634 = SURFACE_STYLE_FILL_AREA(#19635);
#19635 = FILL_AREA_STYLE('',(#19636));
#19636 = FILL_AREA_STYLE_COLOUR('',#18425);
#19637 = STYLED_ITEM('color',(#19638),#7655);
#19638 = PRESENTATION_STYLE_ASSIGNMENT((#19639));
#19639 = SURFACE_STYLE_USAGE(.BOTH.,#19640);
#19640 = SURFACE_SIDE_STYLE('',(#19641));
#19641 = SURFACE_STYLE_FILL_AREA(#19642);
#19642 = FILL_AREA_STYLE('',(#19643));
#19643 = FILL_AREA_STYLE_COLOUR('',#18425);
#19644 = STYLED_ITEM('color',(#19645),#7672);
#19645 = PRESENTATION_STYLE_ASSIGNMENT((#19646));
#19646 = SURFACE_STYLE_USAGE(.BOTH.,#19647);
#19647 = SURFACE_SIDE_STYLE('',(#19648));
#19648 = SURFACE_STYLE_FILL_AREA(#19649);
#19649 = FILL_AREA_STYLE('',(#19650));
#19650 = FILL_AREA_STYLE_COLOUR('',#18425);
#19651 = STYLED_ITEM('color',(#19652),#7689);
#19652 = PRESENTATION_STYLE_ASSIGNMENT((#19653));
#19653 = SURFACE_STYLE_USAGE(.BOTH.,#19654);
#19654 = SURFACE_SIDE_STYLE('',(#19655));
#19655 = SURFACE_STYLE_FILL_AREA(#19656);
#19656 = FILL_AREA_STYLE('',(#19657));
#19657 = FILL_AREA_STYLE_COLOUR('',#18425);
#19658 = STYLED_ITEM('color',(#19659),#7701);
#19659 = PRESENTATION_STYLE_ASSIGNMENT((#19660));
#19660 = SURFACE_STYLE_USAGE(.BOTH.,#19661);
#19661 = SURFACE_SIDE_STYLE('',(#19662));
#19662 = SURFACE_STYLE_FILL_AREA(#19663);
#19663 = FILL_AREA_STYLE('',(#19664));
#19664 = FILL_AREA_STYLE_COLOUR('',#18425);
#19665 = STYLED_ITEM('color',(#19666),#7718);
#19666 = PRESENTATION_STYLE_ASSIGNMENT((#19667));
#19667 = SURFACE_STYLE_USAGE(.BOTH.,#19668);
#19668 = SURFACE_SIDE_STYLE('',(#19669));
#19669 = SURFACE_STYLE_FILL_AREA(#19670);
#19670 = FILL_AREA_STYLE('',(#19671));
#19671 = FILL_AREA_STYLE_COLOUR('',#18425);
#19672 = STYLED_ITEM('color',(#19673),#7735);
#19673 = PRESENTATION_STYLE_ASSIGNMENT((#19674));
#19674 = SURFACE_STYLE_USAGE(.BOTH.,#19675);
#19675 = SURFACE_SIDE_STYLE('',(#19676));
#19676 = SURFACE_STYLE_FILL_AREA(#19677);
#19677 = FILL_AREA_STYLE('',(#19678));
#19678 = FILL_AREA_STYLE_COLOUR('',#18425);
#19679 = STYLED_ITEM('color',(#19680),#7747);
#19680 = PRESENTATION_STYLE_ASSIGNMENT((#19681));
#19681 = SURFACE_STYLE_USAGE(.BOTH.,#19682);
#19682 = SURFACE_SIDE_STYLE('',(#19683));
#19683 = SURFACE_STYLE_FILL_AREA(#19684);
#19684 = FILL_AREA_STYLE('',(#19685));
#19685 = FILL_AREA_STYLE_COLOUR('',#18425);
#19686 = STYLED_ITEM('color',(#19687),#7764);
#19687 = PRESENTATION_STYLE_ASSIGNMENT((#19688));
#19688 = SURFACE_STYLE_USAGE(.BOTH.,#19689);
#19689 = SURFACE_SIDE_STYLE('',(#19690));
#19690 = SURFACE_STYLE_FILL_AREA(#19691);
#19691 = FILL_AREA_STYLE('',(#19692));
#19692 = FILL_AREA_STYLE_COLOUR('',#18425);
#19693 = STYLED_ITEM('color',(#19694),#7781);
#19694 = PRESENTATION_STYLE_ASSIGNMENT((#19695));
#19695 = SURFACE_STYLE_USAGE(.BOTH.,#19696);
#19696 = SURFACE_SIDE_STYLE('',(#19697));
#19697 = SURFACE_STYLE_FILL_AREA(#19698);
#19698 = FILL_AREA_STYLE('',(#19699));
#19699 = FILL_AREA_STYLE_COLOUR('',#18425);
#19700 = STYLED_ITEM('color',(#19701),#7793);
#19701 = PRESENTATION_STYLE_ASSIGNMENT((#19702));
#19702 = SURFACE_STYLE_USAGE(.BOTH.,#19703);
#19703 = SURFACE_SIDE_STYLE('',(#19704));
#19704 = SURFACE_STYLE_FILL_AREA(#19705);
#19705 = FILL_AREA_STYLE('',(#19706));
#19706 = FILL_AREA_STYLE_COLOUR('',#18425);
#19707 = STYLED_ITEM('color',(#19708),#7810);
#19708 = PRESENTATION_STYLE_ASSIGNMENT((#19709));
#19709 = SURFACE_STYLE_USAGE(.BOTH.,#19710);
#19710 = SURFACE_SIDE_STYLE('',(#19711));
#19711 = SURFACE_STYLE_FILL_AREA(#19712);
#19712 = FILL_AREA_STYLE('',(#19713));
#19713 = FILL_AREA_STYLE_COLOUR('',#18425);
#19714 = STYLED_ITEM('color',(#19715),#7827);
#19715 = PRESENTATION_STYLE_ASSIGNMENT((#19716));
#19716 = SURFACE_STYLE_USAGE(.BOTH.,#19717);
#19717 = SURFACE_SIDE_STYLE('',(#19718));
#19718 = SURFACE_STYLE_FILL_AREA(#19719);
#19719 = FILL_AREA_STYLE('',(#19720));
#19720 = FILL_AREA_STYLE_COLOUR('',#18425);
#19721 = STYLED_ITEM('color',(#19722),#7839);
#19722 = PRESENTATION_STYLE_ASSIGNMENT((#19723));
#19723 = SURFACE_STYLE_USAGE(.BOTH.,#19724);
#19724 = SURFACE_SIDE_STYLE('',(#19725));
#19725 = SURFACE_STYLE_FILL_AREA(#19726);
#19726 = FILL_AREA_STYLE('',(#19727));
#19727 = FILL_AREA_STYLE_COLOUR('',#18425);
#19728 = STYLED_ITEM('color',(#19729),#7856);
#19729 = PRESENTATION_STYLE_ASSIGNMENT((#19730));
#19730 = SURFACE_STYLE_USAGE(.BOTH.,#19731);
#19731 = SURFACE_SIDE_STYLE('',(#19732));
#19732 = SURFACE_STYLE_FILL_AREA(#19733);
#19733 = FILL_AREA_STYLE('',(#19734));
#19734 = FILL_AREA_STYLE_COLOUR('',#18425);
#19735 = STYLED_ITEM('color',(#19736),#7873);
#19736 = PRESENTATION_STYLE_ASSIGNMENT((#19737));
#19737 = SURFACE_STYLE_USAGE(.BOTH.,#19738);
#19738 = SURFACE_SIDE_STYLE('',(#19739));
#19739 = SURFACE_STYLE_FILL_AREA(#19740);
#19740 = FILL_AREA_STYLE('',(#19741));
#19741 = FILL_AREA_STYLE_COLOUR('',#18425);
#19742 = MECHANICAL_DESIGN_GEOMETRIC_PRESENTATION_REPRESENTATION('',(
    #19743,#19750,#19757,#19764,#19771,#19778,#19785,#19792,#19799,
    #19806,#19813,#19820,#19827,#19834,#19841,#19848,#19855,#19862,
    #19869,#19876,#19883,#19890,#19897,#19904,#19911,#19918),#15213);
#19743 = STYLED_ITEM('color',(#19744),#14425);
#19744 = PRESENTATION_STYLE_ASSIGNMENT((#19745));
#19745 = SURFACE_STYLE_USAGE(.BOTH.,#19746);
#19746 = SURFACE_SIDE_STYLE('',(#19747));
#19747 = SURFACE_STYLE_FILL_AREA(#19748);
#19748 = FILL_AREA_STYLE('',(#19749));
#19749 = FILL_AREA_STYLE_COLOUR('',#17972);
#19750 = STYLED_ITEM('color',(#19751),#14465);
#19751 = PRESENTATION_STYLE_ASSIGNMENT((#19752));
#19752 = SURFACE_STYLE_USAGE(.BOTH.,#19753);
#19753 = SURFACE_SIDE_STYLE('',(#19754));
#19754 = SURFACE_STYLE_FILL_AREA(#19755);
#19755 = FILL_AREA_STYLE('',(#19756));
#19756 = FILL_AREA_STYLE_COLOUR('',#17972);
#19757 = STYLED_ITEM('color',(#19758),#14548);
#19758 = PRESENTATION_STYLE_ASSIGNMENT((#19759));
#19759 = SURFACE_STYLE_USAGE(.BOTH.,#19760);
#19760 = SURFACE_SIDE_STYLE('',(#19761));
#19761 = SURFACE_STYLE_FILL_AREA(#19762);
#19762 = FILL_AREA_STYLE('',(#19763));
#19763 = FILL_AREA_STYLE_COLOUR('',#17972);
#19764 = STYLED_ITEM('color',(#19765),#14573);
#19765 = PRESENTATION_STYLE_ASSIGNMENT((#19766));
#19766 = SURFACE_STYLE_USAGE(.BOTH.,#19767);
#19767 = SURFACE_SIDE_STYLE('',(#19768));
#19768 = SURFACE_STYLE_FILL_AREA(#19769);
#19769 = FILL_AREA_STYLE('',(#19770));
#19770 = FILL_AREA_STYLE_COLOUR('',#17972);
#19771 = STYLED_ITEM('color',(#19772),#14598);
#19772 = PRESENTATION_STYLE_ASSIGNMENT((#19773));
#19773 = SURFACE_STYLE_USAGE(.BOTH.,#19774);
#19774 = SURFACE_SIDE_STYLE('',(#19775));
#19775 = SURFACE_STYLE_FILL_AREA(#19776);
#19776 = FILL_AREA_STYLE('',(#19777));
#19777 = FILL_AREA_STYLE_COLOUR('',#17972);
#19778 = STYLED_ITEM('color',(#19779),#14665);
#19779 = PRESENTATION_STYLE_ASSIGNMENT((#19780));
#19780 = SURFACE_STYLE_USAGE(.BOTH.,#19781);
#19781 = SURFACE_SIDE_STYLE('',(#19782));
#19782 = SURFACE_STYLE_FILL_AREA(#19783);
#19783 = FILL_AREA_STYLE('',(#19784));
#19784 = FILL_AREA_STYLE_COLOUR('',#17972);
#19785 = STYLED_ITEM('color',(#19786),#14682);
#19786 = PRESENTATION_STYLE_ASSIGNMENT((#19787));
#19787 = SURFACE_STYLE_USAGE(.BOTH.,#19788);
#19788 = SURFACE_SIDE_STYLE('',(#19789));
#19789 = SURFACE_STYLE_FILL_AREA(#19790);
#19790 = FILL_AREA_STYLE('',(#19791));
#19791 = FILL_AREA_STYLE_COLOUR('',#17972);
#19792 = STYLED_ITEM('color',(#19793),#14699);
#19793 = PRESENTATION_STYLE_ASSIGNMENT((#19794));
#19794 = SURFACE_STYLE_USAGE(.BOTH.,#19795);
#19795 = SURFACE_SIDE_STYLE('',(#19796));
#19796 = SURFACE_STYLE_FILL_AREA(#19797);
#19797 = FILL_AREA_STYLE('',(#19798));
#19798 = FILL_AREA_STYLE_COLOUR('',#18022);
#19799 = STYLED_ITEM('color',(#19800),#14748);
#19800 = PRESENTATION_STYLE_ASSIGNMENT((#19801));
#19801 = SURFACE_STYLE_USAGE(.BOTH.,#19802);
#19802 = SURFACE_SIDE_STYLE('',(#19803));
#19803 = SURFACE_STYLE_FILL_AREA(#19804);
#19804 = FILL_AREA_STYLE('',(#19805));
#19805 = FILL_AREA_STYLE_COLOUR('',#17972);
#19806 = STYLED_ITEM('color',(#19807),#14765);
#19807 = PRESENTATION_STYLE_ASSIGNMENT((#19808));
#19808 = SURFACE_STYLE_USAGE(.BOTH.,#19809);
#19809 = SURFACE_SIDE_STYLE('',(#19810));
#19810 = SURFACE_STYLE_FILL_AREA(#19811);
#19811 = FILL_AREA_STYLE('',(#19812));
#19812 = FILL_AREA_STYLE_COLOUR('',#17972);
#19813 = STYLED_ITEM('color',(#19814),#14782);
#19814 = PRESENTATION_STYLE_ASSIGNMENT((#19815));
#19815 = SURFACE_STYLE_USAGE(.BOTH.,#19816);
#19816 = SURFACE_SIDE_STYLE('',(#19817));
#19817 = SURFACE_STYLE_FILL_AREA(#19818);
#19818 = FILL_AREA_STYLE('',(#19819));
#19819 = FILL_AREA_STYLE_COLOUR('',#18022);
#19820 = STYLED_ITEM('color',(#19821),#14831);
#19821 = PRESENTATION_STYLE_ASSIGNMENT((#19822));
#19822 = SURFACE_STYLE_USAGE(.BOTH.,#19823);
#19823 = SURFACE_SIDE_STYLE('',(#19824));
#19824 = SURFACE_STYLE_FILL_AREA(#19825);
#19825 = FILL_AREA_STYLE('',(#19826));
#19826 = FILL_AREA_STYLE_COLOUR('',#18022);
#19827 = STYLED_ITEM('color',(#19828),#14848);
#19828 = PRESENTATION_STYLE_ASSIGNMENT((#19829));
#19829 = SURFACE_STYLE_USAGE(.BOTH.,#19830);
#19830 = SURFACE_SIDE_STYLE('',(#19831));
#19831 = SURFACE_STYLE_FILL_AREA(#19832);
#19832 = FILL_AREA_STYLE('',(#19833));
#19833 = FILL_AREA_STYLE_COLOUR('',#17972);
#19834 = STYLED_ITEM('color',(#19835),#14917);
#19835 = PRESENTATION_STYLE_ASSIGNMENT((#19836));
#19836 = SURFACE_STYLE_USAGE(.BOTH.,#19837);
#19837 = SURFACE_SIDE_STYLE('',(#19838));
#19838 = SURFACE_STYLE_FILL_AREA(#19839);
#19839 = FILL_AREA_STYLE('',(#19840));
#19840 = FILL_AREA_STYLE_COLOUR('',#18065);
#19841 = STYLED_ITEM('color',(#19842),#14948);
#19842 = PRESENTATION_STYLE_ASSIGNMENT((#19843));
#19843 = SURFACE_STYLE_USAGE(.BOTH.,#19844);
#19844 = SURFACE_SIDE_STYLE('',(#19845));
#19845 = SURFACE_STYLE_FILL_AREA(#19846);
#19846 = FILL_AREA_STYLE('',(#19847));
#19847 = FILL_AREA_STYLE_COLOUR('',#18065);
#19848 = STYLED_ITEM('color',(#19849),#14972);
#19849 = PRESENTATION_STYLE_ASSIGNMENT((#19850));
#19850 = SURFACE_STYLE_USAGE(.BOTH.,#19851);
#19851 = SURFACE_SIDE_STYLE('',(#19852));
#19852 = SURFACE_STYLE_FILL_AREA(#19853);
#19853 = FILL_AREA_STYLE('',(#19854));
#19854 = FILL_AREA_STYLE_COLOUR('',#17972);
#19855 = STYLED_ITEM('color',(#19856),#15041);
#19856 = PRESENTATION_STYLE_ASSIGNMENT((#19857));
#19857 = SURFACE_STYLE_USAGE(.BOTH.,#19858);
#19858 = SURFACE_SIDE_STYLE('',(#19859));
#19859 = SURFACE_STYLE_FILL_AREA(#19860);
#19860 = FILL_AREA_STYLE('',(#19861));
#19861 = FILL_AREA_STYLE_COLOUR('',#18065);
#19862 = STYLED_ITEM('color',(#19863),#15065);
#19863 = PRESENTATION_STYLE_ASSIGNMENT((#19864));
#19864 = SURFACE_STYLE_USAGE(.BOTH.,#19865);
#19865 = SURFACE_SIDE_STYLE('',(#19866));
#19866 = SURFACE_STYLE_FILL_AREA(#19867);
#19867 = FILL_AREA_STYLE('',(#19868));
#19868 = FILL_AREA_STYLE_COLOUR('',#17972);
#19869 = STYLED_ITEM('color',(#19870),#15082);
#19870 = PRESENTATION_STYLE_ASSIGNMENT((#19871));
#19871 = SURFACE_STYLE_USAGE(.BOTH.,#19872);
#19872 = SURFACE_SIDE_STYLE('',(#19873));
#19873 = SURFACE_STYLE_FILL_AREA(#19874);
#19874 = FILL_AREA_STYLE('',(#19875));
#19875 = FILL_AREA_STYLE_COLOUR('',#17972);
#19876 = STYLED_ITEM('color',(#19877),#15099);
#19877 = PRESENTATION_STYLE_ASSIGNMENT((#19878));
#19878 = SURFACE_STYLE_USAGE(.BOTH.,#19879);
#19879 = SURFACE_SIDE_STYLE('',(#19880));
#19880 = SURFACE_STYLE_FILL_AREA(#19881);
#19881 = FILL_AREA_STYLE('',(#19882));
#19882 = FILL_AREA_STYLE_COLOUR('',#17972);
#19883 = STYLED_ITEM('color',(#19884),#15116);
#19884 = PRESENTATION_STYLE_ASSIGNMENT((#19885));
#19885 = SURFACE_STYLE_USAGE(.BOTH.,#19886);
#19886 = SURFACE_SIDE_STYLE('',(#19887));
#19887 = SURFACE_STYLE_FILL_AREA(#19888);
#19888 = FILL_AREA_STYLE('',(#19889));
#19889 = FILL_AREA_STYLE_COLOUR('',#17972);
#19890 = STYLED_ITEM('color',(#19891),#15133);
#19891 = PRESENTATION_STYLE_ASSIGNMENT((#19892));
#19892 = SURFACE_STYLE_USAGE(.BOTH.,#19893);
#19893 = SURFACE_SIDE_STYLE('',(#19894));
#19894 = SURFACE_STYLE_FILL_AREA(#19895);
#19895 = FILL_AREA_STYLE('',(#19896));
#19896 = FILL_AREA_STYLE_COLOUR('',#17972);
#19897 = STYLED_ITEM('color',(#19898),#15150);
#19898 = PRESENTATION_STYLE_ASSIGNMENT((#19899));
#19899 = SURFACE_STYLE_USAGE(.BOTH.,#19900);
#19900 = SURFACE_SIDE_STYLE('',(#19901));
#19901 = SURFACE_STYLE_FILL_AREA(#19902);
#19902 = FILL_AREA_STYLE('',(#19903));
#19903 = FILL_AREA_STYLE_COLOUR('',#17972);
#19904 = STYLED_ITEM('color',(#19905),#15167);
#19905 = PRESENTATION_STYLE_ASSIGNMENT((#19906));
#19906 = SURFACE_STYLE_USAGE(.BOTH.,#19907);
#19907 = SURFACE_SIDE_STYLE('',(#19908));
#19908 = SURFACE_STYLE_FILL_AREA(#19909);
#19909 = FILL_AREA_STYLE('',(#19910));
#19910 = FILL_AREA_STYLE_COLOUR('',#17972);
#19911 = STYLED_ITEM('color',(#19912),#15184);
#19912 = PRESENTATION_STYLE_ASSIGNMENT((#19913));
#19913 = SURFACE_STYLE_USAGE(.BOTH.,#19914);
#19914 = SURFACE_SIDE_STYLE('',(#19915));
#19915 = SURFACE_STYLE_FILL_AREA(#19916);
#19916 = FILL_AREA_STYLE('',(#19917));
#19917 = FILL_AREA_STYLE_COLOUR('',#18065);
#19918 = STYLED_ITEM('color',(#19919),#15201);
#19919 = PRESENTATION_STYLE_ASSIGNMENT((#19920));
#19920 = SURFACE_STYLE_USAGE(.BOTH.,#19921);
#19921 = SURFACE_SIDE_STYLE('',(#19922));
#19922 = SURFACE_STYLE_FILL_AREA(#19923);
#19923 = FILL_AREA_STYLE('',(#19924));
#19924 = FILL_AREA_STYLE_COLOUR('',#18065);
#19925 = MECHANICAL_DESIGN_GEOMETRIC_PRESENTATION_REPRESENTATION('',(
    #19926),#17953);
#19926 = STYLED_ITEM('color',(#19927),#17067);
#19927 = PRESENTATION_STYLE_ASSIGNMENT((#19928));
#19928 = SURFACE_STYLE_USAGE(.BOTH.,#19929);
#19929 = SURFACE_SIDE_STYLE('',(#19930));
#19930 = SURFACE_STYLE_FILL_AREA(#19931);
#19931 = FILL_AREA_STYLE('',(#19932));
#19932 = FILL_AREA_STYLE_COLOUR('',#19933);
#19933 = COLOUR_RGB('',0.313304153717,0.484529207832,0.410020903123);
#19934 = MECHANICAL_DESIGN_GEOMETRIC_PRESENTATION_REPRESENTATION('',(
    #19935,#19943,#19950,#19957,#19964,#19971,#19979,#19986,#19993,
    #20000,#20007,#20014,#20021,#20028,#20035,#20042,#20049,#20056,
    #20063,#20070,#20077,#20084,#20091,#20098,#20105,#20112,#20119,
    #20126,#20133,#20140,#20147,#20154,#20161,#20168,#20175,#20182,
    #20189,#20196,#20203,#20210,#20217,#20224,#20231,#20238,#20245,
    #20252,#20259,#20266,#20273,#20280,#20287,#20294,#20301,#20308,
    #20315,#20322,#20329,#20336,#20343,#20350,#20357,#20364,#20371,
    #20378,#20385,#20392,#20399,#20406,#20413,#20420,#20427,#20434,
    #20441,#20448,#20455,#20462,#20469,#20476,#20483,#20490,#20497,
    #20504,#20511,#20518,#20525,#20532,#20539,#20546,#20553,#20560,
    #20567,#20574,#20581,#20588,#20595,#20602,#20609,#20616,#20623,
    #20631,#20638,#20645,#20652,#20659,#20666,#20673,#20680,#20687,
    #20694,#20701,#20708,#20715,#20722,#20729,#20736,#20743,#20750,
    #20757,#20764,#20771,#20778,#20785,#20792,#20799,#20806,#20813,
    #20820,#20827,#20834,#20841,#20848,#20855,#20862,#20869,#20876,
    #20883,#20890,#20897,#20904,#20911,#20918,#20925,#20932,#20939,
    #20946,#20953,#20960,#20967,#20974,#20981,#20988,#20995,#21002,
    #21009,#21016,#21023),#14376);
#19935 = STYLED_ITEM('color',(#19936),#9771);
#19936 = PRESENTATION_STYLE_ASSIGNMENT((#19937));
#19937 = SURFACE_STYLE_USAGE(.BOTH.,#19938);
#19938 = SURFACE_SIDE_STYLE('',(#19939));
#19939 = SURFACE_STYLE_FILL_AREA(#19940);
#19940 = FILL_AREA_STYLE('',(#19941));
#19941 = FILL_AREA_STYLE_COLOUR('',#19942);
#19942 = COLOUR_RGB('',0.823529417451,0.819607860991,0.780392170416);
#19943 = STYLED_ITEM('color',(#19944),#9813);
#19944 = PRESENTATION_STYLE_ASSIGNMENT((#19945));
#19945 = SURFACE_STYLE_USAGE(.BOTH.,#19946);
#19946 = SURFACE_SIDE_STYLE('',(#19947));
#19947 = SURFACE_STYLE_FILL_AREA(#19948);
#19948 = FILL_AREA_STYLE('',(#19949));
#19949 = FILL_AREA_STYLE_COLOUR('',#19942);
#19950 = STYLED_ITEM('color',(#19951),#9844);
#19951 = PRESENTATION_STYLE_ASSIGNMENT((#19952));
#19952 = SURFACE_STYLE_USAGE(.BOTH.,#19953);
#19953 = SURFACE_SIDE_STYLE('',(#19954));
#19954 = SURFACE_STYLE_FILL_AREA(#19955);
#19955 = FILL_AREA_STYLE('',(#19956));
#19956 = FILL_AREA_STYLE_COLOUR('',#19942);
#19957 = STYLED_ITEM('color',(#19958),#9875);
#19958 = PRESENTATION_STYLE_ASSIGNMENT((#19959));
#19959 = SURFACE_STYLE_USAGE(.BOTH.,#19960);
#19960 = SURFACE_SIDE_STYLE('',(#19961));
#19961 = SURFACE_STYLE_FILL_AREA(#19962);
#19962 = FILL_AREA_STYLE('',(#19963));
#19963 = FILL_AREA_STYLE_COLOUR('',#19942);
#19964 = STYLED_ITEM('color',(#19965),#9959);
#19965 = PRESENTATION_STYLE_ASSIGNMENT((#19966));
#19966 = SURFACE_STYLE_USAGE(.BOTH.,#19967);
#19967 = SURFACE_SIDE_STYLE('',(#19968));
#19968 = SURFACE_STYLE_FILL_AREA(#19969);
#19969 = FILL_AREA_STYLE('',(#19970));
#19970 = FILL_AREA_STYLE_COLOUR('',#19942);
#19971 = STYLED_ITEM('color',(#19972),#10043);
#19972 = PRESENTATION_STYLE_ASSIGNMENT((#19973));
#19973 = SURFACE_STYLE_USAGE(.BOTH.,#19974);
#19974 = SURFACE_SIDE_STYLE('',(#19975));
#19975 = SURFACE_STYLE_FILL_AREA(#19976);
#19976 = FILL_AREA_STYLE('',(#19977));
#19977 = FILL_AREA_STYLE_COLOUR('',#19978);
#19978 = COLOUR_RGB('',0.145098047169,0.14117647753,0.14117647753);
#19979 = STYLED_ITEM('color',(#19980),#10136);
#19980 = PRESENTATION_STYLE_ASSIGNMENT((#19981));
#19981 = SURFACE_STYLE_USAGE(.BOTH.,#19982);
#19982 = SURFACE_SIDE_STYLE('',(#19983));
#19983 = SURFACE_STYLE_FILL_AREA(#19984);
#19984 = FILL_AREA_STYLE('',(#19985));
#19985 = FILL_AREA_STYLE_COLOUR('',#19942);
#19986 = STYLED_ITEM('color',(#19987),#10153);
#19987 = PRESENTATION_STYLE_ASSIGNMENT((#19988));
#19988 = SURFACE_STYLE_USAGE(.BOTH.,#19989);
#19989 = SURFACE_SIDE_STYLE('',(#19990));
#19990 = SURFACE_STYLE_FILL_AREA(#19991);
#19991 = FILL_AREA_STYLE('',(#19992));
#19992 = FILL_AREA_STYLE_COLOUR('',#19978);
#19993 = STYLED_ITEM('color',(#19994),#10176);
#19994 = PRESENTATION_STYLE_ASSIGNMENT((#19995));
#19995 = SURFACE_STYLE_USAGE(.BOTH.,#19996);
#19996 = SURFACE_SIDE_STYLE('',(#19997));
#19997 = SURFACE_STYLE_FILL_AREA(#19998);
#19998 = FILL_AREA_STYLE('',(#19999));
#19999 = FILL_AREA_STYLE_COLOUR('',#19942);
#20000 = STYLED_ITEM('color',(#20001),#10214);
#20001 = PRESENTATION_STYLE_ASSIGNMENT((#20002));
#20002 = SURFACE_STYLE_USAGE(.BOTH.,#20003);
#20003 = SURFACE_SIDE_STYLE('',(#20004));
#20004 = SURFACE_STYLE_FILL_AREA(#20005);
#20005 = FILL_AREA_STYLE('',(#20006));
#20006 = FILL_AREA_STYLE_COLOUR('',#19942);
#20007 = STYLED_ITEM('color',(#20008),#10231);
#20008 = PRESENTATION_STYLE_ASSIGNMENT((#20009));
#20009 = SURFACE_STYLE_USAGE(.BOTH.,#20010);
#20010 = SURFACE_SIDE_STYLE('',(#20011));
#20011 = SURFACE_STYLE_FILL_AREA(#20012);
#20012 = FILL_AREA_STYLE('',(#20013));
#20013 = FILL_AREA_STYLE_COLOUR('',#19942);
#20014 = STYLED_ITEM('color',(#20015),#10248);
#20015 = PRESENTATION_STYLE_ASSIGNMENT((#20016));
#20016 = SURFACE_STYLE_USAGE(.BOTH.,#20017);
#20017 = SURFACE_SIDE_STYLE('',(#20018));
#20018 = SURFACE_STYLE_FILL_AREA(#20019);
#20019 = FILL_AREA_STYLE('',(#20020));
#20020 = FILL_AREA_STYLE_COLOUR('',#19942);
#20021 = STYLED_ITEM('color',(#20022),#10265);
#20022 = PRESENTATION_STYLE_ASSIGNMENT((#20023));
#20023 = SURFACE_STYLE_USAGE(.BOTH.,#20024);
#20024 = SURFACE_SIDE_STYLE('',(#20025));
#20025 = SURFACE_STYLE_FILL_AREA(#20026);
#20026 = FILL_AREA_STYLE('',(#20027));
#20027 = FILL_AREA_STYLE_COLOUR('',#19942);
#20028 = STYLED_ITEM('color',(#20029),#10282);
#20029 = PRESENTATION_STYLE_ASSIGNMENT((#20030));
#20030 = SURFACE_STYLE_USAGE(.BOTH.,#20031);
#20031 = SURFACE_SIDE_STYLE('',(#20032));
#20032 = SURFACE_STYLE_FILL_AREA(#20033);
#20033 = FILL_AREA_STYLE('',(#20034));
#20034 = FILL_AREA_STYLE_COLOUR('',#19942);
#20035 = STYLED_ITEM('color',(#20036),#10299);
#20036 = PRESENTATION_STYLE_ASSIGNMENT((#20037));
#20037 = SURFACE_STYLE_USAGE(.BOTH.,#20038);
#20038 = SURFACE_SIDE_STYLE('',(#20039));
#20039 = SURFACE_STYLE_FILL_AREA(#20040);
#20040 = FILL_AREA_STYLE('',(#20041));
#20041 = FILL_AREA_STYLE_COLOUR('',#19942);
#20042 = STYLED_ITEM('color',(#20043),#10311);
#20043 = PRESENTATION_STYLE_ASSIGNMENT((#20044));
#20044 = SURFACE_STYLE_USAGE(.BOTH.,#20045);
#20045 = SURFACE_SIDE_STYLE('',(#20046));
#20046 = SURFACE_STYLE_FILL_AREA(#20047);
#20047 = FILL_AREA_STYLE('',(#20048));
#20048 = FILL_AREA_STYLE_COLOUR('',#19978);
#20049 = STYLED_ITEM('color',(#20050),#10335);
#20050 = PRESENTATION_STYLE_ASSIGNMENT((#20051));
#20051 = SURFACE_STYLE_USAGE(.BOTH.,#20052);
#20052 = SURFACE_SIDE_STYLE('',(#20053));
#20053 = SURFACE_STYLE_FILL_AREA(#20054);
#20054 = FILL_AREA_STYLE('',(#20055));
#20055 = FILL_AREA_STYLE_COLOUR('',#19978);
#20056 = STYLED_ITEM('color',(#20057),#10398);
#20057 = PRESENTATION_STYLE_ASSIGNMENT((#20058));
#20058 = SURFACE_STYLE_USAGE(.BOTH.,#20059);
#20059 = SURFACE_SIDE_STYLE('',(#20060));
#20060 = SURFACE_STYLE_FILL_AREA(#20061);
#20061 = FILL_AREA_STYLE('',(#20062));
#20062 = FILL_AREA_STYLE_COLOUR('',#19978);
#20063 = STYLED_ITEM('color',(#20064),#10421);
#20064 = PRESENTATION_STYLE_ASSIGNMENT((#20065));
#20065 = SURFACE_STYLE_USAGE(.BOTH.,#20066);
#20066 = SURFACE_SIDE_STYLE('',(#20067));
#20067 = SURFACE_STYLE_FILL_AREA(#20068);
#20068 = FILL_AREA_STYLE('',(#20069));
#20069 = FILL_AREA_STYLE_COLOUR('',#19978);
#20070 = STYLED_ITEM('color',(#20071),#10444);
#20071 = PRESENTATION_STYLE_ASSIGNMENT((#20072));
#20072 = SURFACE_STYLE_USAGE(.BOTH.,#20073);
#20073 = SURFACE_SIDE_STYLE('',(#20074));
#20074 = SURFACE_STYLE_FILL_AREA(#20075);
#20075 = FILL_AREA_STYLE('',(#20076));
#20076 = FILL_AREA_STYLE_COLOUR('',#19978);
#20077 = STYLED_ITEM('color',(#20078),#10474);
#20078 = PRESENTATION_STYLE_ASSIGNMENT((#20079));
#20079 = SURFACE_STYLE_USAGE(.BOTH.,#20080);
#20080 = SURFACE_SIDE_STYLE('',(#20081));
#20081 = SURFACE_STYLE_FILL_AREA(#20082);
#20082 = FILL_AREA_STYLE('',(#20083));
#20083 = FILL_AREA_STYLE_COLOUR('',#19942);
#20084 = STYLED_ITEM('color',(#20085),#10505);
#20085 = PRESENTATION_STYLE_ASSIGNMENT((#20086));
#20086 = SURFACE_STYLE_USAGE(.BOTH.,#20087);
#20087 = SURFACE_SIDE_STYLE('',(#20088));
#20088 = SURFACE_STYLE_FILL_AREA(#20089);
#20089 = FILL_AREA_STYLE('',(#20090));
#20090 = FILL_AREA_STYLE_COLOUR('',#19978);
#20091 = STYLED_ITEM('color',(#20092),#10536);
#20092 = PRESENTATION_STYLE_ASSIGNMENT((#20093));
#20093 = SURFACE_STYLE_USAGE(.BOTH.,#20094);
#20094 = SURFACE_SIDE_STYLE('',(#20095));
#20095 = SURFACE_STYLE_FILL_AREA(#20096);
#20096 = FILL_AREA_STYLE('',(#20097));
#20097 = FILL_AREA_STYLE_COLOUR('',#19942);
#20098 = STYLED_ITEM('color',(#20099),#10567);
#20099 = PRESENTATION_STYLE_ASSIGNMENT((#20100));
#20100 = SURFACE_STYLE_USAGE(.BOTH.,#20101);
#20101 = SURFACE_SIDE_STYLE('',(#20102));
#20102 = SURFACE_STYLE_FILL_AREA(#20103);
#20103 = FILL_AREA_STYLE('',(#20104));
#20104 = FILL_AREA_STYLE_COLOUR('',#19942);
#20105 = STYLED_ITEM('color',(#20106),#10598);
#20106 = PRESENTATION_STYLE_ASSIGNMENT((#20107));
#20107 = SURFACE_STYLE_USAGE(.BOTH.,#20108);
#20108 = SURFACE_SIDE_STYLE('',(#20109));
#20109 = SURFACE_STYLE_FILL_AREA(#20110);
#20110 = FILL_AREA_STYLE('',(#20111));
#20111 = FILL_AREA_STYLE_COLOUR('',#19978);
#20112 = STYLED_ITEM('color',(#20113),#10629);
#20113 = PRESENTATION_STYLE_ASSIGNMENT((#20114));
#20114 = SURFACE_STYLE_USAGE(.BOTH.,#20115);
#20115 = SURFACE_SIDE_STYLE('',(#20116));
#20116 = SURFACE_STYLE_FILL_AREA(#20117);
#20117 = FILL_AREA_STYLE('',(#20118));
#20118 = FILL_AREA_STYLE_COLOUR('',#19978);
#20119 = STYLED_ITEM('color',(#20120),#10652);
#20120 = PRESENTATION_STYLE_ASSIGNMENT((#20121));
#20121 = SURFACE_STYLE_USAGE(.BOTH.,#20122);
#20122 = SURFACE_SIDE_STYLE('',(#20123));
#20123 = SURFACE_STYLE_FILL_AREA(#20124);
#20124 = FILL_AREA_STYLE('',(#20125));
#20125 = FILL_AREA_STYLE_COLOUR('',#19978);
#20126 = STYLED_ITEM('color',(#20127),#10675);
#20127 = PRESENTATION_STYLE_ASSIGNMENT((#20128));
#20128 = SURFACE_STYLE_USAGE(.BOTH.,#20129);
#20129 = SURFACE_SIDE_STYLE('',(#20130));
#20130 = SURFACE_STYLE_FILL_AREA(#20131);
#20131 = FILL_AREA_STYLE('',(#20132));
#20132 = FILL_AREA_STYLE_COLOUR('',#19978);
#20133 = STYLED_ITEM('color',(#20134),#10761);
#20134 = PRESENTATION_STYLE_ASSIGNMENT((#20135));
#20135 = SURFACE_STYLE_USAGE(.BOTH.,#20136);
#20136 = SURFACE_SIDE_STYLE('',(#20137));
#20137 = SURFACE_STYLE_FILL_AREA(#20138);
#20138 = FILL_AREA_STYLE('',(#20139));
#20139 = FILL_AREA_STYLE_COLOUR('',#19978);
#20140 = STYLED_ITEM('color',(#20141),#10778);
#20141 = PRESENTATION_STYLE_ASSIGNMENT((#20142));
#20142 = SURFACE_STYLE_USAGE(.BOTH.,#20143);
#20143 = SURFACE_SIDE_STYLE('',(#20144));
#20144 = SURFACE_STYLE_FILL_AREA(#20145);
#20145 = FILL_AREA_STYLE('',(#20146));
#20146 = FILL_AREA_STYLE_COLOUR('',#19942);
#20147 = STYLED_ITEM('color',(#20148),#10870);
#20148 = PRESENTATION_STYLE_ASSIGNMENT((#20149));
#20149 = SURFACE_STYLE_USAGE(.BOTH.,#20150);
#20150 = SURFACE_SIDE_STYLE('',(#20151));
#20151 = SURFACE_STYLE_FILL_AREA(#20152);
#20152 = FILL_AREA_STYLE('',(#20153));
#20153 = FILL_AREA_STYLE_COLOUR('',#19978);
#20154 = STYLED_ITEM('color',(#20155),#10893);
#20155 = PRESENTATION_STYLE_ASSIGNMENT((#20156));
#20156 = SURFACE_STYLE_USAGE(.BOTH.,#20157);
#20157 = SURFACE_SIDE_STYLE('',(#20158));
#20158 = SURFACE_STYLE_FILL_AREA(#20159);
#20159 = FILL_AREA_STYLE('',(#20160));
#20160 = FILL_AREA_STYLE_COLOUR('',#19978);
#20161 = STYLED_ITEM('color',(#20162),#10916);
#20162 = PRESENTATION_STYLE_ASSIGNMENT((#20163));
#20163 = SURFACE_STYLE_USAGE(.BOTH.,#20164);
#20164 = SURFACE_SIDE_STYLE('',(#20165));
#20165 = SURFACE_STYLE_FILL_AREA(#20166);
#20166 = FILL_AREA_STYLE('',(#20167));
#20167 = FILL_AREA_STYLE_COLOUR('',#19978);
#20168 = STYLED_ITEM('color',(#20169),#10939);
#20169 = PRESENTATION_STYLE_ASSIGNMENT((#20170));
#20170 = SURFACE_STYLE_USAGE(.BOTH.,#20171);
#20171 = SURFACE_SIDE_STYLE('',(#20172));
#20172 = SURFACE_STYLE_FILL_AREA(#20173);
#20173 = FILL_AREA_STYLE('',(#20174));
#20174 = FILL_AREA_STYLE_COLOUR('',#19978);
#20175 = STYLED_ITEM('color',(#20176),#11026);
#20176 = PRESENTATION_STYLE_ASSIGNMENT((#20177));
#20177 = SURFACE_STYLE_USAGE(.BOTH.,#20178);
#20178 = SURFACE_SIDE_STYLE('',(#20179));
#20179 = SURFACE_STYLE_FILL_AREA(#20180);
#20180 = FILL_AREA_STYLE('',(#20181));
#20181 = FILL_AREA_STYLE_COLOUR('',#19978);
#20182 = STYLED_ITEM('color',(#20183),#11043);
#20183 = PRESENTATION_STYLE_ASSIGNMENT((#20184));
#20184 = SURFACE_STYLE_USAGE(.BOTH.,#20185);
#20185 = SURFACE_SIDE_STYLE('',(#20186));
#20186 = SURFACE_STYLE_FILL_AREA(#20187);
#20187 = FILL_AREA_STYLE('',(#20188));
#20188 = FILL_AREA_STYLE_COLOUR('',#19978);
#20189 = STYLED_ITEM('color',(#20190),#11066);
#20190 = PRESENTATION_STYLE_ASSIGNMENT((#20191));
#20191 = SURFACE_STYLE_USAGE(.BOTH.,#20192);
#20192 = SURFACE_SIDE_STYLE('',(#20193));
#20193 = SURFACE_STYLE_FILL_AREA(#20194);
#20194 = FILL_AREA_STYLE('',(#20195));
#20195 = FILL_AREA_STYLE_COLOUR('',#19942);
#20196 = STYLED_ITEM('color',(#20197),#11158);
#20197 = PRESENTATION_STYLE_ASSIGNMENT((#20198));
#20198 = SURFACE_STYLE_USAGE(.BOTH.,#20199);
#20199 = SURFACE_SIDE_STYLE('',(#20200));
#20200 = SURFACE_STYLE_FILL_AREA(#20201);
#20201 = FILL_AREA_STYLE('',(#20202));
#20202 = FILL_AREA_STYLE_COLOUR('',#19978);
#20203 = STYLED_ITEM('color',(#20204),#11179);
#20204 = PRESENTATION_STYLE_ASSIGNMENT((#20205));
#20205 = SURFACE_STYLE_USAGE(.BOTH.,#20206);
#20206 = SURFACE_SIDE_STYLE('',(#20207));
#20207 = SURFACE_STYLE_FILL_AREA(#20208);
#20208 = FILL_AREA_STYLE('',(#20209));
#20209 = FILL_AREA_STYLE_COLOUR('',#19942);
#20210 = STYLED_ITEM('color',(#20211),#11271);
#20211 = PRESENTATION_STYLE_ASSIGNMENT((#20212));
#20212 = SURFACE_STYLE_USAGE(.BOTH.,#20213);
#20213 = SURFACE_SIDE_STYLE('',(#20214));
#20214 = SURFACE_STYLE_FILL_AREA(#20215);
#20215 = FILL_AREA_STYLE('',(#20216));
#20216 = FILL_AREA_STYLE_COLOUR('',#19942);
#20217 = STYLED_ITEM('color',(#20218),#11288);
#20218 = PRESENTATION_STYLE_ASSIGNMENT((#20219));
#20219 = SURFACE_STYLE_USAGE(.BOTH.,#20220);
#20220 = SURFACE_SIDE_STYLE('',(#20221));
#20221 = SURFACE_STYLE_FILL_AREA(#20222);
#20222 = FILL_AREA_STYLE('',(#20223));
#20223 = FILL_AREA_STYLE_COLOUR('',#19942);
#20224 = STYLED_ITEM('color',(#20225),#11380);
#20225 = PRESENTATION_STYLE_ASSIGNMENT((#20226));
#20226 = SURFACE_STYLE_USAGE(.BOTH.,#20227);
#20227 = SURFACE_SIDE_STYLE('',(#20228));
#20228 = SURFACE_STYLE_FILL_AREA(#20229);
#20229 = FILL_AREA_STYLE('',(#20230));
#20230 = FILL_AREA_STYLE_COLOUR('',#19978);
#20231 = STYLED_ITEM('color',(#20232),#11402);
#20232 = PRESENTATION_STYLE_ASSIGNMENT((#20233));
#20233 = SURFACE_STYLE_USAGE(.BOTH.,#20234);
#20234 = SURFACE_SIDE_STYLE('',(#20235));
#20235 = SURFACE_STYLE_FILL_AREA(#20236);
#20236 = FILL_AREA_STYLE('',(#20237));
#20237 = FILL_AREA_STYLE_COLOUR('',#19942);
#20238 = STYLED_ITEM('color',(#20239),#11427);
#20239 = PRESENTATION_STYLE_ASSIGNMENT((#20240));
#20240 = SURFACE_STYLE_USAGE(.BOTH.,#20241);
#20241 = SURFACE_SIDE_STYLE('',(#20242));
#20242 = SURFACE_STYLE_FILL_AREA(#20243);
#20243 = FILL_AREA_STYLE('',(#20244));
#20244 = FILL_AREA_STYLE_COLOUR('',#19942);
#20245 = STYLED_ITEM('color',(#20246),#11511);
#20246 = PRESENTATION_STYLE_ASSIGNMENT((#20247));
#20247 = SURFACE_STYLE_USAGE(.BOTH.,#20248);
#20248 = SURFACE_SIDE_STYLE('',(#20249));
#20249 = SURFACE_STYLE_FILL_AREA(#20250);
#20250 = FILL_AREA_STYLE('',(#20251));
#20251 = FILL_AREA_STYLE_COLOUR('',#19942);
#20252 = STYLED_ITEM('color',(#20253),#11603);
#20253 = PRESENTATION_STYLE_ASSIGNMENT((#20254));
#20254 = SURFACE_STYLE_USAGE(.BOTH.,#20255);
#20255 = SURFACE_SIDE_STYLE('',(#20256));
#20256 = SURFACE_STYLE_FILL_AREA(#20257);
#20257 = FILL_AREA_STYLE('',(#20258));
#20258 = FILL_AREA_STYLE_COLOUR('',#19942);
#20259 = STYLED_ITEM('color',(#20260),#11620);
#20260 = PRESENTATION_STYLE_ASSIGNMENT((#20261));
#20261 = SURFACE_STYLE_USAGE(.BOTH.,#20262);
#20262 = SURFACE_SIDE_STYLE('',(#20263));
#20263 = SURFACE_STYLE_FILL_AREA(#20264);
#20264 = FILL_AREA_STYLE('',(#20265));
#20265 = FILL_AREA_STYLE_COLOUR('',#19978);
#20266 = STYLED_ITEM('color',(#20267),#11642);
#20267 = PRESENTATION_STYLE_ASSIGNMENT((#20268));
#20268 = SURFACE_STYLE_USAGE(.BOTH.,#20269);
#20269 = SURFACE_SIDE_STYLE('',(#20270));
#20270 = SURFACE_STYLE_FILL_AREA(#20271);
#20271 = FILL_AREA_STYLE('',(#20272));
#20272 = FILL_AREA_STYLE_COLOUR('',#19978);
#20273 = STYLED_ITEM('color',(#20274),#11665);
#20274 = PRESENTATION_STYLE_ASSIGNMENT((#20275));
#20275 = SURFACE_STYLE_USAGE(.BOTH.,#20276);
#20276 = SURFACE_SIDE_STYLE('',(#20277));
#20277 = SURFACE_STYLE_FILL_AREA(#20278);
#20278 = FILL_AREA_STYLE('',(#20279));
#20279 = FILL_AREA_STYLE_COLOUR('',#19978);
#20280 = STYLED_ITEM('color',(#20281),#11688);
#20281 = PRESENTATION_STYLE_ASSIGNMENT((#20282));
#20282 = SURFACE_STYLE_USAGE(.BOTH.,#20283);
#20283 = SURFACE_SIDE_STYLE('',(#20284));
#20284 = SURFACE_STYLE_FILL_AREA(#20285);
#20285 = FILL_AREA_STYLE('',(#20286));
#20286 = FILL_AREA_STYLE_COLOUR('',#19978);
#20287 = STYLED_ITEM('color',(#20288),#11711);
#20288 = PRESENTATION_STYLE_ASSIGNMENT((#20289));
#20289 = SURFACE_STYLE_USAGE(.BOTH.,#20290);
#20290 = SURFACE_SIDE_STYLE('',(#20291));
#20291 = SURFACE_STYLE_FILL_AREA(#20292);
#20292 = FILL_AREA_STYLE('',(#20293));
#20293 = FILL_AREA_STYLE_COLOUR('',#19978);
#20294 = STYLED_ITEM('color',(#20295),#11778);
#20295 = PRESENTATION_STYLE_ASSIGNMENT((#20296));
#20296 = SURFACE_STYLE_USAGE(.BOTH.,#20297);
#20297 = SURFACE_SIDE_STYLE('',(#20298));
#20298 = SURFACE_STYLE_FILL_AREA(#20299);
#20299 = FILL_AREA_STYLE('',(#20300));
#20300 = FILL_AREA_STYLE_COLOUR('',#19978);
#20301 = STYLED_ITEM('color',(#20302),#11801);
#20302 = PRESENTATION_STYLE_ASSIGNMENT((#20303));
#20303 = SURFACE_STYLE_USAGE(.BOTH.,#20304);
#20304 = SURFACE_SIDE_STYLE('',(#20305));
#20305 = SURFACE_STYLE_FILL_AREA(#20306);
#20306 = FILL_AREA_STYLE('',(#20307));
#20307 = FILL_AREA_STYLE_COLOUR('',#19942);
#20308 = STYLED_ITEM('color',(#20309),#11820);
#20309 = PRESENTATION_STYLE_ASSIGNMENT((#20310));
#20310 = SURFACE_STYLE_USAGE(.BOTH.,#20311);
#20311 = SURFACE_SIDE_STYLE('',(#20312));
#20312 = SURFACE_STYLE_FILL_AREA(#20313);
#20313 = FILL_AREA_STYLE('',(#20314));
#20314 = FILL_AREA_STYLE_COLOUR('',#19942);
#20315 = STYLED_ITEM('color',(#20316),#11839);
#20316 = PRESENTATION_STYLE_ASSIGNMENT((#20317));
#20317 = SURFACE_STYLE_USAGE(.BOTH.,#20318);
#20318 = SURFACE_SIDE_STYLE('',(#20319));
#20319 = SURFACE_STYLE_FILL_AREA(#20320);
#20320 = FILL_AREA_STYLE('',(#20321));
#20321 = FILL_AREA_STYLE_COLOUR('',#19942);
#20322 = STYLED_ITEM('color',(#20323),#11858);
#20323 = PRESENTATION_STYLE_ASSIGNMENT((#20324));
#20324 = SURFACE_STYLE_USAGE(.BOTH.,#20325);
#20325 = SURFACE_SIDE_STYLE('',(#20326));
#20326 = SURFACE_STYLE_FILL_AREA(#20327);
#20327 = FILL_AREA_STYLE('',(#20328));
#20328 = FILL_AREA_STYLE_COLOUR('',#19942);
#20329 = STYLED_ITEM('color',(#20330),#11875);
#20330 = PRESENTATION_STYLE_ASSIGNMENT((#20331));
#20331 = SURFACE_STYLE_USAGE(.BOTH.,#20332);
#20332 = SURFACE_SIDE_STYLE('',(#20333));
#20333 = SURFACE_STYLE_FILL_AREA(#20334);
#20334 = FILL_AREA_STYLE('',(#20335));
#20335 = FILL_AREA_STYLE_COLOUR('',#19942);
#20336 = STYLED_ITEM('color',(#20337),#11892);
#20337 = PRESENTATION_STYLE_ASSIGNMENT((#20338));
#20338 = SURFACE_STYLE_USAGE(.BOTH.,#20339);
#20339 = SURFACE_SIDE_STYLE('',(#20340));
#20340 = SURFACE_STYLE_FILL_AREA(#20341);
#20341 = FILL_AREA_STYLE('',(#20342));
#20342 = FILL_AREA_STYLE_COLOUR('',#19942);
#20343 = STYLED_ITEM('color',(#20344),#11909);
#20344 = PRESENTATION_STYLE_ASSIGNMENT((#20345));
#20345 = SURFACE_STYLE_USAGE(.BOTH.,#20346);
#20346 = SURFACE_SIDE_STYLE('',(#20347));
#20347 = SURFACE_STYLE_FILL_AREA(#20348);
#20348 = FILL_AREA_STYLE('',(#20349));
#20349 = FILL_AREA_STYLE_COLOUR('',#19942);
#20350 = STYLED_ITEM('color',(#20351),#11926);
#20351 = PRESENTATION_STYLE_ASSIGNMENT((#20352));
#20352 = SURFACE_STYLE_USAGE(.BOTH.,#20353);
#20353 = SURFACE_SIDE_STYLE('',(#20354));
#20354 = SURFACE_STYLE_FILL_AREA(#20355);
#20355 = FILL_AREA_STYLE('',(#20356));
#20356 = FILL_AREA_STYLE_COLOUR('',#19942);
#20357 = STYLED_ITEM('color',(#20358),#11943);
#20358 = PRESENTATION_STYLE_ASSIGNMENT((#20359));
#20359 = SURFACE_STYLE_USAGE(.BOTH.,#20360);
#20360 = SURFACE_SIDE_STYLE('',(#20361));
#20361 = SURFACE_STYLE_FILL_AREA(#20362);
#20362 = FILL_AREA_STYLE('',(#20363));
#20363 = FILL_AREA_STYLE_COLOUR('',#19942);
#20364 = STYLED_ITEM('color',(#20365),#11960);
#20365 = PRESENTATION_STYLE_ASSIGNMENT((#20366));
#20366 = SURFACE_STYLE_USAGE(.BOTH.,#20367);
#20367 = SURFACE_SIDE_STYLE('',(#20368));
#20368 = SURFACE_STYLE_FILL_AREA(#20369);
#20369 = FILL_AREA_STYLE('',(#20370));
#20370 = FILL_AREA_STYLE_COLOUR('',#19942);
#20371 = STYLED_ITEM('color',(#20372),#11977);
#20372 = PRESENTATION_STYLE_ASSIGNMENT((#20373));
#20373 = SURFACE_STYLE_USAGE(.BOTH.,#20374);
#20374 = SURFACE_SIDE_STYLE('',(#20375));
#20375 = SURFACE_STYLE_FILL_AREA(#20376);
#20376 = FILL_AREA_STYLE('',(#20377));
#20377 = FILL_AREA_STYLE_COLOUR('',#19942);
#20378 = STYLED_ITEM('color',(#20379),#11989);
#20379 = PRESENTATION_STYLE_ASSIGNMENT((#20380));
#20380 = SURFACE_STYLE_USAGE(.BOTH.,#20381);
#20381 = SURFACE_SIDE_STYLE('',(#20382));
#20382 = SURFACE_STYLE_FILL_AREA(#20383);
#20383 = FILL_AREA_STYLE('',(#20384));
#20384 = FILL_AREA_STYLE_COLOUR('',#19978);
#20385 = STYLED_ITEM('color',(#20386),#12012);
#20386 = PRESENTATION_STYLE_ASSIGNMENT((#20387));
#20387 = SURFACE_STYLE_USAGE(.BOTH.,#20388);
#20388 = SURFACE_SIDE_STYLE('',(#20389));
#20389 = SURFACE_STYLE_FILL_AREA(#20390);
#20390 = FILL_AREA_STYLE('',(#20391));
#20391 = FILL_AREA_STYLE_COLOUR('',#19978);
#20392 = STYLED_ITEM('color',(#20393),#12035);
#20393 = PRESENTATION_STYLE_ASSIGNMENT((#20394));
#20394 = SURFACE_STYLE_USAGE(.BOTH.,#20395);
#20395 = SURFACE_SIDE_STYLE('',(#20396));
#20396 = SURFACE_STYLE_FILL_AREA(#20397);
#20397 = FILL_AREA_STYLE('',(#20398));
#20398 = FILL_AREA_STYLE_COLOUR('',#19978);
#20399 = STYLED_ITEM('color',(#20400),#12059);
#20400 = PRESENTATION_STYLE_ASSIGNMENT((#20401));
#20401 = SURFACE_STYLE_USAGE(.BOTH.,#20402);
#20402 = SURFACE_SIDE_STYLE('',(#20403));
#20403 = SURFACE_STYLE_FILL_AREA(#20404);
#20404 = FILL_AREA_STYLE('',(#20405));
#20405 = FILL_AREA_STYLE_COLOUR('',#19978);
#20406 = STYLED_ITEM('color',(#20407),#12089);
#20407 = PRESENTATION_STYLE_ASSIGNMENT((#20408));
#20408 = SURFACE_STYLE_USAGE(.BOTH.,#20409);
#20409 = SURFACE_SIDE_STYLE('',(#20410));
#20410 = SURFACE_STYLE_FILL_AREA(#20411);
#20411 = FILL_AREA_STYLE('',(#20412));
#20412 = FILL_AREA_STYLE_COLOUR('',#19942);
#20413 = STYLED_ITEM('color',(#20414),#12120);
#20414 = PRESENTATION_STYLE_ASSIGNMENT((#20415));
#20415 = SURFACE_STYLE_USAGE(.BOTH.,#20416);
#20416 = SURFACE_SIDE_STYLE('',(#20417));
#20417 = SURFACE_STYLE_FILL_AREA(#20418);
#20418 = FILL_AREA_STYLE('',(#20419));
#20419 = FILL_AREA_STYLE_COLOUR('',#19942);
#20420 = STYLED_ITEM('color',(#20421),#12151);
#20421 = PRESENTATION_STYLE_ASSIGNMENT((#20422));
#20422 = SURFACE_STYLE_USAGE(.BOTH.,#20423);
#20423 = SURFACE_SIDE_STYLE('',(#20424));
#20424 = SURFACE_STYLE_FILL_AREA(#20425);
#20425 = FILL_AREA_STYLE('',(#20426));
#20426 = FILL_AREA_STYLE_COLOUR('',#19978);
#20427 = STYLED_ITEM('color',(#20428),#12182);
#20428 = PRESENTATION_STYLE_ASSIGNMENT((#20429));
#20429 = SURFACE_STYLE_USAGE(.BOTH.,#20430);
#20430 = SURFACE_SIDE_STYLE('',(#20431));
#20431 = SURFACE_STYLE_FILL_AREA(#20432);
#20432 = FILL_AREA_STYLE('',(#20433));
#20433 = FILL_AREA_STYLE_COLOUR('',#19978);
#20434 = STYLED_ITEM('color',(#20435),#12213);
#20435 = PRESENTATION_STYLE_ASSIGNMENT((#20436));
#20436 = SURFACE_STYLE_USAGE(.BOTH.,#20437);
#20437 = SURFACE_SIDE_STYLE('',(#20438));
#20438 = SURFACE_STYLE_FILL_AREA(#20439);
#20439 = FILL_AREA_STYLE('',(#20440));
#20440 = FILL_AREA_STYLE_COLOUR('',#19942);
#20441 = STYLED_ITEM('color',(#20442),#12244);
#20442 = PRESENTATION_STYLE_ASSIGNMENT((#20443));
#20443 = SURFACE_STYLE_USAGE(.BOTH.,#20444);
#20444 = SURFACE_SIDE_STYLE('',(#20445));
#20445 = SURFACE_STYLE_FILL_AREA(#20446);
#20446 = FILL_AREA_STYLE('',(#20447));
#20447 = FILL_AREA_STYLE_COLOUR('',#19942);
#20448 = STYLED_ITEM('color',(#20449),#12275);
#20449 = PRESENTATION_STYLE_ASSIGNMENT((#20450));
#20450 = SURFACE_STYLE_USAGE(.BOTH.,#20451);
#20451 = SURFACE_SIDE_STYLE('',(#20452));
#20452 = SURFACE_STYLE_FILL_AREA(#20453);
#20453 = FILL_AREA_STYLE('',(#20454));
#20454 = FILL_AREA_STYLE_COLOUR('',#19978);
#20455 = STYLED_ITEM('color',(#20456),#12306);
#20456 = PRESENTATION_STYLE_ASSIGNMENT((#20457));
#20457 = SURFACE_STYLE_USAGE(.BOTH.,#20458);
#20458 = SURFACE_SIDE_STYLE('',(#20459));
#20459 = SURFACE_STYLE_FILL_AREA(#20460);
#20460 = FILL_AREA_STYLE('',(#20461));
#20461 = FILL_AREA_STYLE_COLOUR('',#19978);
#20462 = STYLED_ITEM('color',(#20463),#12323);
#20463 = PRESENTATION_STYLE_ASSIGNMENT((#20464));
#20464 = SURFACE_STYLE_USAGE(.BOTH.,#20465);
#20465 = SURFACE_SIDE_STYLE('',(#20466));
#20466 = SURFACE_STYLE_FILL_AREA(#20467);
#20467 = FILL_AREA_STYLE('',(#20468));
#20468 = FILL_AREA_STYLE_COLOUR('',#19978);
#20469 = STYLED_ITEM('color',(#20470),#12339);
#20470 = PRESENTATION_STYLE_ASSIGNMENT((#20471));
#20471 = SURFACE_STYLE_USAGE(.BOTH.,#20472);
#20472 = SURFACE_SIDE_STYLE('',(#20473));
#20473 = SURFACE_STYLE_FILL_AREA(#20474);
#20474 = FILL_AREA_STYLE('',(#20475));
#20475 = FILL_AREA_STYLE_COLOUR('',#19942);
#20476 = STYLED_ITEM('color',(#20477),#12356);
#20477 = PRESENTATION_STYLE_ASSIGNMENT((#20478));
#20478 = SURFACE_STYLE_USAGE(.BOTH.,#20479);
#20479 = SURFACE_SIDE_STYLE('',(#20480));
#20480 = SURFACE_STYLE_FILL_AREA(#20481);
#20481 = FILL_AREA_STYLE('',(#20482));
#20482 = FILL_AREA_STYLE_COLOUR('',#19942);
#20483 = STYLED_ITEM('color',(#20484),#12373);
#20484 = PRESENTATION_STYLE_ASSIGNMENT((#20485));
#20485 = SURFACE_STYLE_USAGE(.BOTH.,#20486);
#20486 = SURFACE_SIDE_STYLE('',(#20487));
#20487 = SURFACE_STYLE_FILL_AREA(#20488);
#20488 = FILL_AREA_STYLE('',(#20489));
#20489 = FILL_AREA_STYLE_COLOUR('',#19942);
#20490 = STYLED_ITEM('color',(#20491),#12390);
#20491 = PRESENTATION_STYLE_ASSIGNMENT((#20492));
#20492 = SURFACE_STYLE_USAGE(.BOTH.,#20493);
#20493 = SURFACE_SIDE_STYLE('',(#20494));
#20494 = SURFACE_STYLE_FILL_AREA(#20495);
#20495 = FILL_AREA_STYLE('',(#20496));
#20496 = FILL_AREA_STYLE_COLOUR('',#19942);
#20497 = STYLED_ITEM('color',(#20498),#12407);
#20498 = PRESENTATION_STYLE_ASSIGNMENT((#20499));
#20499 = SURFACE_STYLE_USAGE(.BOTH.,#20500);
#20500 = SURFACE_SIDE_STYLE('',(#20501));
#20501 = SURFACE_STYLE_FILL_AREA(#20502);
#20502 = FILL_AREA_STYLE('',(#20503));
#20503 = FILL_AREA_STYLE_COLOUR('',#19942);
#20504 = STYLED_ITEM('color',(#20505),#12424);
#20505 = PRESENTATION_STYLE_ASSIGNMENT((#20506));
#20506 = SURFACE_STYLE_USAGE(.BOTH.,#20507);
#20507 = SURFACE_SIDE_STYLE('',(#20508));
#20508 = SURFACE_STYLE_FILL_AREA(#20509);
#20509 = FILL_AREA_STYLE('',(#20510));
#20510 = FILL_AREA_STYLE_COLOUR('',#19942);
#20511 = STYLED_ITEM('color',(#20512),#12441);
#20512 = PRESENTATION_STYLE_ASSIGNMENT((#20513));
#20513 = SURFACE_STYLE_USAGE(.BOTH.,#20514);
#20514 = SURFACE_SIDE_STYLE('',(#20515));
#20515 = SURFACE_STYLE_FILL_AREA(#20516);
#20516 = FILL_AREA_STYLE('',(#20517));
#20517 = FILL_AREA_STYLE_COLOUR('',#19942);
#20518 = STYLED_ITEM('color',(#20519),#12458);
#20519 = PRESENTATION_STYLE_ASSIGNMENT((#20520));
#20520 = SURFACE_STYLE_USAGE(.BOTH.,#20521);
#20521 = SURFACE_SIDE_STYLE('',(#20522));
#20522 = SURFACE_STYLE_FILL_AREA(#20523);
#20523 = FILL_AREA_STYLE('',(#20524));
#20524 = FILL_AREA_STYLE_COLOUR('',#19942);
#20525 = STYLED_ITEM('color',(#20526),#12470);
#20526 = PRESENTATION_STYLE_ASSIGNMENT((#20527));
#20527 = SURFACE_STYLE_USAGE(.BOTH.,#20528);
#20528 = SURFACE_SIDE_STYLE('',(#20529));
#20529 = SURFACE_STYLE_FILL_AREA(#20530);
#20530 = FILL_AREA_STYLE('',(#20531));
#20531 = FILL_AREA_STYLE_COLOUR('',#19942);
#20532 = STYLED_ITEM('color',(#20533),#12487);
#20533 = PRESENTATION_STYLE_ASSIGNMENT((#20534));
#20534 = SURFACE_STYLE_USAGE(.BOTH.,#20535);
#20535 = SURFACE_SIDE_STYLE('',(#20536));
#20536 = SURFACE_STYLE_FILL_AREA(#20537);
#20537 = FILL_AREA_STYLE('',(#20538));
#20538 = FILL_AREA_STYLE_COLOUR('',#19942);
#20539 = STYLED_ITEM('color',(#20540),#12504);
#20540 = PRESENTATION_STYLE_ASSIGNMENT((#20541));
#20541 = SURFACE_STYLE_USAGE(.BOTH.,#20542);
#20542 = SURFACE_SIDE_STYLE('',(#20543));
#20543 = SURFACE_STYLE_FILL_AREA(#20544);
#20544 = FILL_AREA_STYLE('',(#20545));
#20545 = FILL_AREA_STYLE_COLOUR('',#19942);
#20546 = STYLED_ITEM('color',(#20547),#12521);
#20547 = PRESENTATION_STYLE_ASSIGNMENT((#20548));
#20548 = SURFACE_STYLE_USAGE(.BOTH.,#20549);
#20549 = SURFACE_SIDE_STYLE('',(#20550));
#20550 = SURFACE_STYLE_FILL_AREA(#20551);
#20551 = FILL_AREA_STYLE('',(#20552));
#20552 = FILL_AREA_STYLE_COLOUR('',#19942);
#20553 = STYLED_ITEM('color',(#20554),#12538);
#20554 = PRESENTATION_STYLE_ASSIGNMENT((#20555));
#20555 = SURFACE_STYLE_USAGE(.BOTH.,#20556);
#20556 = SURFACE_SIDE_STYLE('',(#20557));
#20557 = SURFACE_STYLE_FILL_AREA(#20558);
#20558 = FILL_AREA_STYLE('',(#20559));
#20559 = FILL_AREA_STYLE_COLOUR('',#19942);
#20560 = STYLED_ITEM('color',(#20561),#12555);
#20561 = PRESENTATION_STYLE_ASSIGNMENT((#20562));
#20562 = SURFACE_STYLE_USAGE(.BOTH.,#20563);
#20563 = SURFACE_SIDE_STYLE('',(#20564));
#20564 = SURFACE_STYLE_FILL_AREA(#20565);
#20565 = FILL_AREA_STYLE('',(#20566));
#20566 = FILL_AREA_STYLE_COLOUR('',#19942);
#20567 = STYLED_ITEM('color',(#20568),#12572);
#20568 = PRESENTATION_STYLE_ASSIGNMENT((#20569));
#20569 = SURFACE_STYLE_USAGE(.BOTH.,#20570);
#20570 = SURFACE_SIDE_STYLE('',(#20571));
#20571 = SURFACE_STYLE_FILL_AREA(#20572);
#20572 = FILL_AREA_STYLE('',(#20573));
#20573 = FILL_AREA_STYLE_COLOUR('',#19942);
#20574 = STYLED_ITEM('color',(#20575),#12589);
#20575 = PRESENTATION_STYLE_ASSIGNMENT((#20576));
#20576 = SURFACE_STYLE_USAGE(.BOTH.,#20577);
#20577 = SURFACE_SIDE_STYLE('',(#20578));
#20578 = SURFACE_STYLE_FILL_AREA(#20579);
#20579 = FILL_AREA_STYLE('',(#20580));
#20580 = FILL_AREA_STYLE_COLOUR('',#19942);
#20581 = STYLED_ITEM('color',(#20582),#12601);
#20582 = PRESENTATION_STYLE_ASSIGNMENT((#20583));
#20583 = SURFACE_STYLE_USAGE(.BOTH.,#20584);
#20584 = SURFACE_SIDE_STYLE('',(#20585));
#20585 = SURFACE_STYLE_FILL_AREA(#20586);
#20586 = FILL_AREA_STYLE('',(#20587));
#20587 = FILL_AREA_STYLE_COLOUR('',#19978);
#20588 = STYLED_ITEM('color',(#20589),#12624);
#20589 = PRESENTATION_STYLE_ASSIGNMENT((#20590));
#20590 = SURFACE_STYLE_USAGE(.BOTH.,#20591);
#20591 = SURFACE_SIDE_STYLE('',(#20592));
#20592 = SURFACE_STYLE_FILL_AREA(#20593);
#20593 = FILL_AREA_STYLE('',(#20594));
#20594 = FILL_AREA_STYLE_COLOUR('',#19978);
#20595 = STYLED_ITEM('color',(#20596),#12640);
#20596 = PRESENTATION_STYLE_ASSIGNMENT((#20597));
#20597 = SURFACE_STYLE_USAGE(.BOTH.,#20598);
#20598 = SURFACE_SIDE_STYLE('',(#20599));
#20599 = SURFACE_STYLE_FILL_AREA(#20600);
#20600 = FILL_AREA_STYLE('',(#20601));
#20601 = FILL_AREA_STYLE_COLOUR('',#19978);
#20602 = STYLED_ITEM('color',(#20603),#12663);
#20603 = PRESENTATION_STYLE_ASSIGNMENT((#20604));
#20604 = SURFACE_STYLE_USAGE(.BOTH.,#20605);
#20605 = SURFACE_SIDE_STYLE('',(#20606));
#20606 = SURFACE_STYLE_FILL_AREA(#20607);
#20607 = FILL_AREA_STYLE('',(#20608));
#20608 = FILL_AREA_STYLE_COLOUR('',#19978);
#20609 = STYLED_ITEM('color',(#20610),#12750);
#20610 = PRESENTATION_STYLE_ASSIGNMENT((#20611));
#20611 = SURFACE_STYLE_USAGE(.BOTH.,#20612);
#20612 = SURFACE_SIDE_STYLE('',(#20613));
#20613 = SURFACE_STYLE_FILL_AREA(#20614);
#20614 = FILL_AREA_STYLE('',(#20615));
#20615 = FILL_AREA_STYLE_COLOUR('',#19978);
#20616 = STYLED_ITEM('color',(#20617),#12773);
#20617 = PRESENTATION_STYLE_ASSIGNMENT((#20618));
#20618 = SURFACE_STYLE_USAGE(.BOTH.,#20619);
#20619 = SURFACE_SIDE_STYLE('',(#20620));
#20620 = SURFACE_STYLE_FILL_AREA(#20621);
#20621 = FILL_AREA_STYLE('',(#20622));
#20622 = FILL_AREA_STYLE_COLOUR('',#19978);
#20623 = STYLED_ITEM('color',(#20624),#12790);
#20624 = PRESENTATION_STYLE_ASSIGNMENT((#20625));
#20625 = SURFACE_STYLE_USAGE(.BOTH.,#20626);
#20626 = SURFACE_SIDE_STYLE('',(#20627));
#20627 = SURFACE_STYLE_FILL_AREA(#20628);
#20628 = FILL_AREA_STYLE('',(#20629));
#20629 = FILL_AREA_STYLE_COLOUR('',#20630);
#20630 = COLOUR_RGB('',0.690196106937,0.662745111292,0.596078458879);
#20631 = STYLED_ITEM('color',(#20632),#12815);
#20632 = PRESENTATION_STYLE_ASSIGNMENT((#20633));
#20633 = SURFACE_STYLE_USAGE(.BOTH.,#20634);
#20634 = SURFACE_SIDE_STYLE('',(#20635));
#20635 = SURFACE_STYLE_FILL_AREA(#20636);
#20636 = FILL_AREA_STYLE('',(#20637));
#20637 = FILL_AREA_STYLE_COLOUR('',#19978);
#20638 = STYLED_ITEM('color',(#20639),#12831);
#20639 = PRESENTATION_STYLE_ASSIGNMENT((#20640));
#20640 = SURFACE_STYLE_USAGE(.BOTH.,#20641);
#20641 = SURFACE_SIDE_STYLE('',(#20642));
#20642 = SURFACE_STYLE_FILL_AREA(#20643);
#20643 = FILL_AREA_STYLE('',(#20644));
#20644 = FILL_AREA_STYLE_COLOUR('',#19978);
#20645 = STYLED_ITEM('color',(#20646),#12847);
#20646 = PRESENTATION_STYLE_ASSIGNMENT((#20647));
#20647 = SURFACE_STYLE_USAGE(.BOTH.,#20648);
#20648 = SURFACE_SIDE_STYLE('',(#20649));
#20649 = SURFACE_STYLE_FILL_AREA(#20650);
#20650 = FILL_AREA_STYLE('',(#20651));
#20651 = FILL_AREA_STYLE_COLOUR('',#19978);
#20652 = STYLED_ITEM('color',(#20653),#12864);
#20653 = PRESENTATION_STYLE_ASSIGNMENT((#20654));
#20654 = SURFACE_STYLE_USAGE(.BOTH.,#20655);
#20655 = SURFACE_SIDE_STYLE('',(#20656));
#20656 = SURFACE_STYLE_FILL_AREA(#20657);
#20657 = FILL_AREA_STYLE('',(#20658));
#20658 = FILL_AREA_STYLE_COLOUR('',#19942);
#20659 = STYLED_ITEM('color',(#20660),#12956);
#20660 = PRESENTATION_STYLE_ASSIGNMENT((#20661));
#20661 = SURFACE_STYLE_USAGE(.BOTH.,#20662);
#20662 = SURFACE_SIDE_STYLE('',(#20663));
#20663 = SURFACE_STYLE_FILL_AREA(#20664);
#20664 = FILL_AREA_STYLE('',(#20665));
#20665 = FILL_AREA_STYLE_COLOUR('',#19942);
#20666 = STYLED_ITEM('color',(#20667),#13048);
#20667 = PRESENTATION_STYLE_ASSIGNMENT((#20668));
#20668 = SURFACE_STYLE_USAGE(.BOTH.,#20669);
#20669 = SURFACE_SIDE_STYLE('',(#20670));
#20670 = SURFACE_STYLE_FILL_AREA(#20671);
#20671 = FILL_AREA_STYLE('',(#20672));
#20672 = FILL_AREA_STYLE_COLOUR('',#19978);
#20673 = STYLED_ITEM('color',(#20674),#13069);
#20674 = PRESENTATION_STYLE_ASSIGNMENT((#20675));
#20675 = SURFACE_STYLE_USAGE(.BOTH.,#20676);
#20676 = SURFACE_SIDE_STYLE('',(#20677));
#20677 = SURFACE_STYLE_FILL_AREA(#20678);
#20678 = FILL_AREA_STYLE('',(#20679));
#20679 = FILL_AREA_STYLE_COLOUR('',#19942);
#20680 = STYLED_ITEM('color',(#20681),#13094);
#20681 = PRESENTATION_STYLE_ASSIGNMENT((#20682));
#20682 = SURFACE_STYLE_USAGE(.BOTH.,#20683);
#20683 = SURFACE_SIDE_STYLE('',(#20684));
#20684 = SURFACE_STYLE_FILL_AREA(#20685);
#20685 = FILL_AREA_STYLE('',(#20686));
#20686 = FILL_AREA_STYLE_COLOUR('',#19942);
#20687 = STYLED_ITEM('color',(#20688),#13178);
#20688 = PRESENTATION_STYLE_ASSIGNMENT((#20689));
#20689 = SURFACE_STYLE_USAGE(.BOTH.,#20690);
#20690 = SURFACE_SIDE_STYLE('',(#20691));
#20691 = SURFACE_STYLE_FILL_AREA(#20692);
#20692 = FILL_AREA_STYLE('',(#20693));
#20693 = FILL_AREA_STYLE_COLOUR('',#19942);
#20694 = STYLED_ITEM('color',(#20695),#13270);
#20695 = PRESENTATION_STYLE_ASSIGNMENT((#20696));
#20696 = SURFACE_STYLE_USAGE(.BOTH.,#20697);
#20697 = SURFACE_SIDE_STYLE('',(#20698));
#20698 = SURFACE_STYLE_FILL_AREA(#20699);
#20699 = FILL_AREA_STYLE('',(#20700));
#20700 = FILL_AREA_STYLE_COLOUR('',#19942);
#20701 = STYLED_ITEM('color',(#20702),#13287);
#20702 = PRESENTATION_STYLE_ASSIGNMENT((#20703));
#20703 = SURFACE_STYLE_USAGE(.BOTH.,#20704);
#20704 = SURFACE_SIDE_STYLE('',(#20705));
#20705 = SURFACE_STYLE_FILL_AREA(#20706);
#20706 = FILL_AREA_STYLE('',(#20707));
#20707 = FILL_AREA_STYLE_COLOUR('',#19978);
#20708 = STYLED_ITEM('color',(#20709),#13309);
#20709 = PRESENTATION_STYLE_ASSIGNMENT((#20710));
#20710 = SURFACE_STYLE_USAGE(.BOTH.,#20711);
#20711 = SURFACE_SIDE_STYLE('',(#20712));
#20712 = SURFACE_STYLE_FILL_AREA(#20713);
#20713 = FILL_AREA_STYLE('',(#20714));
#20714 = FILL_AREA_STYLE_COLOUR('',#19942);
#20715 = STYLED_ITEM('color',(#20716),#13401);
#20716 = PRESENTATION_STYLE_ASSIGNMENT((#20717));
#20717 = SURFACE_STYLE_USAGE(.BOTH.,#20718);
#20718 = SURFACE_SIDE_STYLE('',(#20719));
#20719 = SURFACE_STYLE_FILL_AREA(#20720);
#20720 = FILL_AREA_STYLE('',(#20721));
#20721 = FILL_AREA_STYLE_COLOUR('',#19942);
#20722 = STYLED_ITEM('color',(#20723),#13493);
#20723 = PRESENTATION_STYLE_ASSIGNMENT((#20724));
#20724 = SURFACE_STYLE_USAGE(.BOTH.,#20725);
#20725 = SURFACE_SIDE_STYLE('',(#20726));
#20726 = SURFACE_STYLE_FILL_AREA(#20727);
#20727 = FILL_AREA_STYLE('',(#20728));
#20728 = FILL_AREA_STYLE_COLOUR('',#19978);
#20729 = STYLED_ITEM('color',(#20730),#13515);
#20730 = PRESENTATION_STYLE_ASSIGNMENT((#20731));
#20731 = SURFACE_STYLE_USAGE(.BOTH.,#20732);
#20732 = SURFACE_SIDE_STYLE('',(#20733));
#20733 = SURFACE_STYLE_FILL_AREA(#20734);
#20734 = FILL_AREA_STYLE('',(#20735));
#20735 = FILL_AREA_STYLE_COLOUR('',#19942);
#20736 = STYLED_ITEM('color',(#20737),#13540);
#20737 = PRESENTATION_STYLE_ASSIGNMENT((#20738));
#20738 = SURFACE_STYLE_USAGE(.BOTH.,#20739);
#20739 = SURFACE_SIDE_STYLE('',(#20740));
#20740 = SURFACE_STYLE_FILL_AREA(#20741);
#20741 = FILL_AREA_STYLE('',(#20742));
#20742 = FILL_AREA_STYLE_COLOUR('',#19942);
#20743 = STYLED_ITEM('color',(#20744),#13624);
#20744 = PRESENTATION_STYLE_ASSIGNMENT((#20745));
#20745 = SURFACE_STYLE_USAGE(.BOTH.,#20746);
#20746 = SURFACE_SIDE_STYLE('',(#20747));
#20747 = SURFACE_STYLE_FILL_AREA(#20748);
#20748 = FILL_AREA_STYLE('',(#20749));
#20749 = FILL_AREA_STYLE_COLOUR('',#19942);
#20750 = STYLED_ITEM('color',(#20751),#13716);
#20751 = PRESENTATION_STYLE_ASSIGNMENT((#20752));
#20752 = SURFACE_STYLE_USAGE(.BOTH.,#20753);
#20753 = SURFACE_SIDE_STYLE('',(#20754));
#20754 = SURFACE_STYLE_FILL_AREA(#20755);
#20755 = FILL_AREA_STYLE('',(#20756));
#20756 = FILL_AREA_STYLE_COLOUR('',#19942);
#20757 = STYLED_ITEM('color',(#20758),#13733);
#20758 = PRESENTATION_STYLE_ASSIGNMENT((#20759));
#20759 = SURFACE_STYLE_USAGE(.BOTH.,#20760);
#20760 = SURFACE_SIDE_STYLE('',(#20761));
#20761 = SURFACE_STYLE_FILL_AREA(#20762);
#20762 = FILL_AREA_STYLE('',(#20763));
#20763 = FILL_AREA_STYLE_COLOUR('',#19978);
#20764 = STYLED_ITEM('color',(#20765),#13755);
#20765 = PRESENTATION_STYLE_ASSIGNMENT((#20766));
#20766 = SURFACE_STYLE_USAGE(.BOTH.,#20767);
#20767 = SURFACE_SIDE_STYLE('',(#20768));
#20768 = SURFACE_STYLE_FILL_AREA(#20769);
#20769 = FILL_AREA_STYLE('',(#20770));
#20770 = FILL_AREA_STYLE_COLOUR('',#19978);
#20771 = STYLED_ITEM('color',(#20772),#13767);
#20772 = PRESENTATION_STYLE_ASSIGNMENT((#20773));
#20773 = SURFACE_STYLE_USAGE(.BOTH.,#20774);
#20774 = SURFACE_SIDE_STYLE('',(#20775));
#20775 = SURFACE_STYLE_FILL_AREA(#20776);
#20776 = FILL_AREA_STYLE('',(#20777));
#20777 = FILL_AREA_STYLE_COLOUR('',#19942);
#20778 = STYLED_ITEM('color',(#20779),#13786);
#20779 = PRESENTATION_STYLE_ASSIGNMENT((#20780));
#20780 = SURFACE_STYLE_USAGE(.BOTH.,#20781);
#20781 = SURFACE_SIDE_STYLE('',(#20782));
#20782 = SURFACE_STYLE_FILL_AREA(#20783);
#20783 = FILL_AREA_STYLE('',(#20784));
#20784 = FILL_AREA_STYLE_COLOUR('',#19942);
#20785 = STYLED_ITEM('color',(#20786),#13805);
#20786 = PRESENTATION_STYLE_ASSIGNMENT((#20787));
#20787 = SURFACE_STYLE_USAGE(.BOTH.,#20788);
#20788 = SURFACE_SIDE_STYLE('',(#20789));
#20789 = SURFACE_STYLE_FILL_AREA(#20790);
#20790 = FILL_AREA_STYLE('',(#20791));
#20791 = FILL_AREA_STYLE_COLOUR('',#19942);
#20792 = STYLED_ITEM('color',(#20793),#13824);
#20793 = PRESENTATION_STYLE_ASSIGNMENT((#20794));
#20794 = SURFACE_STYLE_USAGE(.BOTH.,#20795);
#20795 = SURFACE_SIDE_STYLE('',(#20796));
#20796 = SURFACE_STYLE_FILL_AREA(#20797);
#20797 = FILL_AREA_STYLE('',(#20798));
#20798 = FILL_AREA_STYLE_COLOUR('',#19942);
#20799 = STYLED_ITEM('color',(#20800),#13843);
#20800 = PRESENTATION_STYLE_ASSIGNMENT((#20801));
#20801 = SURFACE_STYLE_USAGE(.BOTH.,#20802);
#20802 = SURFACE_SIDE_STYLE('',(#20803));
#20803 = SURFACE_STYLE_FILL_AREA(#20804);
#20804 = FILL_AREA_STYLE('',(#20805));
#20805 = FILL_AREA_STYLE_COLOUR('',#20630);
#20806 = STYLED_ITEM('color',(#20807),#13852);
#20807 = PRESENTATION_STYLE_ASSIGNMENT((#20808));
#20808 = SURFACE_STYLE_USAGE(.BOTH.,#20809);
#20809 = SURFACE_SIDE_STYLE('',(#20810));
#20810 = SURFACE_STYLE_FILL_AREA(#20811);
#20811 = FILL_AREA_STYLE('',(#20812));
#20812 = FILL_AREA_STYLE_COLOUR('',#19942);
#20813 = STYLED_ITEM('color',(#20814),#13869);
#20814 = PRESENTATION_STYLE_ASSIGNMENT((#20815));
#20815 = SURFACE_STYLE_USAGE(.BOTH.,#20816);
#20816 = SURFACE_SIDE_STYLE('',(#20817));
#20817 = SURFACE_STYLE_FILL_AREA(#20818);
#20818 = FILL_AREA_STYLE('',(#20819));
#20819 = FILL_AREA_STYLE_COLOUR('',#19942);
#20820 = STYLED_ITEM('color',(#20821),#13886);
#20821 = PRESENTATION_STYLE_ASSIGNMENT((#20822));
#20822 = SURFACE_STYLE_USAGE(.BOTH.,#20823);
#20823 = SURFACE_SIDE_STYLE('',(#20824));
#20824 = SURFACE_STYLE_FILL_AREA(#20825);
#20825 = FILL_AREA_STYLE('',(#20826));
#20826 = FILL_AREA_STYLE_COLOUR('',#19942);
#20827 = STYLED_ITEM('color',(#20828),#13903);
#20828 = PRESENTATION_STYLE_ASSIGNMENT((#20829));
#20829 = SURFACE_STYLE_USAGE(.BOTH.,#20830);
#20830 = SURFACE_SIDE_STYLE('',(#20831));
#20831 = SURFACE_STYLE_FILL_AREA(#20832);
#20832 = FILL_AREA_STYLE('',(#20833));
#20833 = FILL_AREA_STYLE_COLOUR('',#19942);
#20834 = STYLED_ITEM('color',(#20835),#13920);
#20835 = PRESENTATION_STYLE_ASSIGNMENT((#20836));
#20836 = SURFACE_STYLE_USAGE(.BOTH.,#20837);
#20837 = SURFACE_SIDE_STYLE('',(#20838));
#20838 = SURFACE_STYLE_FILL_AREA(#20839);
#20839 = FILL_AREA_STYLE('',(#20840));
#20840 = FILL_AREA_STYLE_COLOUR('',#19942);
#20841 = STYLED_ITEM('color',(#20842),#13937);
#20842 = PRESENTATION_STYLE_ASSIGNMENT((#20843));
#20843 = SURFACE_STYLE_USAGE(.BOTH.,#20844);
#20844 = SURFACE_SIDE_STYLE('',(#20845));
#20845 = SURFACE_STYLE_FILL_AREA(#20846);
#20846 = FILL_AREA_STYLE('',(#20847));
#20847 = FILL_AREA_STYLE_COLOUR('',#19942);
#20848 = STYLED_ITEM('color',(#20849),#13954);
#20849 = PRESENTATION_STYLE_ASSIGNMENT((#20850));
#20850 = SURFACE_STYLE_USAGE(.BOTH.,#20851);
#20851 = SURFACE_SIDE_STYLE('',(#20852));
#20852 = SURFACE_STYLE_FILL_AREA(#20853);
#20853 = FILL_AREA_STYLE('',(#20854));
#20854 = FILL_AREA_STYLE_COLOUR('',#19942);
#20855 = STYLED_ITEM('color',(#20856),#13971);
#20856 = PRESENTATION_STYLE_ASSIGNMENT((#20857));
#20857 = SURFACE_STYLE_USAGE(.BOTH.,#20858);
#20858 = SURFACE_SIDE_STYLE('',(#20859));
#20859 = SURFACE_STYLE_FILL_AREA(#20860);
#20860 = FILL_AREA_STYLE('',(#20861));
#20861 = FILL_AREA_STYLE_COLOUR('',#19942);
#20862 = STYLED_ITEM('color',(#20863),#13983);
#20863 = PRESENTATION_STYLE_ASSIGNMENT((#20864));
#20864 = SURFACE_STYLE_USAGE(.BOTH.,#20865);
#20865 = SURFACE_SIDE_STYLE('',(#20866));
#20866 = SURFACE_STYLE_FILL_AREA(#20867);
#20867 = FILL_AREA_STYLE('',(#20868));
#20868 = FILL_AREA_STYLE_COLOUR('',#19942);
#20869 = STYLED_ITEM('color',(#20870),#14000);
#20870 = PRESENTATION_STYLE_ASSIGNMENT((#20871));
#20871 = SURFACE_STYLE_USAGE(.BOTH.,#20872);
#20872 = SURFACE_SIDE_STYLE('',(#20873));
#20873 = SURFACE_STYLE_FILL_AREA(#20874);
#20874 = FILL_AREA_STYLE('',(#20875));
#20875 = FILL_AREA_STYLE_COLOUR('',#19942);
#20876 = STYLED_ITEM('color',(#20877),#14017);
#20877 = PRESENTATION_STYLE_ASSIGNMENT((#20878));
#20878 = SURFACE_STYLE_USAGE(.BOTH.,#20879);
#20879 = SURFACE_SIDE_STYLE('',(#20880));
#20880 = SURFACE_STYLE_FILL_AREA(#20881);
#20881 = FILL_AREA_STYLE('',(#20882));
#20882 = FILL_AREA_STYLE_COLOUR('',#19942);
#20883 = STYLED_ITEM('color',(#20884),#14034);
#20884 = PRESENTATION_STYLE_ASSIGNMENT((#20885));
#20885 = SURFACE_STYLE_USAGE(.BOTH.,#20886);
#20886 = SURFACE_SIDE_STYLE('',(#20887));
#20887 = SURFACE_STYLE_FILL_AREA(#20888);
#20888 = FILL_AREA_STYLE('',(#20889));
#20889 = FILL_AREA_STYLE_COLOUR('',#19942);
#20890 = STYLED_ITEM('color',(#20891),#14051);
#20891 = PRESENTATION_STYLE_ASSIGNMENT((#20892));
#20892 = SURFACE_STYLE_USAGE(.BOTH.,#20893);
#20893 = SURFACE_SIDE_STYLE('',(#20894));
#20894 = SURFACE_STYLE_FILL_AREA(#20895);
#20895 = FILL_AREA_STYLE('',(#20896));
#20896 = FILL_AREA_STYLE_COLOUR('',#19942);
#20897 = STYLED_ITEM('color',(#20898),#14068);
#20898 = PRESENTATION_STYLE_ASSIGNMENT((#20899));
#20899 = SURFACE_STYLE_USAGE(.BOTH.,#20900);
#20900 = SURFACE_SIDE_STYLE('',(#20901));
#20901 = SURFACE_STYLE_FILL_AREA(#20902);
#20902 = FILL_AREA_STYLE('',(#20903));
#20903 = FILL_AREA_STYLE_COLOUR('',#19942);
#20904 = STYLED_ITEM('color',(#20905),#14085);
#20905 = PRESENTATION_STYLE_ASSIGNMENT((#20906));
#20906 = SURFACE_STYLE_USAGE(.BOTH.,#20907);
#20907 = SURFACE_SIDE_STYLE('',(#20908));
#20908 = SURFACE_STYLE_FILL_AREA(#20909);
#20909 = FILL_AREA_STYLE('',(#20910));
#20910 = FILL_AREA_STYLE_COLOUR('',#19942);
#20911 = STYLED_ITEM('color',(#20912),#14102);
#20912 = PRESENTATION_STYLE_ASSIGNMENT((#20913));
#20913 = SURFACE_STYLE_USAGE(.BOTH.,#20914);
#20914 = SURFACE_SIDE_STYLE('',(#20915));
#20915 = SURFACE_STYLE_FILL_AREA(#20916);
#20916 = FILL_AREA_STYLE('',(#20917));
#20917 = FILL_AREA_STYLE_COLOUR('',#19942);
#20918 = STYLED_ITEM('color',(#20919),#14114);
#20919 = PRESENTATION_STYLE_ASSIGNMENT((#20920));
#20920 = SURFACE_STYLE_USAGE(.BOTH.,#20921);
#20921 = SURFACE_SIDE_STYLE('',(#20922));
#20922 = SURFACE_STYLE_FILL_AREA(#20923);
#20923 = FILL_AREA_STYLE('',(#20924));
#20924 = FILL_AREA_STYLE_COLOUR('',#19942);
#20925 = STYLED_ITEM('color',(#20926),#14131);
#20926 = PRESENTATION_STYLE_ASSIGNMENT((#20927));
#20927 = SURFACE_STYLE_USAGE(.BOTH.,#20928);
#20928 = SURFACE_SIDE_STYLE('',(#20929));
#20929 = SURFACE_STYLE_FILL_AREA(#20930);
#20930 = FILL_AREA_STYLE('',(#20931));
#20931 = FILL_AREA_STYLE_COLOUR('',#19942);
#20932 = STYLED_ITEM('color',(#20933),#14148);
#20933 = PRESENTATION_STYLE_ASSIGNMENT((#20934));
#20934 = SURFACE_STYLE_USAGE(.BOTH.,#20935);
#20935 = SURFACE_SIDE_STYLE('',(#20936));
#20936 = SURFACE_STYLE_FILL_AREA(#20937);
#20937 = FILL_AREA_STYLE('',(#20938));
#20938 = FILL_AREA_STYLE_COLOUR('',#19942);
#20939 = STYLED_ITEM('color',(#20940),#14165);
#20940 = PRESENTATION_STYLE_ASSIGNMENT((#20941));
#20941 = SURFACE_STYLE_USAGE(.BOTH.,#20942);
#20942 = SURFACE_SIDE_STYLE('',(#20943));
#20943 = SURFACE_STYLE_FILL_AREA(#20944);
#20944 = FILL_AREA_STYLE('',(#20945));
#20945 = FILL_AREA_STYLE_COLOUR('',#19942);
#20946 = STYLED_ITEM('color',(#20947),#14182);
#20947 = PRESENTATION_STYLE_ASSIGNMENT((#20948));
#20948 = SURFACE_STYLE_USAGE(.BOTH.,#20949);
#20949 = SURFACE_SIDE_STYLE('',(#20950));
#20950 = SURFACE_STYLE_FILL_AREA(#20951);
#20951 = FILL_AREA_STYLE('',(#20952));
#20952 = FILL_AREA_STYLE_COLOUR('',#19942);
#20953 = STYLED_ITEM('color',(#20954),#14199);
#20954 = PRESENTATION_STYLE_ASSIGNMENT((#20955));
#20955 = SURFACE_STYLE_USAGE(.BOTH.,#20956);
#20956 = SURFACE_SIDE_STYLE('',(#20957));
#20957 = SURFACE_STYLE_FILL_AREA(#20958);
#20958 = FILL_AREA_STYLE('',(#20959));
#20959 = FILL_AREA_STYLE_COLOUR('',#19942);
#20960 = STYLED_ITEM('color',(#20961),#14216);
#20961 = PRESENTATION_STYLE_ASSIGNMENT((#20962));
#20962 = SURFACE_STYLE_USAGE(.BOTH.,#20963);
#20963 = SURFACE_SIDE_STYLE('',(#20964));
#20964 = SURFACE_STYLE_FILL_AREA(#20965);
#20965 = FILL_AREA_STYLE('',(#20966));
#20966 = FILL_AREA_STYLE_COLOUR('',#19942);
#20967 = STYLED_ITEM('color',(#20968),#14233);
#20968 = PRESENTATION_STYLE_ASSIGNMENT((#20969));
#20969 = SURFACE_STYLE_USAGE(.BOTH.,#20970);
#20970 = SURFACE_SIDE_STYLE('',(#20971));
#20971 = SURFACE_STYLE_FILL_AREA(#20972);
#20972 = FILL_AREA_STYLE('',(#20973));
#20973 = FILL_AREA_STYLE_COLOUR('',#19942);
#20974 = STYLED_ITEM('color',(#20975),#14245);
#20975 = PRESENTATION_STYLE_ASSIGNMENT((#20976));
#20976 = SURFACE_STYLE_USAGE(.BOTH.,#20977);
#20977 = SURFACE_SIDE_STYLE('',(#20978));
#20978 = SURFACE_STYLE_FILL_AREA(#20979);
#20979 = FILL_AREA_STYLE('',(#20980));
#20980 = FILL_AREA_STYLE_COLOUR('',#19942);
#20981 = STYLED_ITEM('color',(#20982),#14262);
#20982 = PRESENTATION_STYLE_ASSIGNMENT((#20983));
#20983 = SURFACE_STYLE_USAGE(.BOTH.,#20984);
#20984 = SURFACE_SIDE_STYLE('',(#20985));
#20985 = SURFACE_STYLE_FILL_AREA(#20986);
#20986 = FILL_AREA_STYLE('',(#20987));
#20987 = FILL_AREA_STYLE_COLOUR('',#19942);
#20988 = STYLED_ITEM('color',(#20989),#14279);
#20989 = PRESENTATION_STYLE_ASSIGNMENT((#20990));
#20990 = SURFACE_STYLE_USAGE(.BOTH.,#20991);
#20991 = SURFACE_SIDE_STYLE('',(#20992));
#20992 = SURFACE_STYLE_FILL_AREA(#20993);
#20993 = FILL_AREA_STYLE('',(#20994));
#20994 = FILL_AREA_STYLE_COLOUR('',#19942);
#20995 = STYLED_ITEM('color',(#20996),#14296);
#20996 = PRESENTATION_STYLE_ASSIGNMENT((#20997));
#20997 = SURFACE_STYLE_USAGE(.BOTH.,#20998);
#20998 = SURFACE_SIDE_STYLE('',(#20999));
#20999 = SURFACE_STYLE_FILL_AREA(#21000);
#21000 = FILL_AREA_STYLE('',(#21001));
#21001 = FILL_AREA_STYLE_COLOUR('',#19942);
#21002 = STYLED_ITEM('color',(#21003),#14313);
#21003 = PRESENTATION_STYLE_ASSIGNMENT((#21004));
#21004 = SURFACE_STYLE_USAGE(.BOTH.,#21005);
#21005 = SURFACE_SIDE_STYLE('',(#21006));
#21006 = SURFACE_STYLE_FILL_AREA(#21007);
#21007 = FILL_AREA_STYLE('',(#21008));
#21008 = FILL_AREA_STYLE_COLOUR('',#19942);
#21009 = STYLED_ITEM('color',(#21010),#14330);
#21010 = PRESENTATION_STYLE_ASSIGNMENT((#21011));
#21011 = SURFACE_STYLE_USAGE(.BOTH.,#21012);
#21012 = SURFACE_SIDE_STYLE('',(#21013));
#21013 = SURFACE_STYLE_FILL_AREA(#21014);
#21014 = FILL_AREA_STYLE('',(#21015));
#21015 = FILL_AREA_STYLE_COLOUR('',#19942);
#21016 = STYLED_ITEM('color',(#21017),#14347);
#21017 = PRESENTATION_STYLE_ASSIGNMENT((#21018));
#21018 = SURFACE_STYLE_USAGE(.BOTH.,#21019);
#21019 = SURFACE_SIDE_STYLE('',(#21020));
#21020 = SURFACE_STYLE_FILL_AREA(#21021);
#21021 = FILL_AREA_STYLE('',(#21022));
#21022 = FILL_AREA_STYLE_COLOUR('',#19942);
#21023 = STYLED_ITEM('color',(#21024),#14364);
#21024 = PRESENTATION_STYLE_ASSIGNMENT((#21025));
#21025 = SURFACE_STYLE_USAGE(.BOTH.,#21026);
#21026 = SURFACE_SIDE_STYLE('',(#21027));
#21027 = SURFACE_STYLE_FILL_AREA(#21028);
#21028 = FILL_AREA_STYLE('',(#21029));
#21029 = FILL_AREA_STYLE_COLOUR('',#19942);
#21030 = MECHANICAL_DESIGN_GEOMETRIC_PRESENTATION_REPRESENTATION('',(
    #21031,#21038,#21045,#21052,#21059,#21066,#21073,#21080,#21087,
    #21094,#21101,#21108,#21115,#21122,#21129,#21136,#21143,#21150,
    #21157,#21164,#21171,#21178,#21185,#21192,#21199,#21206,#21213,
    #21220,#21227,#21234,#21241,#21248,#21255,#21262,#21269,#21276,
    #21284,#21291,#21298,#21305,#21312,#21319,#21326,#21333,#21340,
    #21347,#21354,#21361,#21368,#21375),#16938);
#21031 = STYLED_ITEM('color',(#21032),#15417);
#21032 = PRESENTATION_STYLE_ASSIGNMENT((#21033));
#21033 = SURFACE_STYLE_USAGE(.BOTH.,#21034);
#21034 = SURFACE_SIDE_STYLE('',(#21035));
#21035 = SURFACE_STYLE_FILL_AREA(#21036);
#21036 = FILL_AREA_STYLE('',(#21037));
#21037 = FILL_AREA_STYLE_COLOUR('',#18022);
#21038 = STYLED_ITEM('color',(#21039),#15457);
#21039 = PRESENTATION_STYLE_ASSIGNMENT((#21040));
#21040 = SURFACE_STYLE_USAGE(.BOTH.,#21041);
#21041 = SURFACE_SIDE_STYLE('',(#21042));
#21042 = SURFACE_STYLE_FILL_AREA(#21043);
#21043 = FILL_AREA_STYLE('',(#21044));
#21044 = FILL_AREA_STYLE_COLOUR('',#18022);
#21045 = STYLED_ITEM('color',(#21046),#15504);
#21046 = PRESENTATION_STYLE_ASSIGNMENT((#21047));
#21047 = SURFACE_STYLE_USAGE(.BOTH.,#21048);
#21048 = SURFACE_SIDE_STYLE('',(#21049));
#21049 = SURFACE_STYLE_FILL_AREA(#21050);
#21050 = FILL_AREA_STYLE('',(#21051));
#21051 = FILL_AREA_STYLE_COLOUR('',#18022);
#21052 = STYLED_ITEM('color',(#21053),#15583);
#21053 = PRESENTATION_STYLE_ASSIGNMENT((#21054));
#21054 = SURFACE_STYLE_USAGE(.BOTH.,#21055);
#21055 = SURFACE_SIDE_STYLE('',(#21056));
#21056 = SURFACE_STYLE_FILL_AREA(#21057);
#21057 = FILL_AREA_STYLE('',(#21058));
#21058 = FILL_AREA_STYLE_COLOUR('',#18022);
#21059 = STYLED_ITEM('color',(#21060),#15607);
#21060 = PRESENTATION_STYLE_ASSIGNMENT((#21061));
#21061 = SURFACE_STYLE_USAGE(.BOTH.,#21062);
#21062 = SURFACE_SIDE_STYLE('',(#21063));
#21063 = SURFACE_STYLE_FILL_AREA(#21064);
#21064 = FILL_AREA_STYLE('',(#21065));
#21065 = FILL_AREA_STYLE_COLOUR('',#18022);
#21066 = STYLED_ITEM('color',(#21067),#15647);
#21067 = PRESENTATION_STYLE_ASSIGNMENT((#21068));
#21068 = SURFACE_STYLE_USAGE(.BOTH.,#21069);
#21069 = SURFACE_SIDE_STYLE('',(#21070));
#21070 = SURFACE_STYLE_FILL_AREA(#21071);
#21071 = FILL_AREA_STYLE('',(#21072));
#21072 = FILL_AREA_STYLE_COLOUR('',#18022);
#21073 = STYLED_ITEM('color',(#21074),#15678);
#21074 = PRESENTATION_STYLE_ASSIGNMENT((#21075));
#21075 = SURFACE_STYLE_USAGE(.BOTH.,#21076);
#21076 = SURFACE_SIDE_STYLE('',(#21077));
#21077 = SURFACE_STYLE_FILL_AREA(#21078);
#21078 = FILL_AREA_STYLE('',(#21079));
#21079 = FILL_AREA_STYLE_COLOUR('',#18022);
#21080 = STYLED_ITEM('color',(#21081),#15695);
#21081 = PRESENTATION_STYLE_ASSIGNMENT((#21082));
#21082 = SURFACE_STYLE_USAGE(.BOTH.,#21083);
#21083 = SURFACE_SIDE_STYLE('',(#21084));
#21084 = SURFACE_STYLE_FILL_AREA(#21085);
#21085 = FILL_AREA_STYLE('',(#21086));
#21086 = FILL_AREA_STYLE_COLOUR('',#18425);
#21087 = STYLED_ITEM('color',(#21088),#15728);
#21088 = PRESENTATION_STYLE_ASSIGNMENT((#21089));
#21089 = SURFACE_STYLE_USAGE(.BOTH.,#21090);
#21090 = SURFACE_SIDE_STYLE('',(#21091));
#21091 = SURFACE_STYLE_FILL_AREA(#21092);
#21092 = FILL_AREA_STYLE('',(#21093));
#21093 = FILL_AREA_STYLE_COLOUR('',#18022);
#21094 = STYLED_ITEM('color',(#21095),#15752);
#21095 = PRESENTATION_STYLE_ASSIGNMENT((#21096));
#21096 = SURFACE_STYLE_USAGE(.BOTH.,#21097);
#21097 = SURFACE_SIDE_STYLE('',(#21098));
#21098 = SURFACE_STYLE_FILL_AREA(#21099);
#21099 = FILL_AREA_STYLE('',(#21100));
#21100 = FILL_AREA_STYLE_COLOUR('',#18425);
#21101 = STYLED_ITEM('color',(#21102),#15819);
#21102 = PRESENTATION_STYLE_ASSIGNMENT((#21103));
#21103 = SURFACE_STYLE_USAGE(.BOTH.,#21104);
#21104 = SURFACE_SIDE_STYLE('',(#21105));
#21105 = SURFACE_STYLE_FILL_AREA(#21106);
#21106 = FILL_AREA_STYLE('',(#21107));
#21107 = FILL_AREA_STYLE_COLOUR('',#18022);
#21108 = STYLED_ITEM('color',(#21109),#15940);
#21109 = PRESENTATION_STYLE_ASSIGNMENT((#21110));
#21110 = SURFACE_STYLE_USAGE(.BOTH.,#21111);
#21111 = SURFACE_SIDE_STYLE('',(#21112));
#21112 = SURFACE_STYLE_FILL_AREA(#21113);
#21113 = FILL_AREA_STYLE('',(#21114));
#21114 = FILL_AREA_STYLE_COLOUR('',#18425);
#21115 = STYLED_ITEM('color',(#21116),#16007);
#21116 = PRESENTATION_STYLE_ASSIGNMENT((#21117));
#21117 = SURFACE_STYLE_USAGE(.BOTH.,#21118);
#21118 = SURFACE_SIDE_STYLE('',(#21119));
#21119 = SURFACE_STYLE_FILL_AREA(#21120);
#21120 = FILL_AREA_STYLE('',(#21121));
#21121 = FILL_AREA_STYLE_COLOUR('',#18022);
#21122 = STYLED_ITEM('color',(#21123),#16031);
#21123 = PRESENTATION_STYLE_ASSIGNMENT((#21124));
#21124 = SURFACE_STYLE_USAGE(.BOTH.,#21125);
#21125 = SURFACE_SIDE_STYLE('',(#21126));
#21126 = SURFACE_STYLE_FILL_AREA(#21127);
#21127 = FILL_AREA_STYLE('',(#21128));
#21128 = FILL_AREA_STYLE_COLOUR('',#18022);
#21129 = STYLED_ITEM('color',(#21130),#16062);
#21130 = PRESENTATION_STYLE_ASSIGNMENT((#21131));
#21131 = SURFACE_STYLE_USAGE(.BOTH.,#21132);
#21132 = SURFACE_SIDE_STYLE('',(#21133));
#21133 = SURFACE_STYLE_FILL_AREA(#21134);
#21134 = FILL_AREA_STYLE('',(#21135));
#21135 = FILL_AREA_STYLE_COLOUR('',#18425);
#21136 = STYLED_ITEM('color',(#21137),#16095);
#21137 = PRESENTATION_STYLE_ASSIGNMENT((#21138));
#21138 = SURFACE_STYLE_USAGE(.BOTH.,#21139);
#21139 = SURFACE_SIDE_STYLE('',(#21140));
#21140 = SURFACE_STYLE_FILL_AREA(#21141);
#21141 = FILL_AREA_STYLE('',(#21142));
#21142 = FILL_AREA_STYLE_COLOUR('',#18022);
#21143 = STYLED_ITEM('color',(#21144),#16151);
#21144 = PRESENTATION_STYLE_ASSIGNMENT((#21145));
#21145 = SURFACE_STYLE_USAGE(.BOTH.,#21146);
#21146 = SURFACE_SIDE_STYLE('',(#21147));
#21147 = SURFACE_STYLE_FILL_AREA(#21148);
#21148 = FILL_AREA_STYLE('',(#21149));
#21149 = FILL_AREA_STYLE_COLOUR('',#18425);
#21150 = STYLED_ITEM('color',(#21151),#16175);
#21151 = PRESENTATION_STYLE_ASSIGNMENT((#21152));
#21152 = SURFACE_STYLE_USAGE(.BOTH.,#21153);
#21153 = SURFACE_SIDE_STYLE('',(#21154));
#21154 = SURFACE_STYLE_FILL_AREA(#21155);
#21155 = FILL_AREA_STYLE('',(#21156));
#21156 = FILL_AREA_STYLE_COLOUR('',#18425);
#21157 = STYLED_ITEM('color',(#21158),#16199);
#21158 = PRESENTATION_STYLE_ASSIGNMENT((#21159));
#21159 = SURFACE_STYLE_USAGE(.BOTH.,#21160);
#21160 = SURFACE_SIDE_STYLE('',(#21161));
#21161 = SURFACE_STYLE_FILL_AREA(#21162);
#21162 = FILL_AREA_STYLE('',(#21163));
#21163 = FILL_AREA_STYLE_COLOUR('',#18425);
#21164 = STYLED_ITEM('color',(#21165),#16223);
#21165 = PRESENTATION_STYLE_ASSIGNMENT((#21166));
#21166 = SURFACE_STYLE_USAGE(.BOTH.,#21167);
#21167 = SURFACE_SIDE_STYLE('',(#21168));
#21168 = SURFACE_STYLE_FILL_AREA(#21169);
#21169 = FILL_AREA_STYLE('',(#21170));
#21170 = FILL_AREA_STYLE_COLOUR('',#18425);
#21171 = STYLED_ITEM('color',(#21172),#16256);
#21172 = PRESENTATION_STYLE_ASSIGNMENT((#21173));
#21173 = SURFACE_STYLE_USAGE(.BOTH.,#21174);
#21174 = SURFACE_SIDE_STYLE('',(#21175));
#21175 = SURFACE_STYLE_FILL_AREA(#21176);
#21176 = FILL_AREA_STYLE('',(#21177));
#21177 = FILL_AREA_STYLE_COLOUR('',#18425);
#21178 = STYLED_ITEM('color',(#21179),#16268);
#21179 = PRESENTATION_STYLE_ASSIGNMENT((#21180));
#21180 = SURFACE_STYLE_USAGE(.BOTH.,#21181);
#21181 = SURFACE_SIDE_STYLE('',(#21182));
#21182 = SURFACE_STYLE_FILL_AREA(#21183);
#21183 = FILL_AREA_STYLE('',(#21184));
#21184 = FILL_AREA_STYLE_COLOUR('',#18425);
#21185 = STYLED_ITEM('color',(#21186),#16331);
#21186 = PRESENTATION_STYLE_ASSIGNMENT((#21187));
#21187 = SURFACE_STYLE_USAGE(.BOTH.,#21188);
#21188 = SURFACE_SIDE_STYLE('',(#21189));
#21189 = SURFACE_STYLE_FILL_AREA(#21190);
#21190 = FILL_AREA_STYLE('',(#21191));
#21191 = FILL_AREA_STYLE_COLOUR('',#18425);
#21192 = STYLED_ITEM('color',(#21193),#16356);
#21193 = PRESENTATION_STYLE_ASSIGNMENT((#21194));
#21194 = SURFACE_STYLE_USAGE(.BOTH.,#21195);
#21195 = SURFACE_SIDE_STYLE('',(#21196));
#21196 = SURFACE_STYLE_FILL_AREA(#21197);
#21197 = FILL_AREA_STYLE('',(#21198));
#21198 = FILL_AREA_STYLE_COLOUR('',#18425);
#21199 = STYLED_ITEM('color',(#21200),#16373);
#21200 = PRESENTATION_STYLE_ASSIGNMENT((#21201));
#21201 = SURFACE_STYLE_USAGE(.BOTH.,#21202);
#21202 = SURFACE_SIDE_STYLE('',(#21203));
#21203 = SURFACE_STYLE_FILL_AREA(#21204);
#21204 = FILL_AREA_STYLE('',(#21205));
#21205 = FILL_AREA_STYLE_COLOUR('',#18425);
#21206 = STYLED_ITEM('color',(#21207),#16397);
#21207 = PRESENTATION_STYLE_ASSIGNMENT((#21208));
#21208 = SURFACE_STYLE_USAGE(.BOTH.,#21209);
#21209 = SURFACE_SIDE_STYLE('',(#21210));
#21210 = SURFACE_STYLE_FILL_AREA(#21211);
#21211 = FILL_AREA_STYLE('',(#21212));
#21212 = FILL_AREA_STYLE_COLOUR('',#18425);
#21213 = STYLED_ITEM('color',(#21214),#16415);
#21214 = PRESENTATION_STYLE_ASSIGNMENT((#21215));
#21215 = SURFACE_STYLE_USAGE(.BOTH.,#21216);
#21216 = SURFACE_SIDE_STYLE('',(#21217));
#21217 = SURFACE_STYLE_FILL_AREA(#21218);
#21218 = FILL_AREA_STYLE('',(#21219));
#21219 = FILL_AREA_STYLE_COLOUR('',#18425);
#21220 = STYLED_ITEM('color',(#21221),#16433);
#21221 = PRESENTATION_STYLE_ASSIGNMENT((#21222));
#21222 = SURFACE_STYLE_USAGE(.BOTH.,#21223);
#21223 = SURFACE_SIDE_STYLE('',(#21224));
#21224 = SURFACE_STYLE_FILL_AREA(#21225);
#21225 = FILL_AREA_STYLE('',(#21226));
#21226 = FILL_AREA_STYLE_COLOUR('',#18425);
#21227 = STYLED_ITEM('color',(#21228),#16451);
#21228 = PRESENTATION_STYLE_ASSIGNMENT((#21229));
#21229 = SURFACE_STYLE_USAGE(.BOTH.,#21230);
#21230 = SURFACE_SIDE_STYLE('',(#21231));
#21231 = SURFACE_STYLE_FILL_AREA(#21232);
#21232 = FILL_AREA_STYLE('',(#21233));
#21233 = FILL_AREA_STYLE_COLOUR('',#18425);
#21234 = STYLED_ITEM('color',(#21235),#16468);
#21235 = PRESENTATION_STYLE_ASSIGNMENT((#21236));
#21236 = SURFACE_STYLE_USAGE(.BOTH.,#21237);
#21237 = SURFACE_SIDE_STYLE('',(#21238));
#21238 = SURFACE_STYLE_FILL_AREA(#21239);
#21239 = FILL_AREA_STYLE('',(#21240));
#21240 = FILL_AREA_STYLE_COLOUR('',#18425);
#21241 = STYLED_ITEM('color',(#21242),#16485);
#21242 = PRESENTATION_STYLE_ASSIGNMENT((#21243));
#21243 = SURFACE_STYLE_USAGE(.BOTH.,#21244);
#21244 = SURFACE_SIDE_STYLE('',(#21245));
#21245 = SURFACE_STYLE_FILL_AREA(#21246);
#21246 = FILL_AREA_STYLE('',(#21247));
#21247 = FILL_AREA_STYLE_COLOUR('',#18425);
#21248 = STYLED_ITEM('color',(#21249),#16516);
#21249 = PRESENTATION_STYLE_ASSIGNMENT((#21250));
#21250 = SURFACE_STYLE_USAGE(.BOTH.,#21251);
#21251 = SURFACE_SIDE_STYLE('',(#21252));
#21252 = SURFACE_STYLE_FILL_AREA(#21253);
#21253 = FILL_AREA_STYLE('',(#21254));
#21254 = FILL_AREA_STYLE_COLOUR('',#18425);
#21255 = STYLED_ITEM('color',(#21256),#16541);
#21256 = PRESENTATION_STYLE_ASSIGNMENT((#21257));
#21257 = SURFACE_STYLE_USAGE(.BOTH.,#21258);
#21258 = SURFACE_SIDE_STYLE('',(#21259));
#21259 = SURFACE_STYLE_FILL_AREA(#21260);
#21260 = FILL_AREA_STYLE('',(#21261));
#21261 = FILL_AREA_STYLE_COLOUR('',#18425);
#21262 = STYLED_ITEM('color',(#21263),#16566);
#21263 = PRESENTATION_STYLE_ASSIGNMENT((#21264));
#21264 = SURFACE_STYLE_USAGE(.BOTH.,#21265);
#21265 = SURFACE_SIDE_STYLE('',(#21266));
#21266 = SURFACE_STYLE_FILL_AREA(#21267);
#21267 = FILL_AREA_STYLE('',(#21268));
#21268 = FILL_AREA_STYLE_COLOUR('',#18425);
#21269 = STYLED_ITEM('color',(#21270),#16590);
#21270 = PRESENTATION_STYLE_ASSIGNMENT((#21271));
#21271 = SURFACE_STYLE_USAGE(.BOTH.,#21272);
#21272 = SURFACE_SIDE_STYLE('',(#21273));
#21273 = SURFACE_STYLE_FILL_AREA(#21274);
#21274 = FILL_AREA_STYLE('',(#21275));
#21275 = FILL_AREA_STYLE_COLOUR('',#18425);
#21276 = STYLED_ITEM('color',(#21277),#16607);
#21277 = PRESENTATION_STYLE_ASSIGNMENT((#21278));
#21278 = SURFACE_STYLE_USAGE(.BOTH.,#21279);
#21279 = SURFACE_SIDE_STYLE('',(#21280));
#21280 = SURFACE_STYLE_FILL_AREA(#21281);
#21281 = FILL_AREA_STYLE('',(#21282));
#21282 = FILL_AREA_STYLE_COLOUR('',#21283);
#21283 = COLOUR_RGB('',0.340000006699,0.68000001254,0.444999988852);
#21284 = STYLED_ITEM('color',(#21285),#16638);
#21285 = PRESENTATION_STYLE_ASSIGNMENT((#21286));
#21286 = SURFACE_STYLE_USAGE(.BOTH.,#21287);
#21287 = SURFACE_SIDE_STYLE('',(#21288));
#21288 = SURFACE_STYLE_FILL_AREA(#21289);
#21289 = FILL_AREA_STYLE('',(#21290));
#21290 = FILL_AREA_STYLE_COLOUR('',#21283);
#21291 = STYLED_ITEM('color',(#21292),#16662);
#21292 = PRESENTATION_STYLE_ASSIGNMENT((#21293));
#21293 = SURFACE_STYLE_USAGE(.BOTH.,#21294);
#21294 = SURFACE_SIDE_STYLE('',(#21295));
#21295 = SURFACE_STYLE_FILL_AREA(#21296);
#21296 = FILL_AREA_STYLE('',(#21297));
#21297 = FILL_AREA_STYLE_COLOUR('',#21283);
#21298 = STYLED_ITEM('color',(#21299),#16679);
#21299 = PRESENTATION_STYLE_ASSIGNMENT((#21300));
#21300 = SURFACE_STYLE_USAGE(.BOTH.,#21301);
#21301 = SURFACE_SIDE_STYLE('',(#21302));
#21302 = SURFACE_STYLE_FILL_AREA(#21303);
#21303 = FILL_AREA_STYLE('',(#21304));
#21304 = FILL_AREA_STYLE_COLOUR('',#18425);
#21305 = STYLED_ITEM('color',(#21306),#16707);
#21306 = PRESENTATION_STYLE_ASSIGNMENT((#21307));
#21307 = SURFACE_STYLE_USAGE(.BOTH.,#21308);
#21308 = SURFACE_SIDE_STYLE('',(#21309));
#21309 = SURFACE_STYLE_FILL_AREA(#21310);
#21310 = FILL_AREA_STYLE('',(#21311));
#21311 = FILL_AREA_STYLE_COLOUR('',#18425);
#21312 = STYLED_ITEM('color',(#21313),#16732);
#21313 = PRESENTATION_STYLE_ASSIGNMENT((#21314));
#21314 = SURFACE_STYLE_USAGE(.BOTH.,#21315);
#21315 = SURFACE_SIDE_STYLE('',(#21316));
#21316 = SURFACE_STYLE_FILL_AREA(#21317);
#21317 = FILL_AREA_STYLE('',(#21318));
#21318 = FILL_AREA_STYLE_COLOUR('',#18425);
#21319 = STYLED_ITEM('color',(#21320),#16756);
#21320 = PRESENTATION_STYLE_ASSIGNMENT((#21321));
#21321 = SURFACE_STYLE_USAGE(.BOTH.,#21322);
#21322 = SURFACE_SIDE_STYLE('',(#21323));
#21323 = SURFACE_STYLE_FILL_AREA(#21324);
#21324 = FILL_AREA_STYLE('',(#21325));
#21325 = FILL_AREA_STYLE_COLOUR('',#18425);
#21326 = STYLED_ITEM('color',(#21327),#16781);
#21327 = PRESENTATION_STYLE_ASSIGNMENT((#21328));
#21328 = SURFACE_STYLE_USAGE(.BOTH.,#21329);
#21329 = SURFACE_SIDE_STYLE('',(#21330));
#21330 = SURFACE_STYLE_FILL_AREA(#21331);
#21331 = FILL_AREA_STYLE('',(#21332));
#21332 = FILL_AREA_STYLE_COLOUR('',#18425);
#21333 = STYLED_ITEM('color',(#21334),#16828);
#21334 = PRESENTATION_STYLE_ASSIGNMENT((#21335));
#21335 = SURFACE_STYLE_USAGE(.BOTH.,#21336);
#21336 = SURFACE_SIDE_STYLE('',(#21337));
#21337 = SURFACE_STYLE_FILL_AREA(#21338);
#21338 = FILL_AREA_STYLE('',(#21339));
#21339 = FILL_AREA_STYLE_COLOUR('',#18425);
#21340 = STYLED_ITEM('color',(#21341),#16845);
#21341 = PRESENTATION_STYLE_ASSIGNMENT((#21342));
#21342 = SURFACE_STYLE_USAGE(.BOTH.,#21343);
#21343 = SURFACE_SIDE_STYLE('',(#21344));
#21344 = SURFACE_STYLE_FILL_AREA(#21345);
#21345 = FILL_AREA_STYLE('',(#21346));
#21346 = FILL_AREA_STYLE_COLOUR('',#18425);
#21347 = STYLED_ITEM('color',(#21348),#16857);
#21348 = PRESENTATION_STYLE_ASSIGNMENT((#21349));
#21349 = SURFACE_STYLE_USAGE(.BOTH.,#21350);
#21350 = SURFACE_SIDE_STYLE('',(#21351));
#21351 = SURFACE_STYLE_FILL_AREA(#21352);
#21352 = FILL_AREA_STYLE('',(#21353));
#21353 = FILL_AREA_STYLE_COLOUR('',#18425);
#21354 = STYLED_ITEM('color',(#21355),#16879);
#21355 = PRESENTATION_STYLE_ASSIGNMENT((#21356));
#21356 = SURFACE_STYLE_USAGE(.BOTH.,#21357);
#21357 = SURFACE_SIDE_STYLE('',(#21358));
#21358 = SURFACE_STYLE_FILL_AREA(#21359);
#21359 = FILL_AREA_STYLE('',(#21360));
#21360 = FILL_AREA_STYLE_COLOUR('',#18425);
#21361 = STYLED_ITEM('color',(#21362),#16891);
#21362 = PRESENTATION_STYLE_ASSIGNMENT((#21363));
#21363 = SURFACE_STYLE_USAGE(.BOTH.,#21364);
#21364 = SURFACE_SIDE_STYLE('',(#21365));
#21365 = SURFACE_STYLE_FILL_AREA(#21366);
#21366 = FILL_AREA_STYLE('',(#21367));
#21367 = FILL_AREA_STYLE_COLOUR('',#18425);
#21368 = STYLED_ITEM('color',(#21369),#16909);
#21369 = PRESENTATION_STYLE_ASSIGNMENT((#21370));
#21370 = SURFACE_STYLE_USAGE(.BOTH.,#21371);
#21371 = SURFACE_SIDE_STYLE('',(#21372));
#21372 = SURFACE_STYLE_FILL_AREA(#21373);
#21373 = FILL_AREA_STYLE('',(#21374));
#21374 = FILL_AREA_STYLE_COLOUR('',#18425);
#21375 = STYLED_ITEM('color',(#21376),#16927);
#21376 = PRESENTATION_STYLE_ASSIGNMENT((#21377));
#21377 = SURFACE_STYLE_USAGE(.BOTH.,#21378);
#21378 = SURFACE_SIDE_STYLE('',(#21379));
#21379 = SURFACE_STYLE_FILL_AREA(#21380);
#21380 = FILL_AREA_STYLE('',(#21381));
#21381 = FILL_AREA_STYLE_COLOUR('',#21283);
#21382 = MECHANICAL_DESIGN_GEOMETRIC_PRESENTATION_REPRESENTATION('',(
    #21383,#21390,#21397,#21404,#21411,#21418,#21425,#21432,#21439,
    #21446,#21453,#21460,#21467,#21474,#21481,#21488,#21495,#21502,
    #21509,#21516,#21523,#21530,#21537,#21544,#21551,#21558,#21565,
    #21572,#21579,#21586,#21593,#21600,#21607,#21614,#21621,#21628,
    #21635,#21642,#21649,#21656,#21663,#21670,#21677,#21684,#21691,
    #21698,#21705,#21712,#21719,#21726,#21733,#21740,#21747,#21754,
    #21761,#21768,#21775,#21782,#21789,#21796,#21803,#21810,#21817,
    #21824,#21831,#21838,#21845),#9727);
#21383 = STYLED_ITEM('color',(#21384),#7929);
#21384 = PRESENTATION_STYLE_ASSIGNMENT((#21385));
#21385 = SURFACE_STYLE_USAGE(.BOTH.,#21386);
#21386 = SURFACE_SIDE_STYLE('',(#21387));
#21387 = SURFACE_STYLE_FILL_AREA(#21388);
#21388 = FILL_AREA_STYLE('',(#21389));
#21389 = FILL_AREA_STYLE_COLOUR('',#19942);
#21390 = STYLED_ITEM('color',(#21391),#7969);
#21391 = PRESENTATION_STYLE_ASSIGNMENT((#21392));
#21392 = SURFACE_STYLE_USAGE(.BOTH.,#21393);
#21393 = SURFACE_SIDE_STYLE('',(#21394));
#21394 = SURFACE_STYLE_FILL_AREA(#21395);
#21395 = FILL_AREA_STYLE('',(#21396));
#21396 = FILL_AREA_STYLE_COLOUR('',#19942);
#21397 = STYLED_ITEM('color',(#21398),#8002);
#21398 = PRESENTATION_STYLE_ASSIGNMENT((#21399));
#21399 = SURFACE_STYLE_USAGE(.BOTH.,#21400);
#21400 = SURFACE_SIDE_STYLE('',(#21401));
#21401 = SURFACE_STYLE_FILL_AREA(#21402);
#21402 = FILL_AREA_STYLE('',(#21403));
#21403 = FILL_AREA_STYLE_COLOUR('',#19942);
#21404 = STYLED_ITEM('color',(#21405),#8035);
#21405 = PRESENTATION_STYLE_ASSIGNMENT((#21406));
#21406 = SURFACE_STYLE_USAGE(.BOTH.,#21407);
#21407 = SURFACE_SIDE_STYLE('',(#21408));
#21408 = SURFACE_STYLE_FILL_AREA(#21409);
#21409 = FILL_AREA_STYLE('',(#21410));
#21410 = FILL_AREA_STYLE_COLOUR('',#19942);
#21411 = STYLED_ITEM('color',(#21412),#8102);
#21412 = PRESENTATION_STYLE_ASSIGNMENT((#21413));
#21413 = SURFACE_STYLE_USAGE(.BOTH.,#21414);
#21414 = SURFACE_SIDE_STYLE('',(#21415));
#21415 = SURFACE_STYLE_FILL_AREA(#21416);
#21416 = FILL_AREA_STYLE('',(#21417));
#21417 = FILL_AREA_STYLE_COLOUR('',#19942);
#21418 = STYLED_ITEM('color',(#21419),#8169);
#21419 = PRESENTATION_STYLE_ASSIGNMENT((#21420));
#21420 = SURFACE_STYLE_USAGE(.BOTH.,#21421);
#21421 = SURFACE_SIDE_STYLE('',(#21422));
#21422 = SURFACE_STYLE_FILL_AREA(#21423);
#21423 = FILL_AREA_STYLE('',(#21424));
#21424 = FILL_AREA_STYLE_COLOUR('',#19978);
#21425 = STYLED_ITEM('color',(#21426),#8214);
#21426 = PRESENTATION_STYLE_ASSIGNMENT((#21427));
#21427 = SURFACE_STYLE_USAGE(.BOTH.,#21428);
#21428 = SURFACE_SIDE_STYLE('',(#21429));
#21429 = SURFACE_STYLE_FILL_AREA(#21430);
#21430 = FILL_AREA_STYLE('',(#21431));
#21431 = FILL_AREA_STYLE_COLOUR('',#19942);
#21432 = STYLED_ITEM('color',(#21433),#8231);
#21433 = PRESENTATION_STYLE_ASSIGNMENT((#21434));
#21434 = SURFACE_STYLE_USAGE(.BOTH.,#21435);
#21435 = SURFACE_SIDE_STYLE('',(#21436));
#21436 = SURFACE_STYLE_FILL_AREA(#21437);
#21437 = FILL_AREA_STYLE('',(#21438));
#21438 = FILL_AREA_STYLE_COLOUR('',#19978);
#21439 = STYLED_ITEM('color',(#21440),#8254);
#21440 = PRESENTATION_STYLE_ASSIGNMENT((#21441));
#21441 = SURFACE_STYLE_USAGE(.BOTH.,#21442);
#21442 = SURFACE_SIDE_STYLE('',(#21443));
#21443 = SURFACE_STYLE_FILL_AREA(#21444);
#21444 = FILL_AREA_STYLE('',(#21445));
#21445 = FILL_AREA_STYLE_COLOUR('',#19942);
#21446 = STYLED_ITEM('color',(#21447),#8276);
#21447 = PRESENTATION_STYLE_ASSIGNMENT((#21448));
#21448 = SURFACE_STYLE_USAGE(.BOTH.,#21449);
#21449 = SURFACE_SIDE_STYLE('',(#21450));
#21450 = SURFACE_STYLE_FILL_AREA(#21451);
#21451 = FILL_AREA_STYLE('',(#21452));
#21452 = FILL_AREA_STYLE_COLOUR('',#19942);
#21453 = STYLED_ITEM('color',(#21454),#8293);
#21454 = PRESENTATION_STYLE_ASSIGNMENT((#21455));
#21455 = SURFACE_STYLE_USAGE(.BOTH.,#21456);
#21456 = SURFACE_SIDE_STYLE('',(#21457));
#21457 = SURFACE_STYLE_FILL_AREA(#21458);
#21458 = FILL_AREA_STYLE('',(#21459));
#21459 = FILL_AREA_STYLE_COLOUR('',#19942);
#21460 = STYLED_ITEM('color',(#21461),#8310);
#21461 = PRESENTATION_STYLE_ASSIGNMENT((#21462));
#21462 = SURFACE_STYLE_USAGE(.BOTH.,#21463);
#21463 = SURFACE_SIDE_STYLE('',(#21464));
#21464 = SURFACE_STYLE_FILL_AREA(#21465);
#21465 = FILL_AREA_STYLE('',(#21466));
#21466 = FILL_AREA_STYLE_COLOUR('',#19942);
#21467 = STYLED_ITEM('color',(#21468),#8327);
#21468 = PRESENTATION_STYLE_ASSIGNMENT((#21469));
#21469 = SURFACE_STYLE_USAGE(.BOTH.,#21470);
#21470 = SURFACE_SIDE_STYLE('',(#21471));
#21471 = SURFACE_STYLE_FILL_AREA(#21472);
#21472 = FILL_AREA_STYLE('',(#21473));
#21473 = FILL_AREA_STYLE_COLOUR('',#19942);
#21474 = STYLED_ITEM('color',(#21475),#8339);
#21475 = PRESENTATION_STYLE_ASSIGNMENT((#21476));
#21476 = SURFACE_STYLE_USAGE(.BOTH.,#21477);
#21477 = SURFACE_SIDE_STYLE('',(#21478));
#21478 = SURFACE_STYLE_FILL_AREA(#21479);
#21479 = FILL_AREA_STYLE('',(#21480));
#21480 = FILL_AREA_STYLE_COLOUR('',#19978);
#21481 = STYLED_ITEM('color',(#21482),#8362);
#21482 = PRESENTATION_STYLE_ASSIGNMENT((#21483));
#21483 = SURFACE_STYLE_USAGE(.BOTH.,#21484);
#21484 = SURFACE_SIDE_STYLE('',(#21485));
#21485 = SURFACE_STYLE_FILL_AREA(#21486);
#21486 = FILL_AREA_STYLE('',(#21487));
#21487 = FILL_AREA_STYLE_COLOUR('',#19978);
#21488 = STYLED_ITEM('color',(#21489),#8425);
#21489 = PRESENTATION_STYLE_ASSIGNMENT((#21490));
#21490 = SURFACE_STYLE_USAGE(.BOTH.,#21491);
#21491 = SURFACE_SIDE_STYLE('',(#21492));
#21492 = SURFACE_STYLE_FILL_AREA(#21493);
#21493 = FILL_AREA_STYLE('',(#21494));
#21494 = FILL_AREA_STYLE_COLOUR('',#19978);
#21495 = STYLED_ITEM('color',(#21496),#8448);
#21496 = PRESENTATION_STYLE_ASSIGNMENT((#21497));
#21497 = SURFACE_STYLE_USAGE(.BOTH.,#21498);
#21498 = SURFACE_SIDE_STYLE('',(#21499));
#21499 = SURFACE_STYLE_FILL_AREA(#21500);
#21500 = FILL_AREA_STYLE('',(#21501));
#21501 = FILL_AREA_STYLE_COLOUR('',#19978);
#21502 = STYLED_ITEM('color',(#21503),#8471);
#21503 = PRESENTATION_STYLE_ASSIGNMENT((#21504));
#21504 = SURFACE_STYLE_USAGE(.BOTH.,#21505);
#21505 = SURFACE_SIDE_STYLE('',(#21506));
#21506 = SURFACE_STYLE_FILL_AREA(#21507);
#21507 = FILL_AREA_STYLE('',(#21508));
#21508 = FILL_AREA_STYLE_COLOUR('',#19978);
#21509 = STYLED_ITEM('color',(#21510),#8494);
#21510 = PRESENTATION_STYLE_ASSIGNMENT((#21511));
#21511 = SURFACE_STYLE_USAGE(.BOTH.,#21512);
#21512 = SURFACE_SIDE_STYLE('',(#21513));
#21513 = SURFACE_STYLE_FILL_AREA(#21514);
#21514 = FILL_AREA_STYLE('',(#21515));
#21515 = FILL_AREA_STYLE_COLOUR('',#19978);
#21516 = STYLED_ITEM('color',(#21517),#8524);
#21517 = PRESENTATION_STYLE_ASSIGNMENT((#21518));
#21518 = SURFACE_STYLE_USAGE(.BOTH.,#21519);
#21519 = SURFACE_SIDE_STYLE('',(#21520));
#21520 = SURFACE_STYLE_FILL_AREA(#21521);
#21521 = FILL_AREA_STYLE('',(#21522));
#21522 = FILL_AREA_STYLE_COLOUR('',#19942);
#21523 = STYLED_ITEM('color',(#21524),#8548);
#21524 = PRESENTATION_STYLE_ASSIGNMENT((#21525));
#21525 = SURFACE_STYLE_USAGE(.BOTH.,#21526);
#21526 = SURFACE_SIDE_STYLE('',(#21527));
#21527 = SURFACE_STYLE_FILL_AREA(#21528);
#21528 = FILL_AREA_STYLE('',(#21529));
#21529 = FILL_AREA_STYLE_COLOUR('',#19978);
#21530 = STYLED_ITEM('color',(#21531),#8571);
#21531 = PRESENTATION_STYLE_ASSIGNMENT((#21532));
#21532 = SURFACE_STYLE_USAGE(.BOTH.,#21533);
#21533 = SURFACE_SIDE_STYLE('',(#21534));
#21534 = SURFACE_STYLE_FILL_AREA(#21535);
#21535 = FILL_AREA_STYLE('',(#21536));
#21536 = FILL_AREA_STYLE_COLOUR('',#19978);
#21537 = STYLED_ITEM('color',(#21538),#8594);
#21538 = PRESENTATION_STYLE_ASSIGNMENT((#21539));
#21539 = SURFACE_STYLE_USAGE(.BOTH.,#21540);
#21540 = SURFACE_SIDE_STYLE('',(#21541));
#21541 = SURFACE_STYLE_FILL_AREA(#21542);
#21542 = FILL_AREA_STYLE('',(#21543));
#21543 = FILL_AREA_STYLE_COLOUR('',#19978);
#21544 = STYLED_ITEM('color',(#21545),#8639);
#21545 = PRESENTATION_STYLE_ASSIGNMENT((#21546));
#21546 = SURFACE_STYLE_USAGE(.BOTH.,#21547);
#21547 = SURFACE_SIDE_STYLE('',(#21548));
#21548 = SURFACE_STYLE_FILL_AREA(#21549);
#21549 = FILL_AREA_STYLE('',(#21550));
#21550 = FILL_AREA_STYLE_COLOUR('',#19978);
#21551 = STYLED_ITEM('color',(#21552),#8662);
#21552 = PRESENTATION_STYLE_ASSIGNMENT((#21553));
#21553 = SURFACE_STYLE_USAGE(.BOTH.,#21554);
#21554 = SURFACE_SIDE_STYLE('',(#21555));
#21555 = SURFACE_STYLE_FILL_AREA(#21556);
#21556 = FILL_AREA_STYLE('',(#21557));
#21557 = FILL_AREA_STYLE_COLOUR('',#19978);
#21558 = STYLED_ITEM('color',(#21559),#8679);
#21559 = PRESENTATION_STYLE_ASSIGNMENT((#21560));
#21560 = SURFACE_STYLE_USAGE(.BOTH.,#21561);
#21561 = SURFACE_SIDE_STYLE('',(#21562));
#21562 = SURFACE_STYLE_FILL_AREA(#21563);
#21563 = FILL_AREA_STYLE('',(#21564));
#21564 = FILL_AREA_STYLE_COLOUR('',#19978);
#21565 = STYLED_ITEM('color',(#21566),#8702);
#21566 = PRESENTATION_STYLE_ASSIGNMENT((#21567));
#21567 = SURFACE_STYLE_USAGE(.BOTH.,#21568);
#21568 = SURFACE_SIDE_STYLE('',(#21569));
#21569 = SURFACE_STYLE_FILL_AREA(#21570);
#21570 = FILL_AREA_STYLE('',(#21571));
#21571 = FILL_AREA_STYLE_COLOUR('',#19978);
#21572 = STYLED_ITEM('color',(#21573),#8719);
#21573 = PRESENTATION_STYLE_ASSIGNMENT((#21574));
#21574 = SURFACE_STYLE_USAGE(.BOTH.,#21575);
#21575 = SURFACE_SIDE_STYLE('',(#21576));
#21576 = SURFACE_STYLE_FILL_AREA(#21577);
#21577 = FILL_AREA_STYLE('',(#21578));
#21578 = FILL_AREA_STYLE_COLOUR('',#19978);
#21579 = STYLED_ITEM('color',(#21580),#8742);
#21580 = PRESENTATION_STYLE_ASSIGNMENT((#21581));
#21581 = SURFACE_STYLE_USAGE(.BOTH.,#21582);
#21582 = SURFACE_SIDE_STYLE('',(#21583));
#21583 = SURFACE_STYLE_FILL_AREA(#21584);
#21584 = FILL_AREA_STYLE('',(#21585));
#21585 = FILL_AREA_STYLE_COLOUR('',#19978);
#21586 = STYLED_ITEM('color',(#21587),#8765);
#21587 = PRESENTATION_STYLE_ASSIGNMENT((#21588));
#21588 = SURFACE_STYLE_USAGE(.BOTH.,#21589);
#21589 = SURFACE_SIDE_STYLE('',(#21590));
#21590 = SURFACE_STYLE_FILL_AREA(#21591);
#21591 = FILL_AREA_STYLE('',(#21592));
#21592 = FILL_AREA_STYLE_COLOUR('',#19978);
#21593 = STYLED_ITEM('color',(#21594),#8796);
#21594 = PRESENTATION_STYLE_ASSIGNMENT((#21595));
#21595 = SURFACE_STYLE_USAGE(.BOTH.,#21596);
#21596 = SURFACE_SIDE_STYLE('',(#21597));
#21597 = SURFACE_STYLE_FILL_AREA(#21598);
#21598 = FILL_AREA_STYLE('',(#21599));
#21599 = FILL_AREA_STYLE_COLOUR('',#19978);
#21600 = STYLED_ITEM('color',(#21601),#8819);
#21601 = PRESENTATION_STYLE_ASSIGNMENT((#21602));
#21602 = SURFACE_STYLE_USAGE(.BOTH.,#21603);
#21603 = SURFACE_SIDE_STYLE('',(#21604));
#21604 = SURFACE_STYLE_FILL_AREA(#21605);
#21605 = FILL_AREA_STYLE('',(#21606));
#21606 = FILL_AREA_STYLE_COLOUR('',#19978);
#21607 = STYLED_ITEM('color',(#21608),#8842);
#21608 = PRESENTATION_STYLE_ASSIGNMENT((#21609));
#21609 = SURFACE_STYLE_USAGE(.BOTH.,#21610);
#21610 = SURFACE_SIDE_STYLE('',(#21611));
#21611 = SURFACE_STYLE_FILL_AREA(#21612);
#21612 = FILL_AREA_STYLE('',(#21613));
#21613 = FILL_AREA_STYLE_COLOUR('',#19978);
#21614 = STYLED_ITEM('color',(#21615),#8872);
#21615 = PRESENTATION_STYLE_ASSIGNMENT((#21616));
#21616 = SURFACE_STYLE_USAGE(.BOTH.,#21617);
#21617 = SURFACE_SIDE_STYLE('',(#21618));
#21618 = SURFACE_STYLE_FILL_AREA(#21619);
#21619 = FILL_AREA_STYLE('',(#21620));
#21620 = FILL_AREA_STYLE_COLOUR('',#19978);
#21621 = STYLED_ITEM('color',(#21622),#8902);
#21622 = PRESENTATION_STYLE_ASSIGNMENT((#21623));
#21623 = SURFACE_STYLE_USAGE(.BOTH.,#21624);
#21624 = SURFACE_SIDE_STYLE('',(#21625));
#21625 = SURFACE_STYLE_FILL_AREA(#21626);
#21626 = FILL_AREA_STYLE('',(#21627));
#21627 = FILL_AREA_STYLE_COLOUR('',#19942);
#21628 = STYLED_ITEM('color',(#21629),#8935);
#21629 = PRESENTATION_STYLE_ASSIGNMENT((#21630));
#21630 = SURFACE_STYLE_USAGE(.BOTH.,#21631);
#21631 = SURFACE_SIDE_STYLE('',(#21632));
#21632 = SURFACE_STYLE_FILL_AREA(#21633);
#21633 = FILL_AREA_STYLE('',(#21634));
#21634 = FILL_AREA_STYLE_COLOUR('',#19978);
#21635 = STYLED_ITEM('color',(#21636),#8952);
#21636 = PRESENTATION_STYLE_ASSIGNMENT((#21637));
#21637 = SURFACE_STYLE_USAGE(.BOTH.,#21638);
#21638 = SURFACE_SIDE_STYLE('',(#21639));
#21639 = SURFACE_STYLE_FILL_AREA(#21640);
#21640 = FILL_AREA_STYLE('',(#21641));
#21641 = FILL_AREA_STYLE_COLOUR('',#19978);
#21642 = STYLED_ITEM('color',(#21643),#8969);
#21643 = PRESENTATION_STYLE_ASSIGNMENT((#21644));
#21644 = SURFACE_STYLE_USAGE(.BOTH.,#21645);
#21645 = SURFACE_SIDE_STYLE('',(#21646));
#21646 = SURFACE_STYLE_FILL_AREA(#21647);
#21647 = FILL_AREA_STYLE('',(#21648));
#21648 = FILL_AREA_STYLE_COLOUR('',#19978);
#21649 = STYLED_ITEM('color',(#21650),#8992);
#21650 = PRESENTATION_STYLE_ASSIGNMENT((#21651));
#21651 = SURFACE_STYLE_USAGE(.BOTH.,#21652);
#21652 = SURFACE_SIDE_STYLE('',(#21653));
#21653 = SURFACE_STYLE_FILL_AREA(#21654);
#21654 = FILL_AREA_STYLE('',(#21655));
#21655 = FILL_AREA_STYLE_COLOUR('',#19978);
#21656 = STYLED_ITEM('color',(#21657),#9015);
#21657 = PRESENTATION_STYLE_ASSIGNMENT((#21658));
#21658 = SURFACE_STYLE_USAGE(.BOTH.,#21659);
#21659 = SURFACE_SIDE_STYLE('',(#21660));
#21660 = SURFACE_STYLE_FILL_AREA(#21661);
#21661 = FILL_AREA_STYLE('',(#21662));
#21662 = FILL_AREA_STYLE_COLOUR('',#19978);
#21663 = STYLED_ITEM('color',(#21664),#9105);
#21664 = PRESENTATION_STYLE_ASSIGNMENT((#21665));
#21665 = SURFACE_STYLE_USAGE(.BOTH.,#21666);
#21666 = SURFACE_SIDE_STYLE('',(#21667));
#21667 = SURFACE_STYLE_FILL_AREA(#21668);
#21668 = FILL_AREA_STYLE('',(#21669));
#21669 = FILL_AREA_STYLE_COLOUR('',#19978);
#21670 = STYLED_ITEM('color',(#21671),#9121);
#21671 = PRESENTATION_STYLE_ASSIGNMENT((#21672));
#21672 = SURFACE_STYLE_USAGE(.BOTH.,#21673);
#21673 = SURFACE_SIDE_STYLE('',(#21674));
#21674 = SURFACE_STYLE_FILL_AREA(#21675);
#21675 = FILL_AREA_STYLE('',(#21676));
#21676 = FILL_AREA_STYLE_COLOUR('',#19978);
#21677 = STYLED_ITEM('color',(#21678),#9144);
#21678 = PRESENTATION_STYLE_ASSIGNMENT((#21679));
#21679 = SURFACE_STYLE_USAGE(.BOTH.,#21680);
#21680 = SURFACE_SIDE_STYLE('',(#21681));
#21681 = SURFACE_STYLE_FILL_AREA(#21682);
#21682 = FILL_AREA_STYLE('',(#21683));
#21683 = FILL_AREA_STYLE_COLOUR('',#19978);
#21684 = STYLED_ITEM('color',(#21685),#9174);
#21685 = PRESENTATION_STYLE_ASSIGNMENT((#21686));
#21686 = SURFACE_STYLE_USAGE(.BOTH.,#21687);
#21687 = SURFACE_SIDE_STYLE('',(#21688));
#21688 = SURFACE_STYLE_FILL_AREA(#21689);
#21689 = FILL_AREA_STYLE('',(#21690));
#21690 = FILL_AREA_STYLE_COLOUR('',#19942);
#21691 = STYLED_ITEM('color',(#21692),#9249);
#21692 = PRESENTATION_STYLE_ASSIGNMENT((#21693));
#21693 = SURFACE_STYLE_USAGE(.BOTH.,#21694);
#21694 = SURFACE_SIDE_STYLE('',(#21695));
#21695 = SURFACE_STYLE_FILL_AREA(#21696);
#21696 = FILL_AREA_STYLE('',(#21697));
#21697 = FILL_AREA_STYLE_COLOUR('',#19942);
#21698 = STYLED_ITEM('color',(#21699),#9324);
#21699 = PRESENTATION_STYLE_ASSIGNMENT((#21700));
#21700 = SURFACE_STYLE_USAGE(.BOTH.,#21701);
#21701 = SURFACE_SIDE_STYLE('',(#21702));
#21702 = SURFACE_STYLE_FILL_AREA(#21703);
#21703 = FILL_AREA_STYLE('',(#21704));
#21704 = FILL_AREA_STYLE_COLOUR('',#19978);
#21705 = STYLED_ITEM('color',(#21706),#9354);
#21706 = PRESENTATION_STYLE_ASSIGNMENT((#21707));
#21707 = SURFACE_STYLE_USAGE(.BOTH.,#21708);
#21708 = SURFACE_SIDE_STYLE('',(#21709));
#21709 = SURFACE_STYLE_FILL_AREA(#21710);
#21710 = FILL_AREA_STYLE('',(#21711));
#21711 = FILL_AREA_STYLE_COLOUR('',#19942);
#21712 = STYLED_ITEM('color',(#21713),#9371);
#21713 = PRESENTATION_STYLE_ASSIGNMENT((#21714));
#21714 = SURFACE_STYLE_USAGE(.BOTH.,#21715);
#21715 = SURFACE_SIDE_STYLE('',(#21716));
#21716 = SURFACE_STYLE_FILL_AREA(#21717);
#21717 = FILL_AREA_STYLE('',(#21718));
#21718 = FILL_AREA_STYLE_COLOUR('',#19978);
#21719 = STYLED_ITEM('color',(#21720),#9388);
#21720 = PRESENTATION_STYLE_ASSIGNMENT((#21721));
#21721 = SURFACE_STYLE_USAGE(.BOTH.,#21722);
#21722 = SURFACE_SIDE_STYLE('',(#21723));
#21723 = SURFACE_STYLE_FILL_AREA(#21724);
#21724 = FILL_AREA_STYLE('',(#21725));
#21725 = FILL_AREA_STYLE_COLOUR('',#19978);
#21726 = STYLED_ITEM('color',(#21727),#9405);
#21727 = PRESENTATION_STYLE_ASSIGNMENT((#21728));
#21728 = SURFACE_STYLE_USAGE(.BOTH.,#21729);
#21729 = SURFACE_SIDE_STYLE('',(#21730));
#21730 = SURFACE_STYLE_FILL_AREA(#21731);
#21731 = FILL_AREA_STYLE('',(#21732));
#21732 = FILL_AREA_STYLE_COLOUR('',#19978);
#21733 = STYLED_ITEM('color',(#21734),#9421);
#21734 = PRESENTATION_STYLE_ASSIGNMENT((#21735));
#21735 = SURFACE_STYLE_USAGE(.BOTH.,#21736);
#21736 = SURFACE_SIDE_STYLE('',(#21737));
#21737 = SURFACE_STYLE_FILL_AREA(#21738);
#21738 = FILL_AREA_STYLE('',(#21739));
#21739 = FILL_AREA_STYLE_COLOUR('',#19978);
#21740 = STYLED_ITEM('color',(#21741),#9448);
#21741 = PRESENTATION_STYLE_ASSIGNMENT((#21742));
#21742 = SURFACE_STYLE_USAGE(.BOTH.,#21743);
#21743 = SURFACE_SIDE_STYLE('',(#21744));
#21744 = SURFACE_STYLE_FILL_AREA(#21745);
#21745 = FILL_AREA_STYLE('',(#21746));
#21746 = FILL_AREA_STYLE_COLOUR('',#19978);
#21747 = STYLED_ITEM('color',(#21748),#9464);
#21748 = PRESENTATION_STYLE_ASSIGNMENT((#21749));
#21749 = SURFACE_STYLE_USAGE(.BOTH.,#21750);
#21750 = SURFACE_SIDE_STYLE('',(#21751));
#21751 = SURFACE_STYLE_FILL_AREA(#21752);
#21752 = FILL_AREA_STYLE('',(#21753));
#21753 = FILL_AREA_STYLE_COLOUR('',#19978);
#21754 = STYLED_ITEM('color',(#21755),#9476);
#21755 = PRESENTATION_STYLE_ASSIGNMENT((#21756));
#21756 = SURFACE_STYLE_USAGE(.BOTH.,#21757);
#21757 = SURFACE_SIDE_STYLE('',(#21758));
#21758 = SURFACE_STYLE_FILL_AREA(#21759);
#21759 = FILL_AREA_STYLE('',(#21760));
#21760 = FILL_AREA_STYLE_COLOUR('',#19978);
#21761 = STYLED_ITEM('color',(#21762),#9488);
#21762 = PRESENTATION_STYLE_ASSIGNMENT((#21763));
#21763 = SURFACE_STYLE_USAGE(.BOTH.,#21764);
#21764 = SURFACE_SIDE_STYLE('',(#21765));
#21765 = SURFACE_STYLE_FILL_AREA(#21766);
#21766 = FILL_AREA_STYLE('',(#21767));
#21767 = FILL_AREA_STYLE_COLOUR('',#20630);
#21768 = STYLED_ITEM('color',(#21769),#9519);
#21769 = PRESENTATION_STYLE_ASSIGNMENT((#21770));
#21770 = SURFACE_STYLE_USAGE(.BOTH.,#21771);
#21771 = SURFACE_SIDE_STYLE('',(#21772));
#21772 = SURFACE_STYLE_FILL_AREA(#21773);
#21773 = FILL_AREA_STYLE('',(#21774));
#21774 = FILL_AREA_STYLE_COLOUR('',#20630);
#21775 = STYLED_ITEM('color',(#21776),#9543);
#21776 = PRESENTATION_STYLE_ASSIGNMENT((#21777));
#21777 = SURFACE_STYLE_USAGE(.BOTH.,#21778);
#21778 = SURFACE_SIDE_STYLE('',(#21779));
#21779 = SURFACE_STYLE_FILL_AREA(#21780);
#21780 = FILL_AREA_STYLE('',(#21781));
#21781 = FILL_AREA_STYLE_COLOUR('',#20630);
#21782 = STYLED_ITEM('color',(#21783),#9567);
#21783 = PRESENTATION_STYLE_ASSIGNMENT((#21784));
#21784 = SURFACE_STYLE_USAGE(.BOTH.,#21785);
#21785 = SURFACE_SIDE_STYLE('',(#21786));
#21786 = SURFACE_STYLE_FILL_AREA(#21787);
#21787 = FILL_AREA_STYLE('',(#21788));
#21788 = FILL_AREA_STYLE_COLOUR('',#20630);
#21789 = STYLED_ITEM('color',(#21790),#9584);
#21790 = PRESENTATION_STYLE_ASSIGNMENT((#21791));
#21791 = SURFACE_STYLE_USAGE(.BOTH.,#21792);
#21792 = SURFACE_SIDE_STYLE('',(#21793));
#21793 = SURFACE_STYLE_FILL_AREA(#21794);
#21794 = FILL_AREA_STYLE('',(#21795));
#21795 = FILL_AREA_STYLE_COLOUR('',#19942);
#21796 = STYLED_ITEM('color',(#21797),#9601);
#21797 = PRESENTATION_STYLE_ASSIGNMENT((#21798));
#21798 = SURFACE_STYLE_USAGE(.BOTH.,#21799);
#21799 = SURFACE_SIDE_STYLE('',(#21800));
#21800 = SURFACE_STYLE_FILL_AREA(#21801);
#21801 = FILL_AREA_STYLE('',(#21802));
#21802 = FILL_AREA_STYLE_COLOUR('',#19942);
#21803 = STYLED_ITEM('color',(#21804),#9618);
#21804 = PRESENTATION_STYLE_ASSIGNMENT((#21805));
#21805 = SURFACE_STYLE_USAGE(.BOTH.,#21806);
#21806 = SURFACE_SIDE_STYLE('',(#21807));
#21807 = SURFACE_STYLE_FILL_AREA(#21808);
#21808 = FILL_AREA_STYLE('',(#21809));
#21809 = FILL_AREA_STYLE_COLOUR('',#19942);
#21810 = STYLED_ITEM('color',(#21811),#9635);
#21811 = PRESENTATION_STYLE_ASSIGNMENT((#21812));
#21812 = SURFACE_STYLE_USAGE(.BOTH.,#21813);
#21813 = SURFACE_SIDE_STYLE('',(#21814));
#21814 = SURFACE_STYLE_FILL_AREA(#21815);
#21815 = FILL_AREA_STYLE('',(#21816));
#21816 = FILL_AREA_STYLE_COLOUR('',#19942);
#21817 = STYLED_ITEM('color',(#21818),#9652);
#21818 = PRESENTATION_STYLE_ASSIGNMENT((#21819));
#21819 = SURFACE_STYLE_USAGE(.BOTH.,#21820);
#21820 = SURFACE_SIDE_STYLE('',(#21821));
#21821 = SURFACE_STYLE_FILL_AREA(#21822);
#21822 = FILL_AREA_STYLE('',(#21823));
#21823 = FILL_AREA_STYLE_COLOUR('',#19942);
#21824 = STYLED_ITEM('color',(#21825),#9669);
#21825 = PRESENTATION_STYLE_ASSIGNMENT((#21826));
#21826 = SURFACE_STYLE_USAGE(.BOTH.,#21827);
#21827 = SURFACE_SIDE_STYLE('',(#21828));
#21828 = SURFACE_STYLE_FILL_AREA(#21829);
#21829 = FILL_AREA_STYLE('',(#21830));
#21830 = FILL_AREA_STYLE_COLOUR('',#19942);
#21831 = STYLED_ITEM('color',(#21832),#9686);
#21832 = PRESENTATION_STYLE_ASSIGNMENT((#21833));
#21833 = SURFACE_STYLE_USAGE(.BOTH.,#21834);
#21834 = SURFACE_SIDE_STYLE('',(#21835));
#21835 = SURFACE_STYLE_FILL_AREA(#21836);
#21836 = FILL_AREA_STYLE('',(#21837));
#21837 = FILL_AREA_STYLE_COLOUR('',#19942);
#21838 = STYLED_ITEM('color',(#21839),#9703);
#21839 = PRESENTATION_STYLE_ASSIGNMENT((#21840));
#21840 = SURFACE_STYLE_USAGE(.BOTH.,#21841);
#21841 = SURFACE_SIDE_STYLE('',(#21842));
#21842 = SURFACE_STYLE_FILL_AREA(#21843);
#21843 = FILL_AREA_STYLE('',(#21844));
#21844 = FILL_AREA_STYLE_COLOUR('',#19942);
#21845 = STYLED_ITEM('color',(#21846),#9715);
#21846 = PRESENTATION_STYLE_ASSIGNMENT((#21847));
#21847 = SURFACE_STYLE_USAGE(.BOTH.,#21848);
#21848 = SURFACE_SIDE_STYLE('',(#21849));
#21849 = SURFACE_STYLE_FILL_AREA(#21850);
#21850 = FILL_AREA_STYLE('',(#21851));
#21851 = FILL_AREA_STYLE_COLOUR('',#20630);
ENDSEC;
END-ISO-10303-21;
